ISO-10303-21;
HEADER;

/* File generated by Shapr3D Version 26.123.0.11423 */

FILE_DESCRIPTION(('HOOPS Exchange Step'),'2;1');

FILE_NAME('/Users/koichiro.amito/Library/Containers/com.shapr3d.shapr/Data/tmp/export/temp_export',
'2026-08-02T22:35:51+09:00',
('koichiro.amito'),
('Shapr3D Limited'),
'HOOPS Exchange 2026.3',
'Shapr3D',
'Authorized');

FILE_SCHEMA( ('AP242_MANAGED_MODEL_BASED_3D_ENGINEERING_MIM_LF {1 0 10303 442 1 1 4}') );

ENDSEC;

DATA;
#3=(NAMED_UNIT(*)PLANE_ANGLE_UNIT()SI_UNIT($,.RADIAN.));
#4=PLANE_ANGLE_MEASURE_WITH_UNIT(PLANE_ANGLE_MEASURE(0.0174532925),#3);
#5=(CONVERSION_BASED_UNIT('DEGREE',#4)NAMED_UNIT(#6)PLANE_ANGLE_UNIT());
#6=DIMENSIONAL_EXPONENTS(0.,0.,0.,0.,0.,0.,0.);
#7=(NAMED_UNIT(*)SI_UNIT($,.STERADIAN.)SOLID_ANGLE_UNIT());
#8=(LENGTH_UNIT()NAMED_UNIT(*)SI_UNIT(.MILLI.,.METRE.));
#9=UNCERTAINTY_MEASURE_WITH_UNIT(LENGTH_MEASURE(1.000000E-05),#8,'DISTANCE_ACCURACY_VALUE','Maximum Tolerance applied to model');
#10=(GEOMETRIC_REPRESENTATION_CONTEXT(3)GLOBAL_UNCERTAINTY_ASSIGNED_CONTEXT((#9))GLOBAL_UNIT_ASSIGNED_CONTEXT((#8,#5,#7))REPRESENTATION_CONTEXT('','root'));
#12=CARTESIAN_POINT('',(0.,0.,0.));
#13=DIRECTION('',(0.,0.,1.));
#14=DIRECTION('',(1.,0.,0.));
#15=AXIS2_PLACEMENT_3D('TS3D_PRODUCT_CSYS',#12,#13,#14);
#27=CARTESIAN_POINT('',(-0.406273815,-27.369622823,13.));
#28=DIRECTION('',(0.,0.,-1.));
#29=DIRECTION('',(-1.,0.,0.));
#30=AXIS2_PLACEMENT_3D('',#27,#28,#29);
#31=PLANE('',#30);
#32=CARTESIAN_POINT('',(12.944486373,-8.8,13.));
#33=VERTEX_POINT('',#32);
#34=CARTESIAN_POINT('',(10.,-7.1,13.));
#35=VERTEX_POINT('',#34);
#36=CARTESIAN_POINT('',(12.944486373,-8.8,13.));
#37=DIRECTION('',(-0.866025404,0.5,0.));
#38=VECTOR('',#37,3.4);
#39=LINE('',#36,#38);
#40=EDGE_CURVE('',#33,#35,#39,.T.);
#41=ORIENTED_EDGE('',*,*,#40,.F.);
#42=CARTESIAN_POINT('',(12.944486373,-12.2,13.));
#43=VERTEX_POINT('',#42);
#44=CARTESIAN_POINT('',(12.944486373,-12.2,13.));
#45=DIRECTION('',(0.,1.,0.));
#46=VECTOR('',#45,3.4);
#47=LINE('',#44,#46);
#48=EDGE_CURVE('',#43,#33,#47,.T.);
#49=ORIENTED_EDGE('',*,*,#48,.F.);
#50=CARTESIAN_POINT('',(10.,-13.9,13.));
#51=VERTEX_POINT('',#50);
#52=CARTESIAN_POINT('',(10.,-13.9,13.));
#53=DIRECTION('',(0.866025404,0.5,0.));
#54=VECTOR('',#53,3.4);
#55=LINE('',#52,#54);
#56=EDGE_CURVE('',#51,#43,#55,.T.);
#57=ORIENTED_EDGE('',*,*,#56,.F.);
#58=CARTESIAN_POINT('',(7.055513627,-12.2,13.));
#59=VERTEX_POINT('',#58);
#60=CARTESIAN_POINT('',(7.055513627,-12.2,13.));
#61=DIRECTION('',(0.866025404,-0.5,0.));
#62=VECTOR('',#61,3.4);
#63=LINE('',#60,#62);
#64=EDGE_CURVE('',#59,#51,#63,.T.);
#65=ORIENTED_EDGE('',*,*,#64,.F.);
#66=CARTESIAN_POINT('',(7.055513627,-8.8,13.));
#67=VERTEX_POINT('',#66);
#68=CARTESIAN_POINT('',(7.055513627,-8.8,13.));
#69=DIRECTION('',(0.,-1.,0.));
#70=VECTOR('',#69,3.4);
#71=LINE('',#68,#70);
#72=EDGE_CURVE('',#67,#59,#71,.T.);
#73=ORIENTED_EDGE('',*,*,#72,.F.);
#74=CARTESIAN_POINT('',(10.,-7.1,13.));
#75=DIRECTION('',(-0.866025404,-0.5,0.));
#76=VECTOR('',#75,3.4);
#77=LINE('',#74,#76);
#78=EDGE_CURVE('',#35,#67,#77,.T.);
#79=ORIENTED_EDGE('',*,*,#78,.F.);
#80=EDGE_LOOP('',(#41,#49,#57,#65,#73,#79));
#81=FACE_BOUND('',#80,.T.);
#82=CARTESIAN_POINT('',(-6.987343274,5.820035003,13.));
#83=VERTEX_POINT('',#82);
#84=CARTESIAN_POINT('',(-6.987343274,-12.179964997,13.));
#85=VERTEX_POINT('',#84);
#86=CARTESIAN_POINT('',(-6.987343274,5.820035003,13.));
#87=DIRECTION('',(0.,-1.,0.));
#88=VECTOR('',#87,18.);
#89=LINE('',#86,#88);
#90=EDGE_CURVE('',#83,#85,#89,.T.);
#91=ORIENTED_EDGE('',*,*,#90,.F.);
#92=CARTESIAN_POINT('',(6.012656726,5.820035003,13.));
#93=VERTEX_POINT('',#92);
#94=CARTESIAN_POINT('',(6.012656726,5.820035003,13.));
#95=DIRECTION('',(-1.,0.,0.));
#96=VECTOR('',#95,13.);
#97=LINE('',#94,#96);
#98=EDGE_CURVE('',#93,#83,#97,.T.);
#99=ORIENTED_EDGE('',*,*,#98,.F.);
#100=CARTESIAN_POINT('',(6.012656726,-12.179964997,13.));
#101=VERTEX_POINT('',#100);
#102=CARTESIAN_POINT('',(6.012656726,-12.179964997,13.));
#103=DIRECTION('',(0.,1.,0.));
#104=VECTOR('',#103,18.);
#105=LINE('',#102,#104);
#106=EDGE_CURVE('',#101,#93,#105,.T.);
#107=ORIENTED_EDGE('',*,*,#106,.F.);
#108=CARTESIAN_POINT('',(-6.987343274,-12.179964997,13.));
#109=DIRECTION('',(1.,0.,-0.));
#110=VECTOR('',#109,13.);
#111=LINE('',#108,#110);
#112=EDGE_CURVE('',#85,#101,#111,.T.);
#113=ORIENTED_EDGE('',*,*,#112,.F.);
#114=EDGE_LOOP('',(#91,#99,#107,#113));
#115=FACE_BOUND('',#114,.T.);
#116=CARTESIAN_POINT('',(7.274128858,-17.50109027,13.));
#117=VERTEX_POINT('',#116);
#118=CARTESIAN_POINT('',(-8.090866706,-17.500328378,13.));
#119=VERTEX_POINT('',#118);
#120=CARTESIAN_POINT('',(7.274128858,-17.50109027,13.));
#121=DIRECTION('',(-0.999999999,0.000049586,0.));
#122=VECTOR('',#121,15.364995583);
#123=LINE('',#120,#122);
#124=EDGE_CURVE('',#117,#119,#123,.T.);
#125=ORIENTED_EDGE('',*,*,#124,.F.);
#126=CARTESIAN_POINT('',(11.831706984,-15.66804073,13.));
#127=VERTEX_POINT('',#126);
#128=CARTESIAN_POINT('',(5.093726185,-5.497513962,13.));
#129=DIRECTION('',(0.,0.,-1.));
#130=DIRECTION('',(-1.,0.,0.));
#131=AXIS2_PLACEMENT_3D('',#128,#129,#130);
#132=CIRCLE('',#131,12.2);
#133=EDGE_CURVE('',#127,#117,#132,.T.);
#134=ORIENTED_EDGE('',*,*,#133,.F.);
#135=CARTESIAN_POINT('',(17.293726185,-5.497513962,13.));
#136=VERTEX_POINT('',#135);
#137=CARTESIAN_POINT('',(5.093726185,-5.497513962,13.));
#138=DIRECTION('',(0.,0.,-1.));
#139=DIRECTION('',(-1.,0.,0.));
#140=AXIS2_PLACEMENT_3D('',#137,#138,#139);
#141=CIRCLE('',#140,12.2);
#142=EDGE_CURVE('',#136,#127,#141,.T.);
#143=ORIENTED_EDGE('',*,*,#142,.F.);
#144=CARTESIAN_POINT('',(17.293726185,5.502486038,13.));
#145=VERTEX_POINT('',#144);
#146=CARTESIAN_POINT('',(17.293726185,5.502486038,13.));
#147=DIRECTION('',(0.,-1.,0.));
#148=VECTOR('',#147,11.);
#149=LINE('',#146,#148);
#150=EDGE_CURVE('',#145,#136,#149,.T.);
#151=ORIENTED_EDGE('',*,*,#150,.F.);
#152=CARTESIAN_POINT('',(11.84098618,15.666859238,13.));
#153=VERTEX_POINT('',#152);
#154=CARTESIAN_POINT('',(5.093726185,5.502486038,13.));
#155=DIRECTION('',(0.,0.,-1.));
#156=DIRECTION('',(-1.,0.,0.));
#157=AXIS2_PLACEMENT_3D('',#154,#155,#156);
#158=CIRCLE('',#157,12.2);
#159=EDGE_CURVE('',#153,#145,#158,.T.);
#160=ORIENTED_EDGE('',*,*,#159,.F.);
#161=CARTESIAN_POINT('',(7.307716002,17.499912808,13.));
#162=VERTEX_POINT('',#161);
#163=CARTESIAN_POINT('',(5.093726185,5.502486038,13.));
#164=DIRECTION('',(0.,0.,-1.));
#165=DIRECTION('',(-1.,0.,0.));
#166=AXIS2_PLACEMENT_3D('',#163,#164,#165);
#167=CIRCLE('',#166,12.2);
#168=EDGE_CURVE('',#162,#153,#167,.T.);
#169=ORIENTED_EDGE('',*,*,#168,.F.);
#170=CARTESIAN_POINT('',(-8.126256863,17.498805277,13.));
#171=VERTEX_POINT('',#170);
#172=CARTESIAN_POINT('',(-8.126256863,17.498805277,13.));
#173=DIRECTION('',(0.999999997,0.000071759,-0.));
#174=VECTOR('',#173,15.433972905);
#175=LINE('',#172,#174);
#176=EDGE_CURVE('',#171,#162,#175,.T.);
#177=ORIENTED_EDGE('',*,*,#176,.F.);
#178=CARTESIAN_POINT('',(-12.656201051,15.665088181,13.));
#179=VERTEX_POINT('',#178);
#180=CARTESIAN_POINT('',(-5.906273815,5.502486038,13.));
#181=DIRECTION('',(0.,0.,-1.));
#182=DIRECTION('',(-1.,0.,0.));
#183=AXIS2_PLACEMENT_3D('',#180,#181,#182);
#184=CIRCLE('',#183,12.2);
#185=EDGE_CURVE('',#179,#171,#184,.T.);
#186=ORIENTED_EDGE('',*,*,#185,.F.);
#187=CARTESIAN_POINT('',(-18.106273815,5.502486038,13.));
#188=VERTEX_POINT('',#187);
#189=CARTESIAN_POINT('',(-5.906273815,5.502486038,13.));
#190=DIRECTION('',(0.,0.,-1.));
#191=DIRECTION('',(-1.,0.,0.));
#192=AXIS2_PLACEMENT_3D('',#189,#190,#191);
#193=CIRCLE('',#192,12.2);
#194=EDGE_CURVE('',#188,#179,#193,.T.);
#195=ORIENTED_EDGE('',*,*,#194,.F.);
#196=CARTESIAN_POINT('',(-18.106273815,-5.497513962,13.));
#197=VERTEX_POINT('',#196);
#198=CARTESIAN_POINT('',(-18.106273815,-5.497513962,13.));
#199=DIRECTION('',(0.,1.,0.));
#200=VECTOR('',#199,11.);
#201=LINE('',#198,#200);
#202=EDGE_CURVE('',#197,#188,#201,.T.);
#203=ORIENTED_EDGE('',*,*,#202,.F.);
#204=CARTESIAN_POINT('',(-12.646100065,-15.666817877,13.));
#205=VERTEX_POINT('',#204);
#206=CARTESIAN_POINT('',(-5.906273815,-5.497513962,13.));
#207=DIRECTION('',(0.,0.,-1.));
#208=DIRECTION('',(-1.,0.,0.));
#209=AXIS2_PLACEMENT_3D('',#206,#207,#208);
#210=CIRCLE('',#209,12.2);
#211=EDGE_CURVE('',#205,#197,#210,.T.);
#212=ORIENTED_EDGE('',*,*,#211,.F.);
#213=CARTESIAN_POINT('',(-5.906273815,-5.497513962,13.));
#214=DIRECTION('',(0.,0.,-1.));
#215=DIRECTION('',(-1.,0.,0.));
#216=AXIS2_PLACEMENT_3D('',#213,#214,#215);
#217=CIRCLE('',#216,12.2);
#218=EDGE_CURVE('',#119,#205,#217,.T.);
#219=ORIENTED_EDGE('',*,*,#218,.F.);
#220=EDGE_LOOP('',(#125,#134,#143,#151,#160,#169,#177,#186,#195,#203,#212,#219));
#221=FACE_BOUND('',#220,.T.);
#222=CARTESIAN_POINT('',(-8.055513627,12.2,13.));
#223=VERTEX_POINT('',#222);
#224=CARTESIAN_POINT('',(-11.,13.9,13.));
#225=VERTEX_POINT('',#224);
#226=CARTESIAN_POINT('',(-8.055513627,12.2,13.));
#227=DIRECTION('',(-0.866025404,0.5,0.));
#228=VECTOR('',#227,3.4);
#229=LINE('',#226,#228);
#230=EDGE_CURVE('',#223,#225,#229,.T.);
#231=ORIENTED_EDGE('',*,*,#230,.F.);
#232=CARTESIAN_POINT('',(-8.055513627,8.8,13.));
#233=VERTEX_POINT('',#232);
#234=CARTESIAN_POINT('',(-8.055513627,8.8,13.));
#235=DIRECTION('',(-0.,1.,0.));
#236=VECTOR('',#235,3.4);
#237=LINE('',#234,#236);
#238=EDGE_CURVE('',#233,#223,#237,.T.);
#239=ORIENTED_EDGE('',*,*,#238,.F.);
#240=CARTESIAN_POINT('',(-11.,7.1,13.));
#241=VERTEX_POINT('',#240);
#242=CARTESIAN_POINT('',(-11.,7.1,13.));
#243=DIRECTION('',(0.866025404,0.5,0.));
#244=VECTOR('',#243,3.4);
#245=LINE('',#242,#244);
#246=EDGE_CURVE('',#241,#233,#245,.T.);
#247=ORIENTED_EDGE('',*,*,#246,.F.);
#248=CARTESIAN_POINT('',(-13.944486373,8.8,13.));
#249=VERTEX_POINT('',#248);
#250=CARTESIAN_POINT('',(-13.944486373,8.8,13.));
#251=DIRECTION('',(0.866025404,-0.5,0.));
#252=VECTOR('',#251,3.4);
#253=LINE('',#250,#252);
#254=EDGE_CURVE('',#249,#241,#253,.T.);
#255=ORIENTED_EDGE('',*,*,#254,.F.);
#256=CARTESIAN_POINT('',(-13.944486373,12.2,13.));
#257=VERTEX_POINT('',#256);
#258=CARTESIAN_POINT('',(-13.944486373,12.2,13.));
#259=DIRECTION('',(0.,-1.,0.));
#260=VECTOR('',#259,3.4);
#261=LINE('',#258,#260);
#262=EDGE_CURVE('',#257,#249,#261,.T.);
#263=ORIENTED_EDGE('',*,*,#262,.F.);
#264=CARTESIAN_POINT('',(-11.,13.9,13.));
#265=DIRECTION('',(-0.866025404,-0.5,0.));
#266=VECTOR('',#265,3.4);
#267=LINE('',#264,#266);
#268=EDGE_CURVE('',#225,#257,#267,.T.);
#269=ORIENTED_EDGE('',*,*,#268,.F.);
#270=EDGE_LOOP('',(#231,#239,#247,#255,#263,#269));
#271=FACE_BOUND('',#270,.T.);
#272=ADVANCED_FACE('',(#81,#115,#221,#271),#31,.F.);
#273=CARTESIAN_POINT('',(-0.500634104,-24.100704757,15.));
#274=DIRECTION('',(0.,0.,-1.));
#275=DIRECTION('',(-1.,0.,0.));
#276=AXIS2_PLACEMENT_3D('',#273,#274,#275);
#277=PLANE('',#276);
#278=CARTESIAN_POINT('',(-66.349810517,-4.595749534,15.));
#279=VERTEX_POINT('',#278);
#280=CARTESIAN_POINT('',(-62.749810517,-4.595749534,15.));
#281=VERTEX_POINT('',#280);
#282=CARTESIAN_POINT('',(-66.349810517,-4.595749534,15.));
#283=DIRECTION('',(1.,0.,-0.));
#284=VECTOR('',#283,3.6);
#285=LINE('',#282,#284);
#286=EDGE_CURVE('',#279,#281,#285,.T.);
#287=ORIENTED_EDGE('',*,*,#286,.T.);
#288=CARTESIAN_POINT('',(-62.749810517,-6.795749534,15.));
#289=VERTEX_POINT('',#288);
#290=CARTESIAN_POINT('',(-62.749810517,-4.595749534,15.));
#291=DIRECTION('',(0.,-1.,0.));
#292=VECTOR('',#291,2.2);
#293=LINE('',#290,#292);
#294=EDGE_CURVE('',#281,#289,#293,.T.);
#295=ORIENTED_EDGE('',*,*,#294,.T.);
#296=CARTESIAN_POINT('',(-66.349810517,-6.795749534,15.));
#297=VERTEX_POINT('',#296);
#298=CARTESIAN_POINT('',(-62.749810517,-6.795749534,15.));
#299=DIRECTION('',(-1.,0.,0.));
#300=VECTOR('',#299,3.6);
#301=LINE('',#298,#300);
#302=EDGE_CURVE('',#289,#297,#301,.T.);
#303=ORIENTED_EDGE('',*,*,#302,.T.);
#304=CARTESIAN_POINT('',(-66.349810517,-6.795749534,15.));
#305=DIRECTION('',(0.,1.,0.));
#306=VECTOR('',#305,2.2);
#307=LINE('',#304,#306);
#308=EDGE_CURVE('',#297,#279,#307,.T.);
#309=ORIENTED_EDGE('',*,*,#308,.T.);
#310=EDGE_LOOP('',(#287,#295,#303,#309));
#311=FACE_BOUND('',#310,.T.);
#312=CARTESIAN_POINT('',(-22.538857,-8.051249,15.));
#313=VERTEX_POINT('',#312);
#314=CARTESIAN_POINT('',(-22.538857,8.048751,15.));
#315=VERTEX_POINT('',#314);
#316=CARTESIAN_POINT('',(-22.538857,-8.051249,15.));
#317=DIRECTION('',(0.,1.,0.));
#318=VECTOR('',#317,16.1);
#319=LINE('',#316,#318);
#320=EDGE_CURVE('',#313,#315,#319,.T.);
#321=ORIENTED_EDGE('',*,*,#320,.F.);
#322=CARTESIAN_POINT('',(-24.538857,-10.051249,15.));
#323=VERTEX_POINT('',#322);
#324=CARTESIAN_POINT('',(-24.538857,-8.051249,15.));
#325=DIRECTION('',(-0.,-0.,-1.));
#326=DIRECTION('',(1.,0.,-0.));
#327=AXIS2_PLACEMENT_3D('',#324,#325,#326);
#328=CIRCLE('',#327,2.);
#329=EDGE_CURVE('',#313,#323,#328,.T.);
#330=ORIENTED_EDGE('',*,*,#329,.T.);
#331=CARTESIAN_POINT('',(-40.638857,-10.051249,15.));
#332=VERTEX_POINT('',#331);
#333=CARTESIAN_POINT('',(-40.638857,-10.051249,15.));
#334=DIRECTION('',(1.,0.,-0.));
#335=VECTOR('',#334,16.1);
#336=LINE('',#333,#335);
#337=EDGE_CURVE('',#332,#323,#336,.T.);
#338=ORIENTED_EDGE('',*,*,#337,.F.);
#339=CARTESIAN_POINT('',(-42.638857,-8.051249,15.));
#340=VERTEX_POINT('',#339);
#341=CARTESIAN_POINT('',(-40.638857,-8.051249,15.));
#342=DIRECTION('',(-0.,-0.,-1.));
#343=DIRECTION('',(1.,0.,-0.));
#344=AXIS2_PLACEMENT_3D('',#341,#342,#343);
#345=CIRCLE('',#344,2.);
#346=EDGE_CURVE('',#332,#340,#345,.T.);
#347=ORIENTED_EDGE('',*,*,#346,.T.);
#348=CARTESIAN_POINT('',(-42.638857,8.048751,15.));
#349=VERTEX_POINT('',#348);
#350=CARTESIAN_POINT('',(-42.638857,8.048751,15.));
#351=DIRECTION('',(0.,-1.,0.));
#352=VECTOR('',#351,16.1);
#353=LINE('',#350,#352);
#354=EDGE_CURVE('',#349,#340,#353,.T.);
#355=ORIENTED_EDGE('',*,*,#354,.F.);
#356=CARTESIAN_POINT('',(-40.638857,10.048751,15.));
#357=VERTEX_POINT('',#356);
#358=CARTESIAN_POINT('',(-40.638857,8.048751,15.));
#359=DIRECTION('',(-0.,-0.,-1.));
#360=DIRECTION('',(1.,0.,-0.));
#361=AXIS2_PLACEMENT_3D('',#358,#359,#360);
#362=CIRCLE('',#361,2.);
#363=EDGE_CURVE('',#349,#357,#362,.T.);
#364=ORIENTED_EDGE('',*,*,#363,.T.);
#365=CARTESIAN_POINT('',(-24.538857,10.048751,15.));
#366=VERTEX_POINT('',#365);
#367=CARTESIAN_POINT('',(-24.538857,10.048751,15.));
#368=DIRECTION('',(-1.,0.,0.));
#369=VECTOR('',#368,16.1);
#370=LINE('',#367,#369);
#371=EDGE_CURVE('',#366,#357,#370,.T.);
#372=ORIENTED_EDGE('',*,*,#371,.F.);
#373=CARTESIAN_POINT('',(-24.538857,8.048751,15.));
#374=DIRECTION('',(-0.,-0.,-1.));
#375=DIRECTION('',(1.,0.,-0.));
#376=AXIS2_PLACEMENT_3D('',#373,#374,#375);
#377=CIRCLE('',#376,2.);
#378=EDGE_CURVE('',#366,#315,#377,.T.);
#379=ORIENTED_EDGE('',*,*,#378,.T.);
#380=EDGE_LOOP('',(#321,#330,#338,#347,#355,#364,#372,#379));
#381=FACE_BOUND('',#380,.T.);
#382=CARTESIAN_POINT('',(-62.851471863,5.7,15.));
#383=VERTEX_POINT('',#382);
#384=CARTESIAN_POINT('',(-63.7,5.7,15.));
#385=DIRECTION('',(0.,0.,1.));
#386=DIRECTION('',(1.,0.,-0.));
#387=AXIS2_PLACEMENT_3D('',#384,#385,#386);
#388=CIRCLE('',#387,0.848528137);
#389=EDGE_CURVE('',#383,#383,#388,.T.);
#390=ORIENTED_EDGE('',*,*,#389,.F.);
#391=EDGE_LOOP('',(#390));
#392=FACE_BOUND('',#391,.T.);
#393=CARTESIAN_POINT('',(-62.598768376,-15.497625535,15.));
#394=VERTEX_POINT('',#393);
#395=CARTESIAN_POINT('',(-12.891147876,-15.500090347,15.));
#396=VERTEX_POINT('',#395);
#397=CARTESIAN_POINT('',(-62.598768376,-15.497625535,15.));
#398=DIRECTION('',(0.999999999,-0.000049586,0.));
#399=VECTOR('',#398,49.707620561);
#400=LINE('',#397,#399);
#401=EDGE_CURVE('',#394,#396,#400,.T.);
#402=ORIENTED_EDGE('',*,*,#401,.T.);
#403=CARTESIAN_POINT('',(-18.106273815,-5.497513962,15.));
#404=VERTEX_POINT('',#403);
#405=CARTESIAN_POINT('',(-5.906273815,-5.497513962,15.));
#406=DIRECTION('',(0.,0.,-1.));
#407=DIRECTION('',(-1.,0.,0.));
#408=AXIS2_PLACEMENT_3D('',#405,#406,#407);
#409=CIRCLE('',#408,12.2);
#410=EDGE_CURVE('',#396,#404,#409,.T.);
#411=ORIENTED_EDGE('',*,*,#410,.T.);
#412=CARTESIAN_POINT('',(-18.106273815,5.502486038,15.));
#413=VERTEX_POINT('',#412);
#414=CARTESIAN_POINT('',(-18.106273815,-5.497513962,15.));
#415=DIRECTION('',(0.,1.,0.));
#416=VECTOR('',#415,11.);
#417=LINE('',#414,#416);
#418=EDGE_CURVE('',#404,#413,#417,.T.);
#419=ORIENTED_EDGE('',*,*,#418,.T.);
#420=CARTESIAN_POINT('',(-12.900589451,15.498462669,15.));
#421=VERTEX_POINT('',#420);
#422=CARTESIAN_POINT('',(-5.906273815,5.502486038,15.));
#423=DIRECTION('',(0.,0.,-1.));
#424=DIRECTION('',(-1.,0.,0.));
#425=AXIS2_PLACEMENT_3D('',#422,#423,#424);
#426=CIRCLE('',#425,12.2);
#427=EDGE_CURVE('',#413,#421,#426,.T.);
#428=ORIENTED_EDGE('',*,*,#427,.T.);
#429=CARTESIAN_POINT('',(-62.597993237,15.494896417,15.));
#430=VERTEX_POINT('',#429);
#431=CARTESIAN_POINT('',(-12.900589451,15.498462669,15.));
#432=DIRECTION('',(-0.999999997,-0.000071759,-0.));
#433=VECTOR('',#432,49.697403914);
#434=LINE('',#431,#433);
#435=EDGE_CURVE('',#421,#430,#434,.T.);
#436=ORIENTED_EDGE('',*,*,#435,.T.);
#437=CARTESIAN_POINT('',(-65.369588077,14.699254185,15.));
#438=VERTEX_POINT('',#437);
#439=CARTESIAN_POINT('',(-63.869588077,14.699254185,15.));
#440=DIRECTION('',(-0.,-0.,-1.));
#441=DIRECTION('',(1.,0.,-0.));
#442=AXIS2_PLACEMENT_3D('',#439,#440,#441);
#443=CIRCLE('',#442,1.5);
#444=EDGE_CURVE('',#430,#438,#443,.T.);
#445=ORIENTED_EDGE('',*,*,#444,.T.);
#446=CARTESIAN_POINT('',(-65.359400581,14.873778406,15.));
#447=VERTEX_POINT('',#446);
#448=CARTESIAN_POINT('',(-63.869588077,14.699254185,15.));
#449=DIRECTION('',(-0.,-0.,-1.));
#450=DIRECTION('',(1.,0.,-0.));
#451=AXIS2_PLACEMENT_3D('',#448,#449,#450);
#452=CIRCLE('',#451,1.5);
#453=EDGE_CURVE('',#438,#447,#452,.T.);
#454=ORIENTED_EDGE('',*,*,#453,.T.);
#455=CARTESIAN_POINT('',(-66.531669286,12.494668659,15.));
#456=VERTEX_POINT('',#455);
#457=CARTESIAN_POINT('',(-63.53166929,12.49482941,15.));
#458=DIRECTION('',(-0.,-0.,1.));
#459=DIRECTION('',(-1.,0.,0.));
#460=AXIS2_PLACEMENT_3D('',#457,#458,#459);
#461=CIRCLE('',#460,3.);
#462=EDGE_CURVE('',#447,#456,#461,.T.);
#463=ORIENTED_EDGE('',*,*,#462,.T.);
#464=CARTESIAN_POINT('',(-66.530330106,-12.497740089,15.));
#465=VERTEX_POINT('',#464);
#466=CARTESIAN_POINT('',(-66.531669286,12.494668659,15.));
#467=DIRECTION('',(0.000053583,-0.999999999,-0.));
#468=VECTOR('',#467,24.992408784);
#469=LINE('',#466,#468);
#470=EDGE_CURVE('',#456,#465,#469,.T.);
#471=ORIENTED_EDGE('',*,*,#470,.T.);
#472=CARTESIAN_POINT('',(-65.359371098,-14.87552153,15.));
#473=VERTEX_POINT('',#472);
#474=CARTESIAN_POINT('',(-63.53033011,-12.497579338,15.));
#475=DIRECTION('',(-0.,-0.,1.));
#476=DIRECTION('',(-1.,0.,0.));
#477=AXIS2_PLACEMENT_3D('',#474,#475,#476);
#478=CIRCLE('',#477,3.);
#479=EDGE_CURVE('',#465,#473,#478,.T.);
#480=ORIENTED_EDGE('',*,*,#479,.T.);
#481=CARTESIAN_POINT('',(-65.369588077,-14.700745815,15.));
#482=VERTEX_POINT('',#481);
#483=CARTESIAN_POINT('',(-63.869588077,-14.700745815,15.));
#484=DIRECTION('',(-0.,-0.,-1.));
#485=DIRECTION('',(1.,0.,-0.));
#486=AXIS2_PLACEMENT_3D('',#483,#484,#485);
#487=CIRCLE('',#486,1.5);
#488=EDGE_CURVE('',#473,#482,#487,.T.);
#489=ORIENTED_EDGE('',*,*,#488,.T.);
#490=CARTESIAN_POINT('',(-63.869588077,-14.700745815,15.));
#491=DIRECTION('',(-0.,-0.,-1.));
#492=DIRECTION('',(1.,0.,-0.));
#493=AXIS2_PLACEMENT_3D('',#490,#491,#492);
#494=CIRCLE('',#493,1.5);
#495=EDGE_CURVE('',#482,#394,#494,.T.);
#496=ORIENTED_EDGE('',*,*,#495,.T.);
#497=EDGE_LOOP('',(#402,#411,#419,#428,#436,#445,#454,#463,#471,#480,#489,#496));
#498=FACE_BOUND('',#497,.T.);
#499=ADVANCED_FACE('',(#311,#381,#392,#498),#277,.F.);
#500=CARTESIAN_POINT('',(-6.987343274,-3.179964997,11.));
#501=DIRECTION('',(1.,0.,0.));
#502=DIRECTION('',(0.,0.,-1.));
#503=AXIS2_PLACEMENT_3D('',#500,#501,#502);
#504=PLANE('',#503);
#505=CARTESIAN_POINT('',(-6.987343274,5.820035003,8.8));
#506=VERTEX_POINT('',#505);
#507=CARTESIAN_POINT('',(-6.987343274,5.820035003,13.));
#508=DIRECTION('',(0.,0.,-1.));
#509=VECTOR('',#508,4.2);
#510=LINE('',#507,#509);
#511=EDGE_CURVE('',#83,#506,#510,.T.);
#512=ORIENTED_EDGE('',*,*,#511,.F.);
#513=ORIENTED_EDGE('',*,*,#90,.T.);
#514=CARTESIAN_POINT('',(-6.987343274,-12.179964997,8.8));
#515=VERTEX_POINT('',#514);
#516=CARTESIAN_POINT('',(-6.987343274,-12.179964997,13.));
#517=DIRECTION('',(0.,0.,-1.));
#518=VECTOR('',#517,4.2);
#519=LINE('',#516,#518);
#520=EDGE_CURVE('',#85,#515,#519,.T.);
#521=ORIENTED_EDGE('',*,*,#520,.T.);
#522=CARTESIAN_POINT('',(-6.987343274,5.820035003,8.8));
#523=DIRECTION('',(0.,-1.,0.));
#524=VECTOR('',#523,18.);
#525=LINE('',#522,#524);
#526=EDGE_CURVE('',#506,#515,#525,.T.);
#527=ORIENTED_EDGE('',*,*,#526,.F.);
#528=EDGE_LOOP('',(#512,#513,#521,#527));
#529=FACE_BOUND('',#528,.T.);
#530=ADVANCED_FACE('',(#529),#504,.T.);
#531=CARTESIAN_POINT('',(-0.487343274,5.820035003,11.));
#532=DIRECTION('',(0.,-1.,0.));
#533=DIRECTION('',(0.,0.,-1.));
#534=AXIS2_PLACEMENT_3D('',#531,#532,#533);
#535=PLANE('',#534);
#536=CARTESIAN_POINT('',(6.012656726,5.820035003,8.8));
#537=VERTEX_POINT('',#536);
#538=CARTESIAN_POINT('',(6.012656726,5.820035003,13.));
#539=DIRECTION('',(0.,0.,-1.));
#540=VECTOR('',#539,4.2);
#541=LINE('',#538,#540);
#542=EDGE_CURVE('',#93,#537,#541,.T.);
#543=ORIENTED_EDGE('',*,*,#542,.F.);
#544=ORIENTED_EDGE('',*,*,#98,.T.);
#545=ORIENTED_EDGE('',*,*,#511,.T.);
#546=CARTESIAN_POINT('',(6.012656726,5.820035003,8.8));
#547=DIRECTION('',(-1.,0.,0.));
#548=VECTOR('',#547,13.);
#549=LINE('',#546,#548);
#550=EDGE_CURVE('',#537,#506,#549,.T.);
#551=ORIENTED_EDGE('',*,*,#550,.F.);
#552=EDGE_LOOP('',(#543,#544,#545,#551));
#553=FACE_BOUND('',#552,.T.);
#554=ADVANCED_FACE('',(#553),#535,.T.);
#555=CARTESIAN_POINT('',(6.012656726,-3.179964997,11.));
#556=DIRECTION('',(-1.,0.,0.));
#557=DIRECTION('',(0.,0.,1.));
#558=AXIS2_PLACEMENT_3D('',#555,#556,#557);
#559=PLANE('',#558);
#560=CARTESIAN_POINT('',(6.012656726,-12.179964997,8.8));
#561=VERTEX_POINT('',#560);
#562=CARTESIAN_POINT('',(6.012656726,-12.179964997,13.));
#563=DIRECTION('',(0.,0.,-1.));
#564=VECTOR('',#563,4.2);
#565=LINE('',#562,#564);
#566=EDGE_CURVE('',#101,#561,#565,.T.);
#567=ORIENTED_EDGE('',*,*,#566,.F.);
#568=ORIENTED_EDGE('',*,*,#106,.T.);
#569=ORIENTED_EDGE('',*,*,#542,.T.);
#570=CARTESIAN_POINT('',(6.012656726,-12.179964997,8.8));
#571=DIRECTION('',(0.,1.,0.));
#572=VECTOR('',#571,18.);
#573=LINE('',#570,#572);
#574=EDGE_CURVE('',#561,#537,#573,.T.);
#575=ORIENTED_EDGE('',*,*,#574,.F.);
#576=EDGE_LOOP('',(#567,#568,#569,#575));
#577=FACE_BOUND('',#576,.T.);
#578=ADVANCED_FACE('',(#577),#559,.T.);
#579=CARTESIAN_POINT('',(-0.487343274,-12.179964997,11.));
#580=DIRECTION('',(0.,1.,0.));
#581=DIRECTION('',(0.,0.,1.));
#582=AXIS2_PLACEMENT_3D('',#579,#580,#581);
#583=PLANE('',#582);
#584=ORIENTED_EDGE('',*,*,#520,.F.);
#585=ORIENTED_EDGE('',*,*,#112,.T.);
#586=ORIENTED_EDGE('',*,*,#566,.T.);
#587=CARTESIAN_POINT('',(-6.987343274,-12.179964997,8.8));
#588=DIRECTION('',(1.,0.,-0.));
#589=VECTOR('',#588,13.);
#590=LINE('',#587,#589);
#591=EDGE_CURVE('',#515,#561,#590,.T.);
#592=ORIENTED_EDGE('',*,*,#591,.F.);
#593=EDGE_LOOP('',(#584,#585,#586,#592));
#594=FACE_BOUND('',#593,.T.);
#595=ADVANCED_FACE('',(#594),#583,.T.);
#596=CARTESIAN_POINT('',(-65.474622278,15.494689992,13.));
#597=DIRECTION('',(-0.999999997,-0.000071759,0.));
#598=DIRECTION('',(0.000071759,-0.999999997,0.));
#599=AXIS2_PLACEMENT_3D('',#596,#597,#598);
#600=CYLINDRICAL_SURFACE('',#599,2.);
#601=CARTESIAN_POINT('',(11.84098618,15.666859238,14.993047265));
#602=VERTEX_POINT('',#601);
#603=CARTESIAN_POINT('',(11.84098618,15.666859238,14.993047265));
#604=CARTESIAN_POINT('',(11.650712805,15.793165535,14.982487086));
#605=CARTESIAN_POINT('',(11.455539801,15.914909128,14.960127351));
#606=CARTESIAN_POINT('',(11.260254703,16.029305407,14.92874148));
#607=CARTESIAN_POINT('',(11.064969606,16.143701687,14.897355609));
#608=CARTESIAN_POINT('',(10.868760474,16.251356118,14.856956301));
#609=CARTESIAN_POINT('',(10.671455162,16.352782783,14.809150207));
#610=CARTESIAN_POINT('',(10.276844539,16.555636113,14.71353802));
#611=CARTESIAN_POINT('',(9.877736014,16.733703773,14.58896037));
#612=CARTESIAN_POINT('',(9.474135017,16.888970064,14.439080192));
#613=CARTESIAN_POINT('',(9.272334518,16.966603209,14.364140103));
#614=CARTESIAN_POINT('',(9.069681215,17.038370856,14.282798506));
#615=CARTESIAN_POINT('',(8.868278328,17.103897854,14.19481848));
#616=CARTESIAN_POINT('',(8.666875442,17.169424852,14.106838454));
#617=CARTESIAN_POINT('',(8.463968257,17.229543424,14.011256599));
#618=CARTESIAN_POINT('',(8.265120904,17.283074119,13.905859121));
#619=CARTESIAN_POINT('',(8.165697228,17.309839467,13.853160382));
#620=CARTESIAN_POINT('',(8.066998132,17.335048452,13.797809994));
#621=CARTESIAN_POINT('',(7.970418834,17.358481965,13.738848736));
#622=CARTESIAN_POINT('',(7.873839535,17.381915477,13.679887479));
#623=CARTESIAN_POINT('',(7.779182861,17.403617275,13.61742823));
#624=CARTESIAN_POINT('',(7.688566393,17.423341892,13.548202233));
#625=CARTESIAN_POINT('',(7.597949925,17.44306651,13.478976236));
#626=CARTESIAN_POINT('',(7.510277668,17.460985726,13.402998277));
#627=CARTESIAN_POINT('',(7.437926273,17.475151821,13.313795718));
#628=CARTESIAN_POINT('',(7.401750576,17.482234868,13.269194439));
#629=CARTESIAN_POINT('',(7.369856646,17.488303461,13.221681951));
#630=CARTESIAN_POINT('',(7.346002312,17.492784293,13.168742976));
#631=CARTESIAN_POINT('',(7.322147977,17.497265126,13.115804002));
#632=CARTESIAN_POINT('',(7.307716052,17.499912799,13.058073148));
#633=CARTESIAN_POINT('',(7.307716002,17.499912808,13.));
#634=B_SPLINE_CURVE_WITH_KNOTS('',3,(#603,#604,#605,#606,#607,#608,#609,#610,#611,#612,#613,#614,#615,#616,#617,#618,#619,#620,#621,#622,#623,#624,#625,#626,#627,#628,
#629,#630,#631,#632,#633),.UNSPECIFIED.,.F.,.F.,(4,3,3,3,3,3,3,3,3,3,4),(0.016133665,0.016827436,0.017521208,0.01890875,0.019602522,0.020296293,0.020643179,0.020990064,0.02133695,0.021510393,0.021683836),.UNSPECIFIED.);
#635=EDGE_CURVE('',#602,#162,#634,.T.);
#636=ORIENTED_EDGE('',*,*,#635,.F.);
#637=CARTESIAN_POINT('',(12.085478666,15.500255652,15.));
#638=VERTEX_POINT('',#637);
#639=CARTESIAN_POINT('',(11.84098618,15.666859238,14.993047265));
#640=CARTESIAN_POINT('',(11.923113232,15.612342097,14.997605455));
#641=CARTESIAN_POINT('',(12.004609965,15.55680966,15.));
#642=CARTESIAN_POINT('',(12.085478666,15.500255652,15.));
#643=B_SPLINE_CURVE_WITH_KNOTS('',3,(#639,#640,#641,#642),.UNSPECIFIED.,.F.,.F.,(4,4),(0.,0.000295942),.UNSPECIFIED.);
#644=EDGE_CURVE('',#602,#638,#643,.T.);
#645=ORIENTED_EDGE('',*,*,#644,.T.);
#646=CARTESIAN_POINT('',(60.664394572,15.503741641,15.));
#647=VERTEX_POINT('',#646);
#648=CARTESIAN_POINT('',(60.664394572,15.503741641,15.));
#649=DIRECTION('',(-0.999999997,-0.000071759,-0.));
#650=VECTOR('',#649,48.578916031);
#651=LINE('',#648,#650);
#652=EDGE_CURVE('',#647,#638,#651,.T.);
#653=ORIENTED_EDGE('',*,*,#652,.F.);
#654=CARTESIAN_POINT('',(61.476578238,16.128951701,14.899785582));
#655=VERTEX_POINT('',#654);
#656=CARTESIAN_POINT('',(61.476578238,16.128951701,14.899785582));
#657=CARTESIAN_POINT('',(61.30859708,16.075628878,14.917328257));
#658=CARTESIAN_POINT('',(61.154815389,15.995107102,14.941771821));
#659=CARTESIAN_POINT('',(61.015753126,15.888118889,14.962720947));
#660=CARTESIAN_POINT('',(60.876690863,15.781130677,14.983670072));
#661=CARTESIAN_POINT('',(60.759520554,15.65344086,15.));
#662=CARTESIAN_POINT('',(60.664394572,15.503741641,15.));
#663=B_SPLINE_CURVE_WITH_KNOTS('',3,(#656,#657,#658,#659,#660,#661,#662),.UNSPECIFIED.,.F.,.F.,(4,3,4),(0.,0.000523783,0.001047565),.UNSPECIFIED.);
#664=EDGE_CURVE('',#655,#647,#663,.T.);
#665=ORIENTED_EDGE('',*,*,#664,.F.);
#666=CARTESIAN_POINT('',(61.47647958,17.503799921,13.));
#667=VERTEX_POINT('',#666);
#668=CARTESIAN_POINT('',(61.476623099,15.503799926,13.));
#669=DIRECTION('',(-0.999999997,-0.000071759,0.));
#670=DIRECTION('',(0.000071759,-0.999999997,0.));
#671=AXIS2_PLACEMENT_3D('',#668,#669,#670);
#672=CIRCLE('',#671,2.);
#673=EDGE_CURVE('',#655,#667,#672,.T.);
#674=ORIENTED_EDGE('',*,*,#673,.T.);
#675=CARTESIAN_POINT('',(7.307716002,17.499912808,13.));
#676=DIRECTION('',(0.999999997,0.000071759,0.));
#677=VECTOR('',#676,54.168763718);
#678=LINE('',#675,#677);
#679=EDGE_CURVE('',#162,#667,#678,.T.);
#680=ORIENTED_EDGE('',*,*,#679,.F.);
#681=EDGE_LOOP('',(#636,#645,#653,#665,#674,#680));
#682=FACE_BOUND('',#681,.T.);
#683=ADVANCED_FACE('',(#682),#600,.T.);
#684=CARTESIAN_POINT('',(-0.500207662,-15.500704767,13.));
#685=DIRECTION('',(-0.999999999,0.000049586,0.));
#686=DIRECTION('',(-0.000049586,-0.999999999,0.));
#687=AXIS2_PLACEMENT_3D('',#684,#685,#686);
#688=CYLINDRICAL_SURFACE('',#687,2.);
#689=CARTESIAN_POINT('',(-12.646100065,-15.666817877,14.993039383));
#690=VERTEX_POINT('',#689);
#691=CARTESIAN_POINT('',(-12.646100065,-15.666817877,14.993039383));
#692=CARTESIAN_POINT('',(-12.454224794,-15.793985488,14.982402804));
#693=CARTESIAN_POINT('',(-12.259424431,-15.915223501,14.960027444));
#694=CARTESIAN_POINT('',(-12.064116534,-16.029416594,14.928693117));
#695=CARTESIAN_POINT('',(-11.868808637,-16.143609687,14.89735879));
#696=CARTESIAN_POINT('',(-11.672186378,-16.251295558,14.856982701));
#697=CARTESIAN_POINT('',(-11.474113139,-16.35288891,14.809103218));
#698=CARTESIAN_POINT('',(-11.2760399,-16.454482261,14.761223735));
#699=CARTESIAN_POINT('',(-11.07651947,-16.549980167,14.705817674));
#700=CARTESIAN_POINT('',(-10.875500143,-16.63963179,14.643676697));
#701=CARTESIAN_POINT('',(-10.674480816,-16.729283413,14.58153572));
#702=CARTESIAN_POINT('',(-10.471407031,-16.813289124,14.512450948));
#703=CARTESIAN_POINT('',(-10.268495095,-16.890978119,14.437286665));
#704=CARTESIAN_POINT('',(-10.065583158,-16.968667115,14.362122382));
#705=CARTESIAN_POINT('',(-9.862863612,-17.040066273,14.280992003));
#706=CARTESIAN_POINT('',(-9.66076525,-17.105433416,14.193058216));
#707=CARTESIAN_POINT('',(-9.458666889,-17.170800559,14.10512443));
#708=CARTESIAN_POINT('',(-9.255317357,-17.230657994,14.009793478));
#709=CARTESIAN_POINT('',(-9.055539439,-17.28403703,13.904551157));
#710=CARTESIAN_POINT('',(-8.955650479,-17.310726547,13.851929996));
#711=CARTESIAN_POINT('',(-8.856456338,-17.335858818,13.796679026));
#712=CARTESIAN_POINT('',(-8.759306264,-17.35922572,13.737819381));
#713=CARTESIAN_POINT('',(-8.66215619,-17.382592623,13.678959736));
#714=CARTESIAN_POINT('',(-8.566928515,-17.404218848,13.616647179));
#715=CARTESIAN_POINT('',(-8.475735265,-17.423865787,13.547659033));
#716=CARTESIAN_POINT('',(-8.384542015,-17.443512726,13.478670887));
#717=CARTESIAN_POINT('',(-8.296275418,-17.461353839,13.403100038));
#718=CARTESIAN_POINT('',(-8.222987206,-17.475528783,13.313938652));
#719=CARTESIAN_POINT('',(-8.186343101,-17.482616255,13.269357959));
#720=CARTESIAN_POINT('',(-8.154052612,-17.488681324,13.221909359));
#721=CARTESIAN_POINT('',(-8.129886734,-17.493160905,13.169147291));
#722=CARTESIAN_POINT('',(-8.105720855,-17.497640486,13.116385223));
#723=CARTESIAN_POINT('',(-8.090866736,-17.500328372,13.058457416));
#724=CARTESIAN_POINT('',(-8.090866706,-17.500328378,13.));
#725=B_SPLINE_CURVE_WITH_KNOTS('',3,(#691,#692,#693,#694,#695,#696,#697,#698,#699,#700,#701,#702,#703,#704,#705,#706,#707,#708,#709,#710,#711,#712,#713,#714,#715,#716,
#717,#718,#719,#720,#721,#722,#723,#724),.UNSPECIFIED.,.F.,.F.,(4,3,3,3,3,3,3,3,3,3,3,4),(0.016074461,0.01677045,0.017466439,0.018162428,0.018858416,0.019554405,0.020250394,0.020598388,0.020946383,0.021294377,0.021468374,0.021642371),.UNSPECIFIED.);
#726=EDGE_CURVE('',#690,#119,#725,.T.);
#727=ORIENTED_EDGE('',*,*,#726,.F.);
#728=CARTESIAN_POINT('',(-12.646100065,-15.666817877,14.993039383));
#729=CARTESIAN_POINT('',(-12.728413894,-15.612263415,14.997602458));
#730=CARTESIAN_POINT('',(-12.810095729,-15.556689669,15.));
#731=CARTESIAN_POINT('',(-12.891147876,-15.500090347,15.));
#732=B_SPLINE_CURVE_WITH_KNOTS('',3,(#728,#729,#730,#731),.UNSPECIFIED.,.F.,.F.,(4,4),(0.,0.000296471),.UNSPECIFIED.);
#733=EDGE_CURVE('',#690,#396,#732,.T.);
#734=ORIENTED_EDGE('',*,*,#733,.T.);
#735=ORIENTED_EDGE('',*,*,#401,.F.);
#736=CARTESIAN_POINT('',(-63.530511811,-16.161919072,14.886439162));
#737=VERTEX_POINT('',#736);
#738=CARTESIAN_POINT('',(-63.530511811,-16.161919072,14.886439162));
#739=CARTESIAN_POINT('',(-63.434169489,-16.13956211,14.894314206));
#740=CARTESIAN_POINT('',(-63.341932081,-16.108226044,14.904955438));
#741=CARTESIAN_POINT('',(-63.253425119,-16.068350732,14.916829595));
#742=CARTESIAN_POINT('',(-63.164918157,-16.02847542,14.928703751));
#743=CARTESIAN_POINT('',(-63.079310007,-15.979414214,14.941961546));
#744=CARTESIAN_POINT('',(-62.999766437,-15.922797497,14.954280403));
#745=CARTESIAN_POINT('',(-62.920222867,-15.866180781,14.96659926));
#746=CARTESIAN_POINT('',(-62.846957354,-15.802457757,14.97792251));
#747=CARTESIAN_POINT('',(-62.779827945,-15.731484799,14.986279347));
#748=CARTESIAN_POINT('',(-62.712698535,-15.660511842,14.994636185));
#749=CARTESIAN_POINT('',(-62.651503406,-15.581724444,15.));
#750=CARTESIAN_POINT('',(-62.598768376,-15.497625535,15.));
#751=B_SPLINE_CURVE_WITH_KNOTS('',3,(#738,#739,#740,#741,#742,#743,#744,#745,#746,#747,#748,#749,#750),.UNSPECIFIED.,.F.,.F.,(4,3,3,3,4),(0.,0.000293284,0.000586568,0.000879852,0.001173136),.UNSPECIFIED.);
#752=EDGE_CURVE('',#737,#394,#751,.T.);
#753=ORIENTED_EDGE('',*,*,#752,.F.);
#754=CARTESIAN_POINT('',(-63.530578041,-17.497579332,13.));
#755=VERTEX_POINT('',#754);
#756=CARTESIAN_POINT('',(-63.530478869,-15.497579335,13.));
#757=DIRECTION('',(-0.999999999,0.000049586,0.));
#758=DIRECTION('',(-0.000049586,-0.999999999,0.));
#759=AXIS2_PLACEMENT_3D('',#756,#757,#758);
#760=CIRCLE('',#759,2.);
#761=EDGE_CURVE('',#755,#737,#760,.T.);
#762=ORIENTED_EDGE('',*,*,#761,.F.);
#763=CARTESIAN_POINT('',(-8.090866706,-17.500328378,13.));
#764=DIRECTION('',(-0.999999999,0.000049586,-0.));
#765=VECTOR('',#764,55.439711404);
#766=LINE('',#763,#765);
#767=EDGE_CURVE('',#119,#755,#766,.T.);
#768=ORIENTED_EDGE('',*,*,#767,.F.);
#769=EDGE_LOOP('',(#727,#734,#735,#753,#762,#768));
#770=FACE_BOUND('',#769,.T.);
#771=ADVANCED_FACE('',(#770),#688,.T.);
#772=CARTESIAN_POINT('',(-68.5303837,-11.497593232,9.4));
#773=DIRECTION('',(-0.999999999,-0.000053583,0.));
#774=DIRECTION('',(-0.000053583,0.999999999,0.));
#775=AXIS2_PLACEMENT_3D('',#772,#773,#774);
#776=PLANE('',#775);
#777=CARTESIAN_POINT('',(-68.530330103,-12.497847256,9.4));
#778=VERTEX_POINT('',#777);
#779=CARTESIAN_POINT('',(-68.530330103,-12.497847256,13.));
#780=VERTEX_POINT('',#779);
#781=CARTESIAN_POINT('',(-68.530330103,-12.497847256,9.4));
#782=DIRECTION('',(0.,0.,1.));
#783=VECTOR('',#782,3.6);
#784=LINE('',#781,#783);
#785=EDGE_CURVE('',#778,#780,#784,.T.);
#786=ORIENTED_EDGE('',*,*,#785,.T.);
#787=CARTESIAN_POINT('',(-68.530747054,-4.716515139,13.));
#788=VERTEX_POINT('',#787);
#789=CARTESIAN_POINT('',(-68.530330103,-12.497847256,13.));
#790=DIRECTION('',(-0.000053583,0.999999999,0.));
#791=VECTOR('',#790,7.781332128);
#792=LINE('',#789,#791);
#793=EDGE_CURVE('',#780,#788,#792,.T.);
#794=ORIENTED_EDGE('',*,*,#793,.T.);
#795=CARTESIAN_POINT('',(-68.53074258,-4.8,12.6));
#796=VERTEX_POINT('',#795);
#797=CARTESIAN_POINT('',(-68.530796164,-3.8,12.6));
#798=DIRECTION('',(0.999999999,0.000053583,-0.));
#799=DIRECTION('',(-0.000053583,0.999999999,0.));
#800=AXIS2_PLACEMENT_3D('',#797,#798,#799);
#801=ELLIPSE('',#800,1.000000001,1.);
#802=EDGE_CURVE('',#788,#796,#801,.T.);
#803=ORIENTED_EDGE('',*,*,#802,.T.);
#804=CARTESIAN_POINT('',(-68.53074258,-4.8,9.4));
#805=VERTEX_POINT('',#804);
#806=CARTESIAN_POINT('',(-68.53074258,-4.8,12.6));
#807=DIRECTION('',(0.,0.,-1.));
#808=VECTOR('',#807,3.2);
#809=LINE('',#806,#808);
#810=EDGE_CURVE('',#796,#805,#809,.T.);
#811=ORIENTED_EDGE('',*,*,#810,.T.);
#812=CARTESIAN_POINT('',(-68.53074258,-4.8,9.4));
#813=DIRECTION('',(0.000053583,-0.999999999,0.));
#814=VECTOR('',#813,7.697847267);
#815=LINE('',#812,#814);
#816=EDGE_CURVE('',#805,#778,#815,.T.);
#817=ORIENTED_EDGE('',*,*,#816,.T.);
#818=EDGE_LOOP('',(#786,#794,#803,#811,#817));
#819=FACE_BOUND('',#818,.T.);
#820=ADVANCED_FACE('',(#819),#776,.T.);
#821=CARTESIAN_POINT('',(-0.500634104,-24.100704757,15.));
#822=DIRECTION('',(0.,0.,-1.));
#823=DIRECTION('',(-1.,0.,0.));
#824=AXIS2_PLACEMENT_3D('',#821,#822,#823);
#825=PLANE('',#824);
#826=ORIENTED_EDGE('',*,*,#652,.T.);
#827=CARTESIAN_POINT('',(17.293726185,5.502486038,15.));
#828=VERTEX_POINT('',#827);
#829=CARTESIAN_POINT('',(5.093726185,5.502486038,15.));
#830=DIRECTION('',(0.,0.,-1.));
#831=DIRECTION('',(-1.,0.,0.));
#832=AXIS2_PLACEMENT_3D('',#829,#830,#831);
#833=CIRCLE('',#832,12.2);
#834=EDGE_CURVE('',#638,#828,#833,.T.);
#835=ORIENTED_EDGE('',*,*,#834,.T.);
#836=CARTESIAN_POINT('',(17.293726185,-5.497513962,15.));
#837=VERTEX_POINT('',#836);
#838=CARTESIAN_POINT('',(17.293726185,5.502486038,15.));
#839=DIRECTION('',(0.,-1.,0.));
#840=VECTOR('',#839,11.);
#841=LINE('',#838,#840);
#842=EDGE_CURVE('',#828,#837,#841,.T.);
#843=ORIENTED_EDGE('',*,*,#842,.T.);
#844=CARTESIAN_POINT('',(12.076826956,-15.501328415,15.));
#845=VERTEX_POINT('',#844);
#846=CARTESIAN_POINT('',(5.093726185,-5.497513962,15.));
#847=DIRECTION('',(0.,0.,-1.));
#848=DIRECTION('',(-1.,0.,0.));
#849=AXIS2_PLACEMENT_3D('',#846,#847,#848);
#850=CIRCLE('',#849,12.2);
#851=EDGE_CURVE('',#837,#845,#850,.T.);
#852=ORIENTED_EDGE('',*,*,#851,.T.);
#853=CARTESIAN_POINT('',(60.663445417,-15.503737641,15.));
#854=VERTEX_POINT('',#853);
#855=CARTESIAN_POINT('',(12.076826956,-15.501328415,15.));
#856=DIRECTION('',(0.999999999,-0.000049586,0.));
#857=VECTOR('',#856,48.58661852);
#858=LINE('',#855,#857);
#859=EDGE_CURVE('',#845,#854,#858,.T.);
#860=ORIENTED_EDGE('',*,*,#859,.T.);
#861=CARTESIAN_POINT('',(60.430411923,-14.700745815,15.));
#862=VERTEX_POINT('',#861);
#863=CARTESIAN_POINT('',(61.930411923,-14.700745815,15.));
#864=DIRECTION('',(-0.,-0.,-1.));
#865=DIRECTION('',(1.,0.,-0.));
#866=AXIS2_PLACEMENT_3D('',#863,#864,#865);
#867=CIRCLE('',#866,1.5);
#868=EDGE_CURVE('',#854,#862,#867,.T.);
#869=ORIENTED_EDGE('',*,*,#868,.T.);
#870=CARTESIAN_POINT('',(63.428461084,-14.777222677,15.));
#871=VERTEX_POINT('',#870);
#872=CARTESIAN_POINT('',(61.930411923,-14.700745815,15.));
#873=DIRECTION('',(-0.,-0.,-1.));
#874=DIRECTION('',(1.,0.,-0.));
#875=AXIS2_PLACEMENT_3D('',#872,#873,#874);
#876=CIRCLE('',#875,1.5);
#877=EDGE_CURVE('',#862,#871,#876,.T.);
#878=ORIENTED_EDGE('',*,*,#877,.T.);
#879=CARTESIAN_POINT('',(64.471052548,-12.504471763,15.));
#880=VERTEX_POINT('',#879);
#881=CARTESIAN_POINT('',(61.471052629,-12.503777684,15.));
#882=DIRECTION('',(-0.,-0.,1.));
#883=DIRECTION('',(-1.,0.,0.));
#884=AXIS2_PLACEMENT_3D('',#881,#882,#883);
#885=CIRCLE('',#884,3.);
#886=EDGE_CURVE('',#871,#880,#885,.T.);
#887=ORIENTED_EDGE('',*,*,#886,.T.);
#888=CARTESIAN_POINT('',(64.476838296,12.503105854,15.));
#889=VERTEX_POINT('',#888);
#890=CARTESIAN_POINT('',(64.471052548,-12.504471763,15.));
#891=DIRECTION('',(0.00023136,0.999999973,-0.));
#892=VECTOR('',#891,25.007578287);
#893=LINE('',#890,#892);
#894=EDGE_CURVE('',#880,#889,#893,.T.);
#895=ORIENTED_EDGE('',*,*,#894,.T.);
#896=CARTESIAN_POINT('',(63.428098863,14.782523813,15.));
#897=VERTEX_POINT('',#896);
#898=CARTESIAN_POINT('',(61.476838376,12.503799934,15.));
#899=DIRECTION('',(-0.,-0.,1.));
#900=DIRECTION('',(-1.,0.,0.));
#901=AXIS2_PLACEMENT_3D('',#898,#899,#900);
#902=CIRCLE('',#901,3.);
#903=EDGE_CURVE('',#889,#897,#902,.T.);
#904=ORIENTED_EDGE('',*,*,#903,.T.);
#905=CARTESIAN_POINT('',(60.430411923,14.699254185,15.));
#906=VERTEX_POINT('',#905);
#907=CARTESIAN_POINT('',(61.930411923,14.699254185,15.));
#908=DIRECTION('',(-0.,-0.,-1.));
#909=DIRECTION('',(1.,0.,-0.));
#910=AXIS2_PLACEMENT_3D('',#907,#908,#909);
#911=CIRCLE('',#910,1.5);
#912=EDGE_CURVE('',#897,#906,#911,.T.);
#913=ORIENTED_EDGE('',*,*,#912,.T.);
#914=CARTESIAN_POINT('',(61.930411923,14.699254185,15.));
#915=DIRECTION('',(-0.,-0.,-1.));
#916=DIRECTION('',(1.,0.,-0.));
#917=AXIS2_PLACEMENT_3D('',#914,#915,#916);
#918=CIRCLE('',#917,1.5);
#919=EDGE_CURVE('',#906,#647,#918,.T.);
#920=ORIENTED_EDGE('',*,*,#919,.T.);
#921=EDGE_LOOP('',(#826,#835,#843,#852,#860,#869,#878,#887,#895,#904,#913,#920));
#922=FACE_BOUND('',#921,.T.);
#923=CARTESIAN_POINT('',(60.804893,-8.051249,15.));
#924=VERTEX_POINT('',#923);
#925=CARTESIAN_POINT('',(60.804893,8.048751,15.));
#926=VERTEX_POINT('',#925);
#927=CARTESIAN_POINT('',(60.804893,-8.051249,15.));
#928=DIRECTION('',(0.,1.,0.));
#929=VECTOR('',#928,16.1);
#930=LINE('',#927,#929);
#931=EDGE_CURVE('',#924,#926,#930,.T.);
#932=ORIENTED_EDGE('',*,*,#931,.F.);
#933=CARTESIAN_POINT('',(58.804893,-10.051249,15.));
#934=VERTEX_POINT('',#933);
#935=CARTESIAN_POINT('',(58.804893,-8.051249,15.));
#936=DIRECTION('',(-0.,-0.,-1.));
#937=DIRECTION('',(1.,0.,-0.));
#938=AXIS2_PLACEMENT_3D('',#935,#936,#937);
#939=CIRCLE('',#938,2.);
#940=EDGE_CURVE('',#924,#934,#939,.T.);
#941=ORIENTED_EDGE('',*,*,#940,.T.);
#942=CARTESIAN_POINT('',(23.718643,-10.051249,15.));
#943=VERTEX_POINT('',#942);
#944=CARTESIAN_POINT('',(23.718643,-10.051249,15.));
#945=DIRECTION('',(1.,0.,-0.));
#946=VECTOR('',#945,35.08625);
#947=LINE('',#944,#946);
#948=EDGE_CURVE('',#943,#934,#947,.T.);
#949=ORIENTED_EDGE('',*,*,#948,.F.);
#950=CARTESIAN_POINT('',(21.718643,-8.051249,15.));
#951=VERTEX_POINT('',#950);
#952=CARTESIAN_POINT('',(23.718643,-8.051249,15.));
#953=DIRECTION('',(-0.,-0.,-1.));
#954=DIRECTION('',(1.,0.,-0.));
#955=AXIS2_PLACEMENT_3D('',#952,#953,#954);
#956=CIRCLE('',#955,2.);
#957=EDGE_CURVE('',#943,#951,#956,.T.);
#958=ORIENTED_EDGE('',*,*,#957,.T.);
#959=CARTESIAN_POINT('',(21.718643,8.048751,15.));
#960=VERTEX_POINT('',#959);
#961=CARTESIAN_POINT('',(21.718643,8.048751,15.));
#962=DIRECTION('',(0.,-1.,0.));
#963=VECTOR('',#962,16.1);
#964=LINE('',#961,#963);
#965=EDGE_CURVE('',#960,#951,#964,.T.);
#966=ORIENTED_EDGE('',*,*,#965,.F.);
#967=CARTESIAN_POINT('',(23.718643,10.048751,15.));
#968=VERTEX_POINT('',#967);
#969=CARTESIAN_POINT('',(23.718643,8.048751,15.));
#970=DIRECTION('',(-0.,-0.,-1.));
#971=DIRECTION('',(1.,0.,-0.));
#972=AXIS2_PLACEMENT_3D('',#969,#970,#971);
#973=CIRCLE('',#972,2.);
#974=EDGE_CURVE('',#960,#968,#973,.T.);
#975=ORIENTED_EDGE('',*,*,#974,.T.);
#976=CARTESIAN_POINT('',(58.804893,10.048751,15.));
#977=VERTEX_POINT('',#976);
#978=CARTESIAN_POINT('',(58.804893,10.048751,15.));
#979=DIRECTION('',(-1.,0.,0.));
#980=VECTOR('',#979,35.08625);
#981=LINE('',#978,#980);
#982=EDGE_CURVE('',#977,#968,#981,.T.);
#983=ORIENTED_EDGE('',*,*,#982,.F.);
#984=CARTESIAN_POINT('',(58.804893,8.048751,15.));
#985=DIRECTION('',(-0.,-0.,-1.));
#986=DIRECTION('',(1.,0.,-0.));
#987=AXIS2_PLACEMENT_3D('',#984,#985,#986);
#988=CIRCLE('',#987,2.);
#989=EDGE_CURVE('',#977,#926,#988,.T.);
#990=ORIENTED_EDGE('',*,*,#989,.T.);
#991=EDGE_LOOP('',(#932,#941,#949,#958,#966,#975,#983,#990));
#992=FACE_BOUND('',#991,.T.);
#993=ADVANCED_FACE('',(#922,#992),#825,.F.);
#994=CARTESIAN_POINT('',(-63.869588077,-14.700745815,71.8));
#995=DIRECTION('',(0.,0.,-1.));
#996=DIRECTION('',(-1.,0.,0.));
#997=AXIS2_PLACEMENT_3D('',#994,#995,#996);
#998=CYLINDRICAL_SURFACE('',#997,1.1);
#999=CARTESIAN_POINT('',(-64.969588077,-14.700745815,8.8));
#1000=VERTEX_POINT('',#999);
#1001=CARTESIAN_POINT('',(-64.969588077,-14.700745815,14.5));
#1002=VERTEX_POINT('',#1001);
#1003=CARTESIAN_POINT('',(-64.969588077,-14.700745815,8.8));
#1004=DIRECTION('',(-0.,-0.,1.));
#1005=VECTOR('',#1004,5.7);
#1006=LINE('',#1003,#1005);
#1007=EDGE_CURVE('',#1000,#1002,#1006,.T.);
#1008=ORIENTED_EDGE('',*,*,#1007,.F.);
#1009=CARTESIAN_POINT('',(-62.769588077,-14.700745815,8.8));
#1010=VERTEX_POINT('',#1009);
#1011=CARTESIAN_POINT('',(-63.869588077,-14.700745815,8.8));
#1012=DIRECTION('',(0.,0.,1.));
#1013=DIRECTION('',(1.,0.,-0.));
#1014=AXIS2_PLACEMENT_3D('',#1011,#1012,#1013);
#1015=CIRCLE('',#1014,1.1);
#1016=EDGE_CURVE('',#1010,#1000,#1015,.T.);
#1017=ORIENTED_EDGE('',*,*,#1016,.F.);
#1018=CARTESIAN_POINT('',(-63.869588077,-14.700745815,8.8));
#1019=DIRECTION('',(0.,0.,1.));
#1020=DIRECTION('',(1.,0.,-0.));
#1021=AXIS2_PLACEMENT_3D('',#1018,#1019,#1020);
#1022=CIRCLE('',#1021,1.1);
#1023=EDGE_CURVE('',#1000,#1010,#1022,.T.);
#1024=ORIENTED_EDGE('',*,*,#1023,.F.);
#1025=ORIENTED_EDGE('',*,*,#1007,.T.);
#1026=CARTESIAN_POINT('',(-62.769588077,-14.700745815,14.5));
#1027=VERTEX_POINT('',#1026);
#1028=CARTESIAN_POINT('',(-63.869588077,-14.700745815,14.5));
#1029=DIRECTION('',(0.,0.,1.));
#1030=DIRECTION('',(1.,0.,-0.));
#1031=AXIS2_PLACEMENT_3D('',#1028,#1029,#1030);
#1032=CIRCLE('',#1031,1.1);
#1033=EDGE_CURVE('',#1002,#1027,#1032,.T.);
#1034=ORIENTED_EDGE('',*,*,#1033,.T.);
#1035=CARTESIAN_POINT('',(-63.869588077,-14.700745815,14.5));
#1036=DIRECTION('',(0.,0.,1.));
#1037=DIRECTION('',(1.,0.,-0.));
#1038=AXIS2_PLACEMENT_3D('',#1035,#1036,#1037);
#1039=CIRCLE('',#1038,1.1);
#1040=EDGE_CURVE('',#1027,#1002,#1039,.T.);
#1041=ORIENTED_EDGE('',*,*,#1040,.T.);
#1042=EDGE_LOOP('',(#1008,#1017,#1024,#1025,#1034,#1041));
#1043=FACE_BOUND('',#1042,.T.);
#1044=ADVANCED_FACE('',(#1043),#998,.F.);
#1045=CARTESIAN_POINT('',(-63.869588077,14.699254185,71.8));
#1046=DIRECTION('',(0.,0.,-1.));
#1047=DIRECTION('',(-1.,0.,0.));
#1048=AXIS2_PLACEMENT_3D('',#1045,#1046,#1047);
#1049=CYLINDRICAL_SURFACE('',#1048,1.1);
#1050=CARTESIAN_POINT('',(-64.969588077,14.699254185,8.8));
#1051=VERTEX_POINT('',#1050);
#1052=CARTESIAN_POINT('',(-64.969588077,14.699254185,14.5));
#1053=VERTEX_POINT('',#1052);
#1054=CARTESIAN_POINT('',(-64.969588077,14.699254185,8.8));
#1055=DIRECTION('',(-0.,-0.,1.));
#1056=VECTOR('',#1055,5.7);
#1057=LINE('',#1054,#1056);
#1058=EDGE_CURVE('',#1051,#1053,#1057,.T.);
#1059=ORIENTED_EDGE('',*,*,#1058,.F.);
#1060=CARTESIAN_POINT('',(-62.769588077,14.699254185,8.8));
#1061=VERTEX_POINT('',#1060);
#1062=CARTESIAN_POINT('',(-63.869588077,14.699254185,8.8));
#1063=DIRECTION('',(0.,0.,1.));
#1064=DIRECTION('',(1.,0.,-0.));
#1065=AXIS2_PLACEMENT_3D('',#1062,#1063,#1064);
#1066=CIRCLE('',#1065,1.1);
#1067=EDGE_CURVE('',#1061,#1051,#1066,.T.);
#1068=ORIENTED_EDGE('',*,*,#1067,.F.);
#1069=CARTESIAN_POINT('',(-63.869588077,14.699254185,8.8));
#1070=DIRECTION('',(0.,0.,1.));
#1071=DIRECTION('',(1.,0.,-0.));
#1072=AXIS2_PLACEMENT_3D('',#1069,#1070,#1071);
#1073=CIRCLE('',#1072,1.1);
#1074=EDGE_CURVE('',#1051,#1061,#1073,.T.);
#1075=ORIENTED_EDGE('',*,*,#1074,.F.);
#1076=ORIENTED_EDGE('',*,*,#1058,.T.);
#1077=CARTESIAN_POINT('',(-62.769588077,14.699254185,14.5));
#1078=VERTEX_POINT('',#1077);
#1079=CARTESIAN_POINT('',(-63.869588077,14.699254185,14.5));
#1080=DIRECTION('',(0.,0.,1.));
#1081=DIRECTION('',(1.,0.,-0.));
#1082=AXIS2_PLACEMENT_3D('',#1079,#1080,#1081);
#1083=CIRCLE('',#1082,1.1);
#1084=EDGE_CURVE('',#1053,#1078,#1083,.T.);
#1085=ORIENTED_EDGE('',*,*,#1084,.T.);
#1086=CARTESIAN_POINT('',(-63.869588077,14.699254185,14.5));
#1087=DIRECTION('',(0.,0.,1.));
#1088=DIRECTION('',(1.,0.,-0.));
#1089=AXIS2_PLACEMENT_3D('',#1086,#1087,#1088);
#1090=CIRCLE('',#1089,1.1);
#1091=EDGE_CURVE('',#1078,#1053,#1090,.T.);
#1092=ORIENTED_EDGE('',*,*,#1091,.T.);
#1093=EDGE_LOOP('',(#1059,#1068,#1075,#1076,#1085,#1092));
#1094=FACE_BOUND('',#1093,.T.);
#1095=ADVANCED_FACE('',(#1094),#1049,.F.);
#1096=CARTESIAN_POINT('',(61.930411923,-14.700745815,71.8));
#1097=DIRECTION('',(0.,0.,-1.));
#1098=DIRECTION('',(-1.,0.,0.));
#1099=AXIS2_PLACEMENT_3D('',#1096,#1097,#1098);
#1100=CYLINDRICAL_SURFACE('',#1099,1.1);
#1101=CARTESIAN_POINT('',(60.830411923,-14.700745815,8.8));
#1102=VERTEX_POINT('',#1101);
#1103=CARTESIAN_POINT('',(60.830411923,-14.700745815,14.5));
#1104=VERTEX_POINT('',#1103);
#1105=CARTESIAN_POINT('',(60.830411923,-14.700745815,8.8));
#1106=DIRECTION('',(-0.,-0.,1.));
#1107=VECTOR('',#1106,5.7);
#1108=LINE('',#1105,#1107);
#1109=EDGE_CURVE('',#1102,#1104,#1108,.T.);
#1110=ORIENTED_EDGE('',*,*,#1109,.F.);
#1111=CARTESIAN_POINT('',(63.030411923,-14.700745815,8.8));
#1112=VERTEX_POINT('',#1111);
#1113=CARTESIAN_POINT('',(61.930411923,-14.700745815,8.8));
#1114=DIRECTION('',(0.,0.,1.));
#1115=DIRECTION('',(1.,0.,-0.));
#1116=AXIS2_PLACEMENT_3D('',#1113,#1114,#1115);
#1117=CIRCLE('',#1116,1.1);
#1118=EDGE_CURVE('',#1112,#1102,#1117,.T.);
#1119=ORIENTED_EDGE('',*,*,#1118,.F.);
#1120=CARTESIAN_POINT('',(61.930411923,-14.700745815,8.8));
#1121=DIRECTION('',(0.,0.,1.));
#1122=DIRECTION('',(1.,0.,-0.));
#1123=AXIS2_PLACEMENT_3D('',#1120,#1121,#1122);
#1124=CIRCLE('',#1123,1.1);
#1125=EDGE_CURVE('',#1102,#1112,#1124,.T.);
#1126=ORIENTED_EDGE('',*,*,#1125,.F.);
#1127=ORIENTED_EDGE('',*,*,#1109,.T.);
#1128=CARTESIAN_POINT('',(63.030411923,-14.700745815,14.5));
#1129=VERTEX_POINT('',#1128);
#1130=CARTESIAN_POINT('',(61.930411923,-14.700745815,14.5));
#1131=DIRECTION('',(0.,0.,1.));
#1132=DIRECTION('',(1.,0.,-0.));
#1133=AXIS2_PLACEMENT_3D('',#1130,#1131,#1132);
#1134=CIRCLE('',#1133,1.1);
#1135=EDGE_CURVE('',#1104,#1129,#1134,.T.);
#1136=ORIENTED_EDGE('',*,*,#1135,.T.);
#1137=CARTESIAN_POINT('',(61.930411923,-14.700745815,14.5));
#1138=DIRECTION('',(0.,0.,1.));
#1139=DIRECTION('',(1.,0.,-0.));
#1140=AXIS2_PLACEMENT_3D('',#1137,#1138,#1139);
#1141=CIRCLE('',#1140,1.1);
#1142=EDGE_CURVE('',#1129,#1104,#1141,.T.);
#1143=ORIENTED_EDGE('',*,*,#1142,.T.);
#1144=EDGE_LOOP('',(#1110,#1119,#1126,#1127,#1136,#1143));
#1145=FACE_BOUND('',#1144,.T.);
#1146=ADVANCED_FACE('',(#1145),#1100,.F.);
#1147=CARTESIAN_POINT('',(61.930411923,14.699254185,71.8));
#1148=DIRECTION('',(0.,0.,-1.));
#1149=DIRECTION('',(-1.,0.,0.));
#1150=AXIS2_PLACEMENT_3D('',#1147,#1148,#1149);
#1151=CYLINDRICAL_SURFACE('',#1150,1.1);
#1152=CARTESIAN_POINT('',(60.830411923,14.699254185,8.8));
#1153=VERTEX_POINT('',#1152);
#1154=CARTESIAN_POINT('',(60.830411923,14.699254185,14.5));
#1155=VERTEX_POINT('',#1154);
#1156=CARTESIAN_POINT('',(60.830411923,14.699254185,8.8));
#1157=DIRECTION('',(-0.,-0.,1.));
#1158=VECTOR('',#1157,5.7);
#1159=LINE('',#1156,#1158);
#1160=EDGE_CURVE('',#1153,#1155,#1159,.T.);
#1161=ORIENTED_EDGE('',*,*,#1160,.F.);
#1162=CARTESIAN_POINT('',(63.030411923,14.699254185,8.8));
#1163=VERTEX_POINT('',#1162);
#1164=CARTESIAN_POINT('',(61.930411923,14.699254185,8.8));
#1165=DIRECTION('',(0.,0.,1.));
#1166=DIRECTION('',(1.,0.,-0.));
#1167=AXIS2_PLACEMENT_3D('',#1164,#1165,#1166);
#1168=CIRCLE('',#1167,1.1);
#1169=EDGE_CURVE('',#1163,#1153,#1168,.T.);
#1170=ORIENTED_EDGE('',*,*,#1169,.F.);
#1171=CARTESIAN_POINT('',(61.930411923,14.699254185,8.8));
#1172=DIRECTION('',(0.,0.,1.));
#1173=DIRECTION('',(1.,0.,-0.));
#1174=AXIS2_PLACEMENT_3D('',#1171,#1172,#1173);
#1175=CIRCLE('',#1174,1.1);
#1176=EDGE_CURVE('',#1153,#1163,#1175,.T.);
#1177=ORIENTED_EDGE('',*,*,#1176,.F.);
#1178=ORIENTED_EDGE('',*,*,#1160,.T.);
#1179=CARTESIAN_POINT('',(63.030411923,14.699254185,14.5));
#1180=VERTEX_POINT('',#1179);
#1181=CARTESIAN_POINT('',(61.930411923,14.699254185,14.5));
#1182=DIRECTION('',(0.,0.,1.));
#1183=DIRECTION('',(1.,0.,-0.));
#1184=AXIS2_PLACEMENT_3D('',#1181,#1182,#1183);
#1185=CIRCLE('',#1184,1.1);
#1186=EDGE_CURVE('',#1155,#1180,#1185,.T.);
#1187=ORIENTED_EDGE('',*,*,#1186,.T.);
#1188=CARTESIAN_POINT('',(61.930411923,14.699254185,14.5));
#1189=DIRECTION('',(0.,0.,1.));
#1190=DIRECTION('',(1.,0.,-0.));
#1191=AXIS2_PLACEMENT_3D('',#1188,#1189,#1190);
#1192=CIRCLE('',#1191,1.1);
#1193=EDGE_CURVE('',#1180,#1155,#1192,.T.);
#1194=ORIENTED_EDGE('',*,*,#1193,.T.);
#1195=EDGE_LOOP('',(#1161,#1170,#1177,#1178,#1187,#1194));
#1196=FACE_BOUND('',#1195,.T.);
#1197=ADVANCED_FACE('',(#1196),#1151,.F.);
#1198=CARTESIAN_POINT('',(0.,0.,13.6));
#1199=DIRECTION('',(0.,0.,-1.));
#1200=DIRECTION('',(-1.,0.,0.));
#1201=AXIS2_PLACEMENT_3D('',#1198,#1199,#1200);
#1202=PLANE('',#1201);
#1203=CARTESIAN_POINT('',(-62.851471863,5.7,13.6));
#1204=VERTEX_POINT('',#1203);
#1205=CARTESIAN_POINT('',(-64.548528137,5.7,13.6));
#1206=VERTEX_POINT('',#1205);
#1207=CARTESIAN_POINT('',(-63.7,5.7,13.6));
#1208=DIRECTION('',(0.,0.,-1.));
#1209=DIRECTION('',(-1.,0.,0.));
#1210=AXIS2_PLACEMENT_3D('',#1207,#1208,#1209);
#1211=CIRCLE('',#1210,0.848528137);
#1212=EDGE_CURVE('',#1204,#1206,#1211,.T.);
#1213=ORIENTED_EDGE('',*,*,#1212,.F.);
#1214=CARTESIAN_POINT('',(-63.7,5.7,13.6));
#1215=DIRECTION('',(0.,0.,-1.));
#1216=DIRECTION('',(-1.,0.,0.));
#1217=AXIS2_PLACEMENT_3D('',#1214,#1215,#1216);
#1218=CIRCLE('',#1217,0.848528137);
#1219=EDGE_CURVE('',#1206,#1204,#1218,.T.);
#1220=ORIENTED_EDGE('',*,*,#1219,.F.);
#1221=EDGE_LOOP('',(#1213,#1220));
#1222=FACE_BOUND('',#1221,.T.);
#1223=CARTESIAN_POINT('',(-67.5,-3.8,13.6));
#1224=VERTEX_POINT('',#1223);
#1225=CARTESIAN_POINT('',(-68.438674567,-3.8,13.6));
#1226=VERTEX_POINT('',#1225);
#1227=CARTESIAN_POINT('',(-67.5,-3.8,13.6));
#1228=DIRECTION('',(-1.,0.,0.));
#1229=VECTOR('',#1228,0.938674567);
#1230=LINE('',#1227,#1229);
#1231=EDGE_CURVE('',#1224,#1226,#1230,.T.);
#1232=ORIENTED_EDGE('',*,*,#1231,.T.);
#1233=CARTESIAN_POINT('',(-68.439082242,3.808231098,13.6));
#1234=VERTEX_POINT('',#1233);
#1235=CARTESIAN_POINT('',(-68.438674567,-3.8,13.6));
#1236=DIRECTION('',(-0.000053583,0.999999999,-0.));
#1237=VECTOR('',#1236,7.608231109);
#1238=LINE('',#1235,#1237);
#1239=EDGE_CURVE('',#1226,#1234,#1238,.T.);
#1240=ORIENTED_EDGE('',*,*,#1239,.T.);
#1241=CARTESIAN_POINT('',(-67.5,3.808231098,13.6));
#1242=VERTEX_POINT('',#1241);
#1243=CARTESIAN_POINT('',(-68.439082242,3.808231098,13.6));
#1244=DIRECTION('',(1.,0.,-0.));
#1245=VECTOR('',#1244,0.939082242);
#1246=LINE('',#1243,#1245);
#1247=EDGE_CURVE('',#1234,#1242,#1246,.T.);
#1248=ORIENTED_EDGE('',*,*,#1247,.T.);
#1249=CARTESIAN_POINT('',(-67.5,10.,13.6));
#1250=VERTEX_POINT('',#1249);
#1251=CARTESIAN_POINT('',(-67.5,10.,13.6));
#1252=DIRECTION('',(0.,-1.,0.));
#1253=VECTOR('',#1252,6.191768902);
#1254=LINE('',#1251,#1253);
#1255=EDGE_CURVE('',#1250,#1242,#1254,.T.);
#1256=ORIENTED_EDGE('',*,*,#1255,.F.);
#1257=CARTESIAN_POINT('',(-44.5,10.,13.6));
#1258=VERTEX_POINT('',#1257);
#1259=CARTESIAN_POINT('',(-44.5,10.,13.6));
#1260=DIRECTION('',(-1.,0.,0.));
#1261=VECTOR('',#1260,23.);
#1262=LINE('',#1259,#1261);
#1263=EDGE_CURVE('',#1258,#1250,#1262,.T.);
#1264=ORIENTED_EDGE('',*,*,#1263,.F.);
#1265=CARTESIAN_POINT('',(-44.5,-10.,13.6));
#1266=VERTEX_POINT('',#1265);
#1267=CARTESIAN_POINT('',(-44.5,-10.,13.6));
#1268=DIRECTION('',(0.,1.,0.));
#1269=VECTOR('',#1268,20.);
#1270=LINE('',#1267,#1269);
#1271=EDGE_CURVE('',#1266,#1258,#1270,.T.);
#1272=ORIENTED_EDGE('',*,*,#1271,.F.);
#1273=CARTESIAN_POINT('',(-67.5,-10.,13.6));
#1274=VERTEX_POINT('',#1273);
#1275=CARTESIAN_POINT('',(-67.5,-10.,13.6));
#1276=DIRECTION('',(1.,0.,-0.));
#1277=VECTOR('',#1276,23.);
#1278=LINE('',#1275,#1277);
#1279=EDGE_CURVE('',#1274,#1266,#1278,.T.);
#1280=ORIENTED_EDGE('',*,*,#1279,.F.);
#1281=CARTESIAN_POINT('',(-67.5,-3.8,13.6));
#1282=DIRECTION('',(0.,-1.,0.));
#1283=VECTOR('',#1282,6.2);
#1284=LINE('',#1281,#1283);
#1285=EDGE_CURVE('',#1224,#1274,#1284,.T.);
#1286=ORIENTED_EDGE('',*,*,#1285,.F.);
#1287=EDGE_LOOP('',(#1232,#1240,#1248,#1256,#1264,#1272,#1280,#1286));
#1288=FACE_BOUND('',#1287,.T.);
#1289=CARTESIAN_POINT('',(-66.349810517,-6.795749534,13.6));
#1290=VERTEX_POINT('',#1289);
#1291=CARTESIAN_POINT('',(-62.749810517,-6.795749534,13.6));
#1292=VERTEX_POINT('',#1291);
#1293=CARTESIAN_POINT('',(-66.349810517,-6.795749534,13.6));
#1294=DIRECTION('',(1.,0.,-0.));
#1295=VECTOR('',#1294,3.6);
#1296=LINE('',#1293,#1295);
#1297=EDGE_CURVE('',#1290,#1292,#1296,.T.);
#1298=ORIENTED_EDGE('',*,*,#1297,.T.);
#1299=CARTESIAN_POINT('',(-62.749810517,-4.595749534,13.6));
#1300=VERTEX_POINT('',#1299);
#1301=CARTESIAN_POINT('',(-62.749810517,-6.795749534,13.6));
#1302=DIRECTION('',(0.,1.,0.));
#1303=VECTOR('',#1302,2.2);
#1304=LINE('',#1301,#1303);
#1305=EDGE_CURVE('',#1292,#1300,#1304,.T.);
#1306=ORIENTED_EDGE('',*,*,#1305,.T.);
#1307=CARTESIAN_POINT('',(-66.349810517,-4.595749534,13.6));
#1308=VERTEX_POINT('',#1307);
#1309=CARTESIAN_POINT('',(-62.749810517,-4.595749534,13.6));
#1310=DIRECTION('',(-1.,0.,0.));
#1311=VECTOR('',#1310,3.6);
#1312=LINE('',#1309,#1311);
#1313=EDGE_CURVE('',#1300,#1308,#1312,.T.);
#1314=ORIENTED_EDGE('',*,*,#1313,.T.);
#1315=CARTESIAN_POINT('',(-66.349810517,-4.595749534,13.6));
#1316=DIRECTION('',(0.,-1.,0.));
#1317=VECTOR('',#1316,2.2);
#1318=LINE('',#1315,#1317);
#1319=EDGE_CURVE('',#1308,#1290,#1318,.T.);
#1320=ORIENTED_EDGE('',*,*,#1319,.T.);
#1321=EDGE_LOOP('',(#1298,#1306,#1314,#1320));
#1322=FACE_BOUND('',#1321,.T.);
#1323=ADVANCED_FACE('',(#1222,#1288,#1322),#1202,.T.);
#1324=CARTESIAN_POINT('',(60.468836069,-17.503727994,9.4));
#1325=DIRECTION('',(-0.000049586,-0.999999999,0.));
#1326=DIRECTION('',(-0.999999999,0.000049586,0.));
#1327=AXIS2_PLACEMENT_3D('',#1324,#1325,#1326);
#1328=PLANE('',#1327);
#1329=CARTESIAN_POINT('',(61.470804698,-17.503777678,9.4));
#1330=VERTEX_POINT('',#1329);
#1331=CARTESIAN_POINT('',(61.470804698,-17.503777678,13.));
#1332=VERTEX_POINT('',#1331);
#1333=CARTESIAN_POINT('',(61.470804698,-17.503777678,9.4));
#1334=DIRECTION('',(0.,0.,1.));
#1335=VECTOR('',#1334,3.6);
#1336=LINE('',#1333,#1335);
#1337=EDGE_CURVE('',#1330,#1332,#1336,.T.);
#1338=ORIENTED_EDGE('',*,*,#1337,.T.);
#1339=CARTESIAN_POINT('',(61.470804698,-17.503777678,13.));
#1340=DIRECTION('',(-0.999999999,0.000049586,-0.));
#1341=VECTOR('',#1340,54.196675906);
#1342=LINE('',#1339,#1341);
#1343=EDGE_CURVE('',#1332,#117,#1342,.T.);
#1344=ORIENTED_EDGE('',*,*,#1343,.T.);
#1345=ORIENTED_EDGE('',*,*,#124,.T.);
#1346=ORIENTED_EDGE('',*,*,#767,.T.);
#1347=CARTESIAN_POINT('',(-63.530578041,-17.497579332,9.4));
#1348=VERTEX_POINT('',#1347);
#1349=CARTESIAN_POINT('',(-63.530578041,-17.497579332,13.));
#1350=DIRECTION('',(-0.,-0.,-1.));
#1351=VECTOR('',#1350,3.6);
#1352=LINE('',#1349,#1351);
#1353=EDGE_CURVE('',#755,#1348,#1352,.T.);
#1354=ORIENTED_EDGE('',*,*,#1353,.T.);
#1355=CARTESIAN_POINT('',(-63.530578041,-17.497579332,9.4));
#1356=DIRECTION('',(0.999999999,-0.000049586,0.));
#1357=VECTOR('',#1356,125.001382893);
#1358=LINE('',#1355,#1357);
#1359=EDGE_CURVE('',#1348,#1330,#1358,.T.);
#1360=ORIENTED_EDGE('',*,*,#1359,.T.);
#1361=EDGE_LOOP('',(#1338,#1344,#1345,#1346,#1354,#1360));
#1362=FACE_BOUND('',#1361,.T.);
#1363=ADVANCED_FACE('',(#1362),#1328,.T.);
#1364=CARTESIAN_POINT('',(-0.4,-0.025654987,8.8));
#1365=DIRECTION('',(0.,0.,-1.));
#1366=DIRECTION('',(-1.,0.,0.));
#1367=AXIS2_PLACEMENT_3D('',#1364,#1365,#1366);
#1368=PLANE('',#1367);
#1369=ORIENTED_EDGE('',*,*,#1169,.T.);
#1370=ORIENTED_EDGE('',*,*,#1176,.T.);
#1371=EDGE_LOOP('',(#1369,#1370));
#1372=FACE_BOUND('',#1371,.T.);
#1373=ORIENTED_EDGE('',*,*,#1016,.T.);
#1374=ORIENTED_EDGE('',*,*,#1023,.T.);
#1375=EDGE_LOOP('',(#1373,#1374));
#1376=FACE_BOUND('',#1375,.T.);
#1377=ORIENTED_EDGE('',*,*,#1067,.T.);
#1378=ORIENTED_EDGE('',*,*,#1074,.T.);
#1379=EDGE_LOOP('',(#1377,#1378));
#1380=FACE_BOUND('',#1379,.T.);
#1381=ORIENTED_EDGE('',*,*,#1118,.T.);
#1382=ORIENTED_EDGE('',*,*,#1125,.T.);
#1383=EDGE_LOOP('',(#1381,#1382));
#1384=FACE_BOUND('',#1383,.T.);
#1385=CARTESIAN_POINT('',(-63.53054829,-16.897579333,8.8));
#1386=VERTEX_POINT('',#1385);
#1387=CARTESIAN_POINT('',(-67.930330104,-12.497815106,8.8));
#1388=VERTEX_POINT('',#1387);
#1389=CARTESIAN_POINT('',(-63.53033011,-12.497579338,8.8));
#1390=DIRECTION('',(0.,0.,-1.));
#1391=DIRECTION('',(-1.,0.,0.));
#1392=AXIS2_PLACEMENT_3D('',#1389,#1390,#1391);
#1393=CIRCLE('',#1392,4.4);
#1394=EDGE_CURVE('',#1386,#1388,#1393,.T.);
#1395=ORIENTED_EDGE('',*,*,#1394,.T.);
#1396=CARTESIAN_POINT('',(-67.93074258,-4.8,8.8));
#1397=VERTEX_POINT('',#1396);
#1398=CARTESIAN_POINT('',(-67.930330104,-12.497815106,8.8));
#1399=DIRECTION('',(-0.000053583,0.999999999,0.));
#1400=VECTOR('',#1399,7.697815117);
#1401=LINE('',#1398,#1400);
#1402=EDGE_CURVE('',#1388,#1397,#1401,.T.);
#1403=ORIENTED_EDGE('',*,*,#1402,.T.);
#1404=CARTESIAN_POINT('',(-67.5,-4.8,8.8));
#1405=VERTEX_POINT('',#1404);
#1406=CARTESIAN_POINT('',(-67.5,-4.8,8.8));
#1407=DIRECTION('',(-1.,0.,0.));
#1408=VECTOR('',#1407,0.43074258);
#1409=LINE('',#1406,#1408);
#1410=EDGE_CURVE('',#1405,#1397,#1409,.T.);
#1411=ORIENTED_EDGE('',*,*,#1410,.F.);
#1412=CARTESIAN_POINT('',(-67.5,-10.,8.8));
#1413=VERTEX_POINT('',#1412);
#1414=CARTESIAN_POINT('',(-67.5,-4.8,8.8));
#1415=DIRECTION('',(0.,-1.,0.));
#1416=VECTOR('',#1415,5.2);
#1417=LINE('',#1414,#1416);
#1418=EDGE_CURVE('',#1405,#1413,#1417,.T.);
#1419=ORIENTED_EDGE('',*,*,#1418,.T.);
#1420=CARTESIAN_POINT('',(-44.5,-10.,8.8));
#1421=VERTEX_POINT('',#1420);
#1422=CARTESIAN_POINT('',(-67.5,-10.,8.8));
#1423=DIRECTION('',(1.,0.,-0.));
#1424=VECTOR('',#1423,23.);
#1425=LINE('',#1422,#1424);
#1426=EDGE_CURVE('',#1413,#1421,#1425,.T.);
#1427=ORIENTED_EDGE('',*,*,#1426,.T.);
#1428=CARTESIAN_POINT('',(-44.5,10.,8.8));
#1429=VERTEX_POINT('',#1428);
#1430=CARTESIAN_POINT('',(-44.5,-10.,8.8));
#1431=DIRECTION('',(0.,1.,0.));
#1432=VECTOR('',#1431,20.);
#1433=LINE('',#1430,#1432);
#1434=EDGE_CURVE('',#1421,#1429,#1433,.T.);
#1435=ORIENTED_EDGE('',*,*,#1434,.T.);
#1436=CARTESIAN_POINT('',(-67.5,10.,8.8));
#1437=VERTEX_POINT('',#1436);
#1438=CARTESIAN_POINT('',(-44.5,10.,8.8));
#1439=DIRECTION('',(-1.,0.,0.));
#1440=VECTOR('',#1439,23.);
#1441=LINE('',#1438,#1440);
#1442=EDGE_CURVE('',#1429,#1437,#1441,.T.);
#1443=ORIENTED_EDGE('',*,*,#1442,.T.);
#1444=CARTESIAN_POINT('',(-67.5,4.808231098,8.8));
#1445=VERTEX_POINT('',#1444);
#1446=CARTESIAN_POINT('',(-67.5,10.,8.8));
#1447=DIRECTION('',(0.,-1.,0.));
#1448=VECTOR('',#1447,5.191768902);
#1449=LINE('',#1446,#1448);
#1450=EDGE_CURVE('',#1437,#1445,#1449,.T.);
#1451=ORIENTED_EDGE('',*,*,#1450,.T.);
#1452=CARTESIAN_POINT('',(-67.931257422,4.808231098,8.8));
#1453=VERTEX_POINT('',#1452);
#1454=CARTESIAN_POINT('',(-67.931257422,4.808231098,8.8));
#1455=DIRECTION('',(1.,0.,-0.));
#1456=VECTOR('',#1455,0.431257422);
#1457=LINE('',#1454,#1456);
#1458=EDGE_CURVE('',#1453,#1445,#1457,.T.);
#1459=ORIENTED_EDGE('',*,*,#1458,.F.);
#1460=CARTESIAN_POINT('',(-67.931669284,12.494593642,8.8));
#1461=VERTEX_POINT('',#1460);
#1462=CARTESIAN_POINT('',(-67.931257422,4.808231098,8.8));
#1463=DIRECTION('',(-0.000053583,0.999999999,0.));
#1464=VECTOR('',#1463,7.686362555);
#1465=LINE('',#1462,#1464);
#1466=EDGE_CURVE('',#1453,#1461,#1465,.T.);
#1467=ORIENTED_EDGE('',*,*,#1466,.T.);
#1468=CARTESIAN_POINT('',(-63.531985031,16.894829398,8.8));
#1469=VERTEX_POINT('',#1468);
#1470=CARTESIAN_POINT('',(-63.53166929,12.49482941,8.8));
#1471=DIRECTION('',(0.,0.,-1.));
#1472=DIRECTION('',(-1.,0.,0.));
#1473=AXIS2_PLACEMENT_3D('',#1470,#1471,#1472);
#1474=CIRCLE('',#1473,4.4);
#1475=EDGE_CURVE('',#1461,#1469,#1474,.T.);
#1476=ORIENTED_EDGE('',*,*,#1475,.T.);
#1477=CARTESIAN_POINT('',(61.476522636,16.903799922,8.8));
#1478=VERTEX_POINT('',#1477);
#1479=CARTESIAN_POINT('',(-63.531985031,16.894829398,8.8));
#1480=DIRECTION('',(0.999999997,0.000071759,0.));
#1481=VECTOR('',#1480,125.008507988);
#1482=LINE('',#1479,#1481);
#1483=EDGE_CURVE('',#1469,#1478,#1482,.T.);
#1484=ORIENTED_EDGE('',*,*,#1483,.T.);
#1485=CARTESIAN_POINT('',(65.876838259,12.502781951,8.8));
#1486=VERTEX_POINT('',#1485);
#1487=CARTESIAN_POINT('',(61.476838376,12.503799934,8.8));
#1488=DIRECTION('',(0.,0.,-1.));
#1489=DIRECTION('',(-1.,0.,0.));
#1490=AXIS2_PLACEMENT_3D('',#1487,#1488,#1489);
#1491=CIRCLE('',#1490,4.4);
#1492=EDGE_CURVE('',#1478,#1486,#1491,.T.);
#1493=ORIENTED_EDGE('',*,*,#1492,.T.);
#1494=CARTESIAN_POINT('',(65.871052511,-12.504795667,8.8));
#1495=VERTEX_POINT('',#1494);
#1496=CARTESIAN_POINT('',(65.876838259,12.502781951,8.8));
#1497=DIRECTION('',(-0.00023136,-0.999999973,0.));
#1498=VECTOR('',#1497,25.007578287);
#1499=LINE('',#1496,#1498);
#1500=EDGE_CURVE('',#1486,#1495,#1499,.T.);
#1501=ORIENTED_EDGE('',*,*,#1500,.T.);
#1502=CARTESIAN_POINT('',(61.470834449,-16.903777678,8.8));
#1503=VERTEX_POINT('',#1502);
#1504=CARTESIAN_POINT('',(61.471052629,-12.503777684,8.8));
#1505=DIRECTION('',(0.,0.,-1.));
#1506=DIRECTION('',(-1.,0.,0.));
#1507=AXIS2_PLACEMENT_3D('',#1504,#1505,#1506);
#1508=CIRCLE('',#1507,4.4);
#1509=EDGE_CURVE('',#1495,#1503,#1508,.T.);
#1510=ORIENTED_EDGE('',*,*,#1509,.T.);
#1511=CARTESIAN_POINT('',(61.470834449,-16.903777678,8.8));
#1512=DIRECTION('',(-0.999999999,0.000049586,0.));
#1513=VECTOR('',#1512,125.001382893);
#1514=LINE('',#1511,#1513);
#1515=EDGE_CURVE('',#1503,#1386,#1514,.T.);
#1516=ORIENTED_EDGE('',*,*,#1515,.T.);
#1517=EDGE_LOOP('',(#1395,#1403,#1411,#1419,#1427,#1435,#1443,#1451,#1459,#1467,#1476,#1484,#1493,#1501,#1510,#1516));
#1518=FACE_BOUND('',#1517,.T.);
#1519=CARTESIAN_POINT('',(-23.538857,9.048751,8.8));
#1520=VERTEX_POINT('',#1519);
#1521=CARTESIAN_POINT('',(-41.638857,9.048751,8.8));
#1522=VERTEX_POINT('',#1521);
#1523=CARTESIAN_POINT('',(-23.538857,9.048751,8.8));
#1524=DIRECTION('',(-1.,0.,0.));
#1525=VECTOR('',#1524,18.1);
#1526=LINE('',#1523,#1525);
#1527=EDGE_CURVE('',#1520,#1522,#1526,.T.);
#1528=ORIENTED_EDGE('',*,*,#1527,.T.);
#1529=CARTESIAN_POINT('',(-41.638857,-9.051249,8.8));
#1530=VERTEX_POINT('',#1529);
#1531=CARTESIAN_POINT('',(-41.638857,9.048751,8.8));
#1532=DIRECTION('',(0.,-1.,0.));
#1533=VECTOR('',#1532,18.1);
#1534=LINE('',#1531,#1533);
#1535=EDGE_CURVE('',#1522,#1530,#1534,.T.);
#1536=ORIENTED_EDGE('',*,*,#1535,.T.);
#1537=CARTESIAN_POINT('',(-23.538857,-9.051249,8.8));
#1538=VERTEX_POINT('',#1537);
#1539=CARTESIAN_POINT('',(-41.638857,-9.051249,8.8));
#1540=DIRECTION('',(1.,0.,-0.));
#1541=VECTOR('',#1540,18.1);
#1542=LINE('',#1539,#1541);
#1543=EDGE_CURVE('',#1530,#1538,#1542,.T.);
#1544=ORIENTED_EDGE('',*,*,#1543,.T.);
#1545=CARTESIAN_POINT('',(-23.538857,-9.051249,8.8));
#1546=DIRECTION('',(0.,1.,0.));
#1547=VECTOR('',#1546,18.1);
#1548=LINE('',#1545,#1547);
#1549=EDGE_CURVE('',#1538,#1520,#1548,.T.);
#1550=ORIENTED_EDGE('',*,*,#1549,.T.);
#1551=EDGE_LOOP('',(#1528,#1536,#1544,#1550));
#1552=FACE_BOUND('',#1551,.T.);
#1553=CARTESIAN_POINT('',(61.804893,9.048751,8.8));
#1554=VERTEX_POINT('',#1553);
#1555=CARTESIAN_POINT('',(22.718643,9.048751,8.8));
#1556=VERTEX_POINT('',#1555);
#1557=CARTESIAN_POINT('',(61.804893,9.048751,8.8));
#1558=DIRECTION('',(-1.,0.,0.));
#1559=VECTOR('',#1558,39.08625);
#1560=LINE('',#1557,#1559);
#1561=EDGE_CURVE('',#1554,#1556,#1560,.T.);
#1562=ORIENTED_EDGE('',*,*,#1561,.T.);
#1563=CARTESIAN_POINT('',(22.718643,-9.051249,8.8));
#1564=VERTEX_POINT('',#1563);
#1565=CARTESIAN_POINT('',(22.718643,9.048751,8.8));
#1566=DIRECTION('',(0.,-1.,0.));
#1567=VECTOR('',#1566,18.1);
#1568=LINE('',#1565,#1567);
#1569=EDGE_CURVE('',#1556,#1564,#1568,.T.);
#1570=ORIENTED_EDGE('',*,*,#1569,.T.);
#1571=CARTESIAN_POINT('',(61.804893,-9.051249,8.8));
#1572=VERTEX_POINT('',#1571);
#1573=CARTESIAN_POINT('',(22.718643,-9.051249,8.8));
#1574=DIRECTION('',(1.,0.,-0.));
#1575=VECTOR('',#1574,39.08625);
#1576=LINE('',#1573,#1575);
#1577=EDGE_CURVE('',#1564,#1572,#1576,.T.);
#1578=ORIENTED_EDGE('',*,*,#1577,.T.);
#1579=CARTESIAN_POINT('',(61.804893,-9.051249,8.8));
#1580=DIRECTION('',(0.,1.,0.));
#1581=VECTOR('',#1580,18.1);
#1582=LINE('',#1579,#1581);
#1583=EDGE_CURVE('',#1572,#1554,#1582,.T.);
#1584=ORIENTED_EDGE('',*,*,#1583,.T.);
#1585=EDGE_LOOP('',(#1562,#1570,#1578,#1584));
#1586=FACE_BOUND('',#1585,.T.);
#1587=ORIENTED_EDGE('',*,*,#550,.T.);
#1588=ORIENTED_EDGE('',*,*,#526,.T.);
#1589=ORIENTED_EDGE('',*,*,#591,.T.);
#1590=ORIENTED_EDGE('',*,*,#574,.T.);
#1591=EDGE_LOOP('',(#1587,#1588,#1589,#1590));
#1592=FACE_BOUND('',#1591,.T.);
#1593=CARTESIAN_POINT('',(-12.94,-7.265091746,8.8));
#1594=VERTEX_POINT('',#1593);
#1595=CARTESIAN_POINT('',(-12.94,7.631591557,8.8));
#1596=VERTEX_POINT('',#1595);
#1597=CARTESIAN_POINT('',(-12.94,-7.265091746,8.8));
#1598=DIRECTION('',(0.,1.,0.));
#1599=VECTOR('',#1598,14.896683302);
#1600=LINE('',#1597,#1599);
#1601=EDGE_CURVE('',#1594,#1596,#1600,.T.);
#1602=ORIENTED_EDGE('',*,*,#1601,.T.);
#1603=CARTESIAN_POINT('',(-14.369633928,9.128202499,8.8));
#1604=VERTEX_POINT('',#1603);
#1605=CARTESIAN_POINT('',(-14.465909565,7.530805497,8.8));
#1606=DIRECTION('',(0.,-0.,1.));
#1607=DIRECTION('',(-0.454173857,-0.890913075,0.));
#1608=AXIS2_PLACEMENT_3D('',#1605,#1606,#1607);
#1609=ELLIPSE('',#1608,1.62175127,1.5);
#1610=EDGE_CURVE('',#1596,#1604,#1609,.T.);
#1611=ORIENTED_EDGE('',*,*,#1610,.T.);
#1612=CARTESIAN_POINT('',(-20.630366072,9.128202499,8.8));
#1613=VERTEX_POINT('',#1612);
#1614=CARTESIAN_POINT('',(-14.369633928,9.128202499,8.8));
#1615=DIRECTION('',(-1.,0.,0.));
#1616=VECTOR('',#1615,6.260732143);
#1617=LINE('',#1614,#1616);
#1618=EDGE_CURVE('',#1604,#1613,#1617,.T.);
#1619=ORIENTED_EDGE('',*,*,#1618,.T.);
#1620=CARTESIAN_POINT('',(-22.06,7.631591557,8.8));
#1621=VERTEX_POINT('',#1620);
#1622=CARTESIAN_POINT('',(-20.534090435,7.530805497,8.8));
#1623=DIRECTION('',(-0.,-0.,1.));
#1624=DIRECTION('',(0.454173857,-0.890913075,0.));
#1625=AXIS2_PLACEMENT_3D('',#1622,#1623,#1624);
#1626=ELLIPSE('',#1625,1.62175127,1.5);
#1627=EDGE_CURVE('',#1613,#1621,#1626,.T.);
#1628=ORIENTED_EDGE('',*,*,#1627,.T.);
#1629=CARTESIAN_POINT('',(-22.06,-7.265091746,8.8));
#1630=VERTEX_POINT('',#1629);
#1631=CARTESIAN_POINT('',(-22.06,7.631591557,8.8));
#1632=DIRECTION('',(0.,-1.,0.));
#1633=VECTOR('',#1632,14.896683302);
#1634=LINE('',#1631,#1633);
#1635=EDGE_CURVE('',#1621,#1630,#1634,.T.);
#1636=ORIENTED_EDGE('',*,*,#1635,.T.);
#1637=CARTESIAN_POINT('',(-20.630366072,-8.761702688,8.8));
#1638=VERTEX_POINT('',#1637);
#1639=CARTESIAN_POINT('',(-20.534090435,-7.164305685,8.8));
#1640=DIRECTION('',(-0.,-0.,1.));
#1641=DIRECTION('',(0.454173857,0.890913075,0.));
#1642=AXIS2_PLACEMENT_3D('',#1639,#1640,#1641);
#1643=ELLIPSE('',#1642,1.62175127,1.5);
#1644=EDGE_CURVE('',#1630,#1638,#1643,.T.);
#1645=ORIENTED_EDGE('',*,*,#1644,.T.);
#1646=CARTESIAN_POINT('',(-14.369633928,-8.761702688,8.8));
#1647=VERTEX_POINT('',#1646);
#1648=CARTESIAN_POINT('',(-20.630366072,-8.761702688,8.8));
#1649=DIRECTION('',(1.,0.,-0.));
#1650=VECTOR('',#1649,6.260732143);
#1651=LINE('',#1648,#1650);
#1652=EDGE_CURVE('',#1638,#1647,#1651,.T.);
#1653=ORIENTED_EDGE('',*,*,#1652,.T.);
#1654=CARTESIAN_POINT('',(-14.465909565,-7.164305685,8.8));
#1655=DIRECTION('',(-0.,-0.,1.));
#1656=DIRECTION('',(-0.454173857,0.890913075,0.));
#1657=AXIS2_PLACEMENT_3D('',#1654,#1655,#1656);
#1658=ELLIPSE('',#1657,1.62175127,1.5);
#1659=EDGE_CURVE('',#1647,#1594,#1658,.T.);
#1660=ORIENTED_EDGE('',*,*,#1659,.T.);
#1661=EDGE_LOOP('',(#1602,#1611,#1619,#1628,#1636,#1645,#1653,#1660));
#1662=FACE_BOUND('',#1661,.T.);
#1663=ADVANCED_FACE('',(#1372,#1376,#1380,#1384,#1518,#1552,#1586,#1592,#1662),#1368,.T.);
#1664=CARTESIAN_POINT('',(-68.5303837,-11.497593232,9.4));
#1665=DIRECTION('',(-0.999999999,-0.000053583,0.));
#1666=DIRECTION('',(-0.000053583,0.999999999,0.));
#1667=AXIS2_PLACEMENT_3D('',#1664,#1665,#1666);
#1668=PLANE('',#1667);
#1669=CARTESIAN_POINT('',(-68.531257423,4.808231098,12.6));
#1670=VERTEX_POINT('',#1669);
#1671=CARTESIAN_POINT('',(-68.531252949,4.724746237,13.));
#1672=VERTEX_POINT('',#1671);
#1673=CARTESIAN_POINT('',(-68.531203839,3.808231098,12.6));
#1674=DIRECTION('',(0.999999999,0.000053583,-0.));
#1675=DIRECTION('',(0.000053583,-0.999999999,0.));
#1676=AXIS2_PLACEMENT_3D('',#1673,#1674,#1675);
#1677=ELLIPSE('',#1676,1.000000001,1.);
#1678=EDGE_CURVE('',#1670,#1672,#1677,.T.);
#1679=ORIENTED_EDGE('',*,*,#1678,.T.);
#1680=CARTESIAN_POINT('',(-68.531669283,12.494561492,13.));
#1681=VERTEX_POINT('',#1680);
#1682=CARTESIAN_POINT('',(-68.531252949,4.724746237,13.));
#1683=DIRECTION('',(-0.000053583,0.999999999,0.));
#1684=VECTOR('',#1683,7.769815266);
#1685=LINE('',#1682,#1684);
#1686=EDGE_CURVE('',#1672,#1681,#1685,.T.);
#1687=ORIENTED_EDGE('',*,*,#1686,.T.);
#1688=CARTESIAN_POINT('',(-68.531669283,12.494561492,9.4));
#1689=VERTEX_POINT('',#1688);
#1690=CARTESIAN_POINT('',(-68.531669283,12.494561492,13.));
#1691=DIRECTION('',(-0.,-0.,-1.));
#1692=VECTOR('',#1691,3.6);
#1693=LINE('',#1690,#1692);
#1694=EDGE_CURVE('',#1681,#1689,#1693,.T.);
#1695=ORIENTED_EDGE('',*,*,#1694,.T.);
#1696=CARTESIAN_POINT('',(-68.531257423,4.808231098,9.4));
#1697=VERTEX_POINT('',#1696);
#1698=CARTESIAN_POINT('',(-68.531669283,12.494561492,9.4));
#1699=DIRECTION('',(0.000053583,-0.999999999,0.));
#1700=VECTOR('',#1699,7.686330405);
#1701=LINE('',#1698,#1700);
#1702=EDGE_CURVE('',#1689,#1697,#1701,.T.);
#1703=ORIENTED_EDGE('',*,*,#1702,.T.);
#1704=CARTESIAN_POINT('',(-68.531257423,4.808231098,12.6));
#1705=DIRECTION('',(0.,0.,-1.));
#1706=VECTOR('',#1705,3.2);
#1707=LINE('',#1704,#1706);
#1708=EDGE_CURVE('',#1670,#1697,#1707,.T.);
#1709=ORIENTED_EDGE('',*,*,#1708,.F.);
#1710=EDGE_LOOP('',(#1679,#1687,#1695,#1703,#1709));
#1711=FACE_BOUND('',#1710,.T.);
#1712=ADVANCED_FACE('',(#1711),#1668,.T.);
#1713=CARTESIAN_POINT('',(-2.5,0.,9.8));
#1714=DIRECTION('',(0.,0.,1.));
#1715=DIRECTION('',(1.,0.,0.));
#1716=AXIS2_PLACEMENT_3D('',#1713,#1714,#1715);
#1717=PLANE('',#1716);
#1718=CARTESIAN_POINT('',(-39.638857,-7.051249,9.8));
#1719=VERTEX_POINT('',#1718);
#1720=CARTESIAN_POINT('',(-25.538857,-7.051249,9.8));
#1721=VERTEX_POINT('',#1720);
#1722=CARTESIAN_POINT('',(-39.638857,-7.051249,9.8));
#1723=DIRECTION('',(1.,0.,-0.));
#1724=VECTOR('',#1723,14.1);
#1725=LINE('',#1722,#1724);
#1726=EDGE_CURVE('',#1719,#1721,#1725,.T.);
#1727=ORIENTED_EDGE('',*,*,#1726,.T.);
#1728=CARTESIAN_POINT('',(-25.538857,7.048751,9.8));
#1729=VERTEX_POINT('',#1728);
#1730=CARTESIAN_POINT('',(-25.538857,-7.051249,9.8));
#1731=DIRECTION('',(0.,1.,0.));
#1732=VECTOR('',#1731,14.1);
#1733=LINE('',#1730,#1732);
#1734=EDGE_CURVE('',#1721,#1729,#1733,.T.);
#1735=ORIENTED_EDGE('',*,*,#1734,.T.);
#1736=CARTESIAN_POINT('',(-39.638857,7.048751,9.8));
#1737=VERTEX_POINT('',#1736);
#1738=CARTESIAN_POINT('',(-25.538857,7.048751,9.8));
#1739=DIRECTION('',(-1.,0.,0.));
#1740=VECTOR('',#1739,14.1);
#1741=LINE('',#1738,#1740);
#1742=EDGE_CURVE('',#1729,#1737,#1741,.T.);
#1743=ORIENTED_EDGE('',*,*,#1742,.T.);
#1744=CARTESIAN_POINT('',(-39.638857,7.048751,9.8));
#1745=DIRECTION('',(0.,-1.,0.));
#1746=VECTOR('',#1745,14.1);
#1747=LINE('',#1744,#1746);
#1748=EDGE_CURVE('',#1737,#1719,#1747,.T.);
#1749=ORIENTED_EDGE('',*,*,#1748,.T.);
#1750=EDGE_LOOP('',(#1727,#1735,#1743,#1749));
#1751=FACE_BOUND('',#1750,.T.);
#1752=CARTESIAN_POINT('',(-23.538857,9.048751,9.8));
#1753=VERTEX_POINT('',#1752);
#1754=CARTESIAN_POINT('',(-41.638857,9.048751,9.8));
#1755=VERTEX_POINT('',#1754);
#1756=CARTESIAN_POINT('',(-23.538857,9.048751,9.8));
#1757=DIRECTION('',(-1.,0.,0.));
#1758=VECTOR('',#1757,18.1);
#1759=LINE('',#1756,#1758);
#1760=EDGE_CURVE('',#1753,#1755,#1759,.T.);
#1761=ORIENTED_EDGE('',*,*,#1760,.F.);
#1762=CARTESIAN_POINT('',(-23.538857,-9.051249,9.8));
#1763=VERTEX_POINT('',#1762);
#1764=CARTESIAN_POINT('',(-23.538857,-9.051249,9.8));
#1765=DIRECTION('',(0.,1.,0.));
#1766=VECTOR('',#1765,18.1);
#1767=LINE('',#1764,#1766);
#1768=EDGE_CURVE('',#1763,#1753,#1767,.T.);
#1769=ORIENTED_EDGE('',*,*,#1768,.F.);
#1770=CARTESIAN_POINT('',(-41.638857,-9.051249,9.8));
#1771=VERTEX_POINT('',#1770);
#1772=CARTESIAN_POINT('',(-41.638857,-9.051249,9.8));
#1773=DIRECTION('',(1.,0.,-0.));
#1774=VECTOR('',#1773,18.1);
#1775=LINE('',#1772,#1774);
#1776=EDGE_CURVE('',#1771,#1763,#1775,.T.);
#1777=ORIENTED_EDGE('',*,*,#1776,.F.);
#1778=CARTESIAN_POINT('',(-41.638857,9.048751,9.8));
#1779=DIRECTION('',(0.,-1.,0.));
#1780=VECTOR('',#1779,18.1);
#1781=LINE('',#1778,#1780);
#1782=EDGE_CURVE('',#1755,#1771,#1781,.T.);
#1783=ORIENTED_EDGE('',*,*,#1782,.F.);
#1784=EDGE_LOOP('',(#1761,#1769,#1777,#1783));
#1785=FACE_BOUND('',#1784,.T.);
#1786=ADVANCED_FACE('',(#1751,#1785),#1717,.F.);
#1787=CARTESIAN_POINT('',(-2.5,0.,9.8));
#1788=DIRECTION('',(0.,0.,1.));
#1789=DIRECTION('',(1.,0.,0.));
#1790=AXIS2_PLACEMENT_3D('',#1787,#1788,#1789);
#1791=PLANE('',#1790);
#1792=CARTESIAN_POINT('',(43.704893,-7.051249,9.8));
#1793=VERTEX_POINT('',#1792);
#1794=CARTESIAN_POINT('',(57.804893,-7.051249,9.8));
#1795=VERTEX_POINT('',#1794);
#1796=CARTESIAN_POINT('',(43.704893,-7.051249,9.8));
#1797=DIRECTION('',(1.,0.,-0.));
#1798=VECTOR('',#1797,14.1);
#1799=LINE('',#1796,#1798);
#1800=EDGE_CURVE('',#1793,#1795,#1799,.T.);
#1801=ORIENTED_EDGE('',*,*,#1800,.T.);
#1802=CARTESIAN_POINT('',(57.804893,7.048751,9.8));
#1803=VERTEX_POINT('',#1802);
#1804=CARTESIAN_POINT('',(57.804893,-7.051249,9.8));
#1805=DIRECTION('',(0.,1.,0.));
#1806=VECTOR('',#1805,14.1);
#1807=LINE('',#1804,#1806);
#1808=EDGE_CURVE('',#1795,#1803,#1807,.T.);
#1809=ORIENTED_EDGE('',*,*,#1808,.T.);
#1810=CARTESIAN_POINT('',(43.704893,7.048751,9.8));
#1811=VERTEX_POINT('',#1810);
#1812=CARTESIAN_POINT('',(57.804893,7.048751,9.8));
#1813=DIRECTION('',(-1.,0.,0.));
#1814=VECTOR('',#1813,14.1);
#1815=LINE('',#1812,#1814);
#1816=EDGE_CURVE('',#1803,#1811,#1815,.T.);
#1817=ORIENTED_EDGE('',*,*,#1816,.T.);
#1818=CARTESIAN_POINT('',(43.704893,7.048751,9.8));
#1819=DIRECTION('',(0.,-1.,0.));
#1820=VECTOR('',#1819,14.1);
#1821=LINE('',#1818,#1820);
#1822=EDGE_CURVE('',#1811,#1793,#1821,.T.);
#1823=ORIENTED_EDGE('',*,*,#1822,.T.);
#1824=EDGE_LOOP('',(#1801,#1809,#1817,#1823));
#1825=FACE_BOUND('',#1824,.T.);
#1826=CARTESIAN_POINT('',(24.718643,-7.051249,9.8));
#1827=VERTEX_POINT('',#1826);
#1828=CARTESIAN_POINT('',(38.818643,-7.051249,9.8));
#1829=VERTEX_POINT('',#1828);
#1830=CARTESIAN_POINT('',(24.718643,-7.051249,9.8));
#1831=DIRECTION('',(1.,0.,-0.));
#1832=VECTOR('',#1831,14.1);
#1833=LINE('',#1830,#1832);
#1834=EDGE_CURVE('',#1827,#1829,#1833,.T.);
#1835=ORIENTED_EDGE('',*,*,#1834,.T.);
#1836=CARTESIAN_POINT('',(38.818643,7.048751,9.8));
#1837=VERTEX_POINT('',#1836);
#1838=CARTESIAN_POINT('',(38.818643,-7.051249,9.8));
#1839=DIRECTION('',(0.,1.,0.));
#1840=VECTOR('',#1839,14.1);
#1841=LINE('',#1838,#1840);
#1842=EDGE_CURVE('',#1829,#1837,#1841,.T.);
#1843=ORIENTED_EDGE('',*,*,#1842,.T.);
#1844=CARTESIAN_POINT('',(24.718643,7.048751,9.8));
#1845=VERTEX_POINT('',#1844);
#1846=CARTESIAN_POINT('',(38.818643,7.048751,9.8));
#1847=DIRECTION('',(-1.,0.,0.));
#1848=VECTOR('',#1847,14.1);
#1849=LINE('',#1846,#1848);
#1850=EDGE_CURVE('',#1837,#1845,#1849,.T.);
#1851=ORIENTED_EDGE('',*,*,#1850,.T.);
#1852=CARTESIAN_POINT('',(24.718643,7.048751,9.8));
#1853=DIRECTION('',(0.,-1.,0.));
#1854=VECTOR('',#1853,14.1);
#1855=LINE('',#1852,#1854);
#1856=EDGE_CURVE('',#1845,#1827,#1855,.T.);
#1857=ORIENTED_EDGE('',*,*,#1856,.T.);
#1858=EDGE_LOOP('',(#1835,#1843,#1851,#1857));
#1859=FACE_BOUND('',#1858,.T.);
#1860=CARTESIAN_POINT('',(61.804893,9.048751,9.8));
#1861=VERTEX_POINT('',#1860);
#1862=CARTESIAN_POINT('',(22.718643,9.048751,9.8));
#1863=VERTEX_POINT('',#1862);
#1864=CARTESIAN_POINT('',(61.804893,9.048751,9.8));
#1865=DIRECTION('',(-1.,0.,0.));
#1866=VECTOR('',#1865,39.08625);
#1867=LINE('',#1864,#1866);
#1868=EDGE_CURVE('',#1861,#1863,#1867,.T.);
#1869=ORIENTED_EDGE('',*,*,#1868,.F.);
#1870=CARTESIAN_POINT('',(61.804893,-9.051249,9.8));
#1871=VERTEX_POINT('',#1870);
#1872=CARTESIAN_POINT('',(61.804893,-9.051249,9.8));
#1873=DIRECTION('',(0.,1.,0.));
#1874=VECTOR('',#1873,18.1);
#1875=LINE('',#1872,#1874);
#1876=EDGE_CURVE('',#1871,#1861,#1875,.T.);
#1877=ORIENTED_EDGE('',*,*,#1876,.F.);
#1878=CARTESIAN_POINT('',(22.718643,-9.051249,9.8));
#1879=VERTEX_POINT('',#1878);
#1880=CARTESIAN_POINT('',(22.718643,-9.051249,9.8));
#1881=DIRECTION('',(1.,0.,-0.));
#1882=VECTOR('',#1881,39.08625);
#1883=LINE('',#1880,#1882);
#1884=EDGE_CURVE('',#1879,#1871,#1883,.T.);
#1885=ORIENTED_EDGE('',*,*,#1884,.F.);
#1886=CARTESIAN_POINT('',(22.718643,9.048751,9.8));
#1887=DIRECTION('',(0.,-1.,0.));
#1888=VECTOR('',#1887,18.1);
#1889=LINE('',#1886,#1888);
#1890=EDGE_CURVE('',#1863,#1879,#1889,.T.);
#1891=ORIENTED_EDGE('',*,*,#1890,.F.);
#1892=EDGE_LOOP('',(#1869,#1877,#1885,#1891));
#1893=FACE_BOUND('',#1892,.T.);
#1894=ADVANCED_FACE('',(#1825,#1859,#1893),#1791,.F.);
#1895=CARTESIAN_POINT('',(-2.5,0.,11.));
#1896=DIRECTION('',(0.,0.,1.));
#1897=DIRECTION('',(1.,0.,0.));
#1898=AXIS2_PLACEMENT_3D('',#1895,#1896,#1897);
#1899=PLANE('',#1898);
#1900=CARTESIAN_POINT('',(43.704893,7.048751,11.));
#1901=VERTEX_POINT('',#1900);
#1902=CARTESIAN_POINT('',(43.704893,-7.051249,11.));
#1903=VERTEX_POINT('',#1902);
#1904=CARTESIAN_POINT('',(43.704893,7.048751,11.));
#1905=DIRECTION('',(0.,-1.,0.));
#1906=VECTOR('',#1905,14.1);
#1907=LINE('',#1904,#1906);
#1908=EDGE_CURVE('',#1901,#1903,#1907,.T.);
#1909=ORIENTED_EDGE('',*,*,#1908,.F.);
#1910=CARTESIAN_POINT('',(57.804893,7.048751,11.));
#1911=VERTEX_POINT('',#1910);
#1912=CARTESIAN_POINT('',(57.804893,7.048751,11.));
#1913=DIRECTION('',(-1.,0.,0.));
#1914=VECTOR('',#1913,14.1);
#1915=LINE('',#1912,#1914);
#1916=EDGE_CURVE('',#1911,#1901,#1915,.T.);
#1917=ORIENTED_EDGE('',*,*,#1916,.F.);
#1918=CARTESIAN_POINT('',(57.804893,-7.051249,11.));
#1919=VERTEX_POINT('',#1918);
#1920=CARTESIAN_POINT('',(57.804893,-7.051249,11.));
#1921=DIRECTION('',(0.,1.,0.));
#1922=VECTOR('',#1921,14.1);
#1923=LINE('',#1920,#1922);
#1924=EDGE_CURVE('',#1919,#1911,#1923,.T.);
#1925=ORIENTED_EDGE('',*,*,#1924,.F.);
#1926=CARTESIAN_POINT('',(43.704893,-7.051249,11.));
#1927=DIRECTION('',(1.,0.,-0.));
#1928=VECTOR('',#1927,14.1);
#1929=LINE('',#1926,#1928);
#1930=EDGE_CURVE('',#1903,#1919,#1929,.T.);
#1931=ORIENTED_EDGE('',*,*,#1930,.F.);
#1932=EDGE_LOOP('',(#1909,#1917,#1925,#1931));
#1933=FACE_BOUND('',#1932,.T.);
#1934=CARTESIAN_POINT('',(24.718643,7.048751,11.));
#1935=VERTEX_POINT('',#1934);
#1936=CARTESIAN_POINT('',(24.718643,-7.051249,11.));
#1937=VERTEX_POINT('',#1936);
#1938=CARTESIAN_POINT('',(24.718643,7.048751,11.));
#1939=DIRECTION('',(0.,-1.,0.));
#1940=VECTOR('',#1939,14.1);
#1941=LINE('',#1938,#1940);
#1942=EDGE_CURVE('',#1935,#1937,#1941,.T.);
#1943=ORIENTED_EDGE('',*,*,#1942,.F.);
#1944=CARTESIAN_POINT('',(38.818643,7.048751,11.));
#1945=VERTEX_POINT('',#1944);
#1946=CARTESIAN_POINT('',(38.818643,7.048751,11.));
#1947=DIRECTION('',(-1.,0.,0.));
#1948=VECTOR('',#1947,14.1);
#1949=LINE('',#1946,#1948);
#1950=EDGE_CURVE('',#1945,#1935,#1949,.T.);
#1951=ORIENTED_EDGE('',*,*,#1950,.F.);
#1952=CARTESIAN_POINT('',(38.818643,-7.051249,11.));
#1953=VERTEX_POINT('',#1952);
#1954=CARTESIAN_POINT('',(38.818643,-7.051249,11.));
#1955=DIRECTION('',(0.,1.,0.));
#1956=VECTOR('',#1955,14.1);
#1957=LINE('',#1954,#1956);
#1958=EDGE_CURVE('',#1953,#1945,#1957,.T.);
#1959=ORIENTED_EDGE('',*,*,#1958,.F.);
#1960=CARTESIAN_POINT('',(24.718643,-7.051249,11.));
#1961=DIRECTION('',(1.,0.,-0.));
#1962=VECTOR('',#1961,14.1);
#1963=LINE('',#1960,#1962);
#1964=EDGE_CURVE('',#1937,#1953,#1963,.T.);
#1965=ORIENTED_EDGE('',*,*,#1964,.F.);
#1966=EDGE_LOOP('',(#1943,#1951,#1959,#1965));
#1967=FACE_BOUND('',#1966,.T.);
#1968=CARTESIAN_POINT('',(23.718643,-10.051249,11.));
#1969=VERTEX_POINT('',#1968);
#1970=CARTESIAN_POINT('',(58.804893,-10.051249,11.));
#1971=VERTEX_POINT('',#1970);
#1972=CARTESIAN_POINT('',(23.718643,-10.051249,11.));
#1973=DIRECTION('',(1.,0.,-0.));
#1974=VECTOR('',#1973,35.08625);
#1975=LINE('',#1972,#1974);
#1976=EDGE_CURVE('',#1969,#1971,#1975,.T.);
#1977=ORIENTED_EDGE('',*,*,#1976,.T.);
#1978=CARTESIAN_POINT('',(60.804893,-8.051249,11.));
#1979=VERTEX_POINT('',#1978);
#1980=CARTESIAN_POINT('',(58.804893,-8.051249,11.));
#1981=DIRECTION('',(0.,0.,1.));
#1982=DIRECTION('',(1.,0.,-0.));
#1983=AXIS2_PLACEMENT_3D('',#1980,#1981,#1982);
#1984=CIRCLE('',#1983,2.);
#1985=EDGE_CURVE('',#1971,#1979,#1984,.T.);
#1986=ORIENTED_EDGE('',*,*,#1985,.T.);
#1987=CARTESIAN_POINT('',(60.804893,8.048751,11.));
#1988=VERTEX_POINT('',#1987);
#1989=CARTESIAN_POINT('',(60.804893,-8.051249,11.));
#1990=DIRECTION('',(0.,1.,0.));
#1991=VECTOR('',#1990,16.1);
#1992=LINE('',#1989,#1991);
#1993=EDGE_CURVE('',#1979,#1988,#1992,.T.);
#1994=ORIENTED_EDGE('',*,*,#1993,.T.);
#1995=CARTESIAN_POINT('',(58.804893,10.048751,11.));
#1996=VERTEX_POINT('',#1995);
#1997=CARTESIAN_POINT('',(58.804893,8.048751,11.));
#1998=DIRECTION('',(0.,0.,1.));
#1999=DIRECTION('',(1.,0.,-0.));
#2000=AXIS2_PLACEMENT_3D('',#1997,#1998,#1999);
#2001=CIRCLE('',#2000,2.);
#2002=EDGE_CURVE('',#1988,#1996,#2001,.T.);
#2003=ORIENTED_EDGE('',*,*,#2002,.T.);
#2004=CARTESIAN_POINT('',(23.718643,10.048751,11.));
#2005=VERTEX_POINT('',#2004);
#2006=CARTESIAN_POINT('',(58.804893,10.048751,11.));
#2007=DIRECTION('',(-1.,0.,0.));
#2008=VECTOR('',#2007,35.08625);
#2009=LINE('',#2006,#2008);
#2010=EDGE_CURVE('',#1996,#2005,#2009,.T.);
#2011=ORIENTED_EDGE('',*,*,#2010,.T.);
#2012=CARTESIAN_POINT('',(21.718643,8.048751,11.));
#2013=VERTEX_POINT('',#2012);
#2014=CARTESIAN_POINT('',(23.718643,8.048751,11.));
#2015=DIRECTION('',(0.,0.,1.));
#2016=DIRECTION('',(1.,0.,-0.));
#2017=AXIS2_PLACEMENT_3D('',#2014,#2015,#2016);
#2018=CIRCLE('',#2017,2.);
#2019=EDGE_CURVE('',#2005,#2013,#2018,.T.);
#2020=ORIENTED_EDGE('',*,*,#2019,.T.);
#2021=CARTESIAN_POINT('',(21.718643,-8.051249,11.));
#2022=VERTEX_POINT('',#2021);
#2023=CARTESIAN_POINT('',(21.718643,8.048751,11.));
#2024=DIRECTION('',(0.,-1.,0.));
#2025=VECTOR('',#2024,16.1);
#2026=LINE('',#2023,#2025);
#2027=EDGE_CURVE('',#2013,#2022,#2026,.T.);
#2028=ORIENTED_EDGE('',*,*,#2027,.T.);
#2029=CARTESIAN_POINT('',(23.718643,-8.051249,11.));
#2030=DIRECTION('',(0.,0.,1.));
#2031=DIRECTION('',(1.,0.,-0.));
#2032=AXIS2_PLACEMENT_3D('',#2029,#2030,#2031);
#2033=CIRCLE('',#2032,2.);
#2034=EDGE_CURVE('',#2022,#1969,#2033,.T.);
#2035=ORIENTED_EDGE('',*,*,#2034,.T.);
#2036=EDGE_LOOP('',(#1977,#1986,#1994,#2003,#2011,#2020,#2028,#2035));
#2037=FACE_BOUND('',#2036,.T.);
#2038=ADVANCED_FACE('',(#1933,#1967,#2037),#1899,.T.);
#2039=CARTESIAN_POINT('',(-2.5,0.,11.));
#2040=DIRECTION('',(0.,0.,1.));
#2041=DIRECTION('',(1.,0.,0.));
#2042=AXIS2_PLACEMENT_3D('',#2039,#2040,#2041);
#2043=PLANE('',#2042);
#2044=CARTESIAN_POINT('',(-39.638857,7.048751,11.));
#2045=VERTEX_POINT('',#2044);
#2046=CARTESIAN_POINT('',(-39.638857,-7.051249,11.));
#2047=VERTEX_POINT('',#2046);
#2048=CARTESIAN_POINT('',(-39.638857,7.048751,11.));
#2049=DIRECTION('',(0.,-1.,0.));
#2050=VECTOR('',#2049,14.1);
#2051=LINE('',#2048,#2050);
#2052=EDGE_CURVE('',#2045,#2047,#2051,.T.);
#2053=ORIENTED_EDGE('',*,*,#2052,.F.);
#2054=CARTESIAN_POINT('',(-25.538857,7.048751,11.));
#2055=VERTEX_POINT('',#2054);
#2056=CARTESIAN_POINT('',(-25.538857,7.048751,11.));
#2057=DIRECTION('',(-1.,0.,0.));
#2058=VECTOR('',#2057,14.1);
#2059=LINE('',#2056,#2058);
#2060=EDGE_CURVE('',#2055,#2045,#2059,.T.);
#2061=ORIENTED_EDGE('',*,*,#2060,.F.);
#2062=CARTESIAN_POINT('',(-25.538857,-7.051249,11.));
#2063=VERTEX_POINT('',#2062);
#2064=CARTESIAN_POINT('',(-25.538857,-7.051249,11.));
#2065=DIRECTION('',(0.,1.,0.));
#2066=VECTOR('',#2065,14.1);
#2067=LINE('',#2064,#2066);
#2068=EDGE_CURVE('',#2063,#2055,#2067,.T.);
#2069=ORIENTED_EDGE('',*,*,#2068,.F.);
#2070=CARTESIAN_POINT('',(-39.638857,-7.051249,11.));
#2071=DIRECTION('',(1.,0.,-0.));
#2072=VECTOR('',#2071,14.1);
#2073=LINE('',#2070,#2072);
#2074=EDGE_CURVE('',#2047,#2063,#2073,.T.);
#2075=ORIENTED_EDGE('',*,*,#2074,.F.);
#2076=EDGE_LOOP('',(#2053,#2061,#2069,#2075));
#2077=FACE_BOUND('',#2076,.T.);
#2078=CARTESIAN_POINT('',(-40.638857,-10.051249,11.));
#2079=VERTEX_POINT('',#2078);
#2080=CARTESIAN_POINT('',(-24.538857,-10.051249,11.));
#2081=VERTEX_POINT('',#2080);
#2082=CARTESIAN_POINT('',(-40.638857,-10.051249,11.));
#2083=DIRECTION('',(1.,0.,-0.));
#2084=VECTOR('',#2083,16.1);
#2085=LINE('',#2082,#2084);
#2086=EDGE_CURVE('',#2079,#2081,#2085,.T.);
#2087=ORIENTED_EDGE('',*,*,#2086,.T.);
#2088=CARTESIAN_POINT('',(-22.538857,-8.051249,11.));
#2089=VERTEX_POINT('',#2088);
#2090=CARTESIAN_POINT('',(-24.538857,-8.051249,11.));
#2091=DIRECTION('',(0.,0.,1.));
#2092=DIRECTION('',(1.,0.,-0.));
#2093=AXIS2_PLACEMENT_3D('',#2090,#2091,#2092);
#2094=CIRCLE('',#2093,2.);
#2095=EDGE_CURVE('',#2081,#2089,#2094,.T.);
#2096=ORIENTED_EDGE('',*,*,#2095,.T.);
#2097=CARTESIAN_POINT('',(-22.538857,8.048751,11.));
#2098=VERTEX_POINT('',#2097);
#2099=CARTESIAN_POINT('',(-22.538857,-8.051249,11.));
#2100=DIRECTION('',(0.,1.,0.));
#2101=VECTOR('',#2100,16.1);
#2102=LINE('',#2099,#2101);
#2103=EDGE_CURVE('',#2089,#2098,#2102,.T.);
#2104=ORIENTED_EDGE('',*,*,#2103,.T.);
#2105=CARTESIAN_POINT('',(-24.538857,10.048751,11.));
#2106=VERTEX_POINT('',#2105);
#2107=CARTESIAN_POINT('',(-24.538857,8.048751,11.));
#2108=DIRECTION('',(0.,0.,1.));
#2109=DIRECTION('',(1.,0.,-0.));
#2110=AXIS2_PLACEMENT_3D('',#2107,#2108,#2109);
#2111=CIRCLE('',#2110,2.);
#2112=EDGE_CURVE('',#2098,#2106,#2111,.T.);
#2113=ORIENTED_EDGE('',*,*,#2112,.T.);
#2114=CARTESIAN_POINT('',(-40.638857,10.048751,11.));
#2115=VERTEX_POINT('',#2114);
#2116=CARTESIAN_POINT('',(-24.538857,10.048751,11.));
#2117=DIRECTION('',(-1.,0.,0.));
#2118=VECTOR('',#2117,16.1);
#2119=LINE('',#2116,#2118);
#2120=EDGE_CURVE('',#2106,#2115,#2119,.T.);
#2121=ORIENTED_EDGE('',*,*,#2120,.T.);
#2122=CARTESIAN_POINT('',(-42.638857,8.048751,11.));
#2123=VERTEX_POINT('',#2122);
#2124=CARTESIAN_POINT('',(-40.638857,8.048751,11.));
#2125=DIRECTION('',(0.,0.,1.));
#2126=DIRECTION('',(1.,0.,-0.));
#2127=AXIS2_PLACEMENT_3D('',#2124,#2125,#2126);
#2128=CIRCLE('',#2127,2.);
#2129=EDGE_CURVE('',#2115,#2123,#2128,.T.);
#2130=ORIENTED_EDGE('',*,*,#2129,.T.);
#2131=CARTESIAN_POINT('',(-42.638857,-8.051249,11.));
#2132=VERTEX_POINT('',#2131);
#2133=CARTESIAN_POINT('',(-42.638857,8.048751,11.));
#2134=DIRECTION('',(0.,-1.,0.));
#2135=VECTOR('',#2134,16.1);
#2136=LINE('',#2133,#2135);
#2137=EDGE_CURVE('',#2123,#2132,#2136,.T.);
#2138=ORIENTED_EDGE('',*,*,#2137,.T.);
#2139=CARTESIAN_POINT('',(-40.638857,-8.051249,11.));
#2140=DIRECTION('',(0.,0.,1.));
#2141=DIRECTION('',(1.,0.,-0.));
#2142=AXIS2_PLACEMENT_3D('',#2139,#2140,#2141);
#2143=CIRCLE('',#2142,2.);
#2144=EDGE_CURVE('',#2132,#2079,#2143,.T.);
#2145=ORIENTED_EDGE('',*,*,#2144,.T.);
#2146=EDGE_LOOP('',(#2087,#2096,#2104,#2113,#2121,#2130,#2138,#2145));
#2147=FACE_BOUND('',#2146,.T.);
#2148=ADVANCED_FACE('',(#2077,#2147),#2043,.T.);
#2149=CARTESIAN_POINT('',(66.476606866,11.502570692,9.4));
#2150=DIRECTION('',(0.999999973,-0.00023136,0.));
#2151=DIRECTION('',(-0.00023136,-0.999999973,0.));
#2152=AXIS2_PLACEMENT_3D('',#2149,#2150,#2151);
#2153=PLANE('',#2152);
#2154=CARTESIAN_POINT('',(66.476838243,12.502643135,9.4));
#2155=VERTEX_POINT('',#2154);
#2156=CARTESIAN_POINT('',(66.476838243,12.502643135,13.));
#2157=VERTEX_POINT('',#2156);
#2158=CARTESIAN_POINT('',(66.476838243,12.502643135,9.4));
#2159=DIRECTION('',(0.,0.,1.));
#2160=VECTOR('',#2159,3.6);
#2161=LINE('',#2158,#2160);
#2162=EDGE_CURVE('',#2155,#2157,#2161,.T.);
#2163=ORIENTED_EDGE('',*,*,#2162,.T.);
#2164=CARTESIAN_POINT('',(66.471052495,-12.504934483,13.));
#2165=VERTEX_POINT('',#2164);
#2166=CARTESIAN_POINT('',(66.476838243,12.502643135,13.));
#2167=DIRECTION('',(-0.00023136,-0.999999973,0.));
#2168=VECTOR('',#2167,25.007578287);
#2169=LINE('',#2166,#2168);
#2170=EDGE_CURVE('',#2157,#2165,#2169,.T.);
#2171=ORIENTED_EDGE('',*,*,#2170,.T.);
#2172=CARTESIAN_POINT('',(66.471052495,-12.504934483,9.4));
#2173=VERTEX_POINT('',#2172);
#2174=CARTESIAN_POINT('',(66.471052495,-12.504934483,13.));
#2175=DIRECTION('',(-0.,-0.,-1.));
#2176=VECTOR('',#2175,3.6);
#2177=LINE('',#2174,#2176);
#2178=EDGE_CURVE('',#2165,#2173,#2177,.T.);
#2179=ORIENTED_EDGE('',*,*,#2178,.T.);
#2180=CARTESIAN_POINT('',(66.471052495,-12.504934483,9.4));
#2181=DIRECTION('',(0.00023136,0.999999973,0.));
#2182=VECTOR('',#2181,25.007578287);
#2183=LINE('',#2180,#2182);
#2184=EDGE_CURVE('',#2173,#2155,#2183,.T.);
#2185=ORIENTED_EDGE('',*,*,#2184,.T.);
#2186=EDGE_LOOP('',(#2163,#2171,#2179,#2185));
#2187=FACE_BOUND('',#2186,.T.);
#2188=ADVANCED_FACE('',(#2187),#2153,.T.);
#2189=CARTESIAN_POINT('',(-65.474765797,17.494689987,9.4));
#2190=DIRECTION('',(-0.000071759,0.999999997,0.));
#2191=DIRECTION('',(0.999999997,0.000071759,0.));
#2192=AXIS2_PLACEMENT_3D('',#2189,#2190,#2191);
#2193=PLANE('',#2192);
#2194=CARTESIAN_POINT('',(-63.532028086,17.494829397,9.4));
#2195=VERTEX_POINT('',#2194);
#2196=CARTESIAN_POINT('',(-63.532028086,17.494829397,13.));
#2197=VERTEX_POINT('',#2196);
#2198=CARTESIAN_POINT('',(-63.532028086,17.494829397,9.4));
#2199=DIRECTION('',(0.,0.,1.));
#2200=VECTOR('',#2199,3.6);
#2201=LINE('',#2198,#2200);
#2202=EDGE_CURVE('',#2195,#2197,#2201,.T.);
#2203=ORIENTED_EDGE('',*,*,#2202,.T.);
#2204=CARTESIAN_POINT('',(-63.532028086,17.494829397,13.));
#2205=DIRECTION('',(0.999999997,0.000071759,0.));
#2206=VECTOR('',#2205,55.405771366);
#2207=LINE('',#2204,#2206);
#2208=EDGE_CURVE('',#2197,#171,#2207,.T.);
#2209=ORIENTED_EDGE('',*,*,#2208,.T.);
#2210=ORIENTED_EDGE('',*,*,#176,.T.);
#2211=ORIENTED_EDGE('',*,*,#679,.T.);
#2212=CARTESIAN_POINT('',(61.47647958,17.503799921,9.4));
#2213=VERTEX_POINT('',#2212);
#2214=CARTESIAN_POINT('',(61.47647958,17.503799921,13.));
#2215=DIRECTION('',(-0.,-0.,-1.));
#2216=VECTOR('',#2215,3.6);
#2217=LINE('',#2214,#2216);
#2218=EDGE_CURVE('',#667,#2213,#2217,.T.);
#2219=ORIENTED_EDGE('',*,*,#2218,.T.);
#2220=CARTESIAN_POINT('',(61.47647958,17.503799921,9.4));
#2221=DIRECTION('',(-0.999999997,-0.000071759,0.));
#2222=VECTOR('',#2221,125.008507988);
#2223=LINE('',#2220,#2222);
#2224=EDGE_CURVE('',#2213,#2195,#2223,.T.);
#2225=ORIENTED_EDGE('',*,*,#2224,.T.);
#2226=EDGE_LOOP('',(#2203,#2209,#2210,#2211,#2219,#2225));
#2227=FACE_BOUND('',#2226,.T.);
#2228=ADVANCED_FACE('',(#2227),#2193,.T.);
#2229=CARTESIAN_POINT('',(-39.638857,-7.051249,9.4));
#2230=DIRECTION('',(0.,1.,0.));
#2231=DIRECTION('',(1.,0.,0.));
#2232=AXIS2_PLACEMENT_3D('',#2229,#2230,#2231);
#2233=PLANE('',#2232);
#2234=CARTESIAN_POINT('',(-39.638857,-7.051249,9.8));
#2235=DIRECTION('',(-0.,-0.,1.));
#2236=VECTOR('',#2235,1.2);
#2237=LINE('',#2234,#2236);
#2238=EDGE_CURVE('',#1719,#2047,#2237,.T.);
#2239=ORIENTED_EDGE('',*,*,#2238,.T.);
#2240=ORIENTED_EDGE('',*,*,#2074,.T.);
#2241=CARTESIAN_POINT('',(-25.538857,-7.051249,9.8));
#2242=DIRECTION('',(-0.,-0.,1.));
#2243=VECTOR('',#2242,1.2);
#2244=LINE('',#2241,#2243);
#2245=EDGE_CURVE('',#1721,#2063,#2244,.T.);
#2246=ORIENTED_EDGE('',*,*,#2245,.F.);
#2247=ORIENTED_EDGE('',*,*,#1726,.F.);
#2248=EDGE_LOOP('',(#2239,#2240,#2246,#2247));
#2249=FACE_BOUND('',#2248,.T.);
#2250=ADVANCED_FACE('',(#2249),#2233,.T.);
#2251=CARTESIAN_POINT('',(-25.538857,-7.051249,9.4));
#2252=DIRECTION('',(-1.,0.,0.));
#2253=DIRECTION('',(0.,1.,0.));
#2254=AXIS2_PLACEMENT_3D('',#2251,#2252,#2253);
#2255=PLANE('',#2254);
#2256=ORIENTED_EDGE('',*,*,#2245,.T.);
#2257=ORIENTED_EDGE('',*,*,#2068,.T.);
#2258=CARTESIAN_POINT('',(-25.538857,7.048751,9.8));
#2259=DIRECTION('',(-0.,-0.,1.));
#2260=VECTOR('',#2259,1.2);
#2261=LINE('',#2258,#2260);
#2262=EDGE_CURVE('',#1729,#2055,#2261,.T.);
#2263=ORIENTED_EDGE('',*,*,#2262,.F.);
#2264=ORIENTED_EDGE('',*,*,#1734,.F.);
#2265=EDGE_LOOP('',(#2256,#2257,#2263,#2264));
#2266=FACE_BOUND('',#2265,.T.);
#2267=ADVANCED_FACE('',(#2266),#2255,.T.);
#2268=CARTESIAN_POINT('',(-25.538857,7.048751,9.4));
#2269=DIRECTION('',(0.,-1.,0.));
#2270=DIRECTION('',(-1.,0.,0.));
#2271=AXIS2_PLACEMENT_3D('',#2268,#2269,#2270);
#2272=PLANE('',#2271);
#2273=ORIENTED_EDGE('',*,*,#2262,.T.);
#2274=ORIENTED_EDGE('',*,*,#2060,.T.);
#2275=CARTESIAN_POINT('',(-39.638857,7.048751,9.8));
#2276=DIRECTION('',(-0.,-0.,1.));
#2277=VECTOR('',#2276,1.2);
#2278=LINE('',#2275,#2277);
#2279=EDGE_CURVE('',#1737,#2045,#2278,.T.);
#2280=ORIENTED_EDGE('',*,*,#2279,.F.);
#2281=ORIENTED_EDGE('',*,*,#1742,.F.);
#2282=EDGE_LOOP('',(#2273,#2274,#2280,#2281));
#2283=FACE_BOUND('',#2282,.T.);
#2284=ADVANCED_FACE('',(#2283),#2272,.T.);
#2285=CARTESIAN_POINT('',(-39.638857,7.048751,9.4));
#2286=DIRECTION('',(1.,0.,0.));
#2287=DIRECTION('',(0.,-1.,0.));
#2288=AXIS2_PLACEMENT_3D('',#2285,#2286,#2287);
#2289=PLANE('',#2288);
#2290=ORIENTED_EDGE('',*,*,#2279,.T.);
#2291=ORIENTED_EDGE('',*,*,#2052,.T.);
#2292=ORIENTED_EDGE('',*,*,#2238,.F.);
#2293=ORIENTED_EDGE('',*,*,#1748,.F.);
#2294=EDGE_LOOP('',(#2290,#2291,#2292,#2293));
#2295=FACE_BOUND('',#2294,.T.);
#2296=ADVANCED_FACE('',(#2295),#2289,.T.);
#2297=CARTESIAN_POINT('',(24.718643,-7.051249,9.4));
#2298=DIRECTION('',(0.,1.,0.));
#2299=DIRECTION('',(1.,0.,0.));
#2300=AXIS2_PLACEMENT_3D('',#2297,#2298,#2299);
#2301=PLANE('',#2300);
#2302=CARTESIAN_POINT('',(24.718643,-7.051249,9.8));
#2303=DIRECTION('',(-0.,-0.,1.));
#2304=VECTOR('',#2303,1.2);
#2305=LINE('',#2302,#2304);
#2306=EDGE_CURVE('',#1827,#1937,#2305,.T.);
#2307=ORIENTED_EDGE('',*,*,#2306,.T.);
#2308=ORIENTED_EDGE('',*,*,#1964,.T.);
#2309=CARTESIAN_POINT('',(38.818643,-7.051249,9.8));
#2310=DIRECTION('',(-0.,-0.,1.));
#2311=VECTOR('',#2310,1.2);
#2312=LINE('',#2309,#2311);
#2313=EDGE_CURVE('',#1829,#1953,#2312,.T.);
#2314=ORIENTED_EDGE('',*,*,#2313,.F.);
#2315=ORIENTED_EDGE('',*,*,#1834,.F.);
#2316=EDGE_LOOP('',(#2307,#2308,#2314,#2315));
#2317=FACE_BOUND('',#2316,.T.);
#2318=ADVANCED_FACE('',(#2317),#2301,.T.);
#2319=CARTESIAN_POINT('',(38.818643,-7.051249,9.4));
#2320=DIRECTION('',(-1.,0.,0.));
#2321=DIRECTION('',(0.,1.,0.));
#2322=AXIS2_PLACEMENT_3D('',#2319,#2320,#2321);
#2323=PLANE('',#2322);
#2324=ORIENTED_EDGE('',*,*,#2313,.T.);
#2325=ORIENTED_EDGE('',*,*,#1958,.T.);
#2326=CARTESIAN_POINT('',(38.818643,7.048751,9.8));
#2327=DIRECTION('',(-0.,-0.,1.));
#2328=VECTOR('',#2327,1.2);
#2329=LINE('',#2326,#2328);
#2330=EDGE_CURVE('',#1837,#1945,#2329,.T.);
#2331=ORIENTED_EDGE('',*,*,#2330,.F.);
#2332=ORIENTED_EDGE('',*,*,#1842,.F.);
#2333=EDGE_LOOP('',(#2324,#2325,#2331,#2332));
#2334=FACE_BOUND('',#2333,.T.);
#2335=ADVANCED_FACE('',(#2334),#2323,.T.);
#2336=CARTESIAN_POINT('',(38.818643,7.048751,9.4));
#2337=DIRECTION('',(0.,-1.,0.));
#2338=DIRECTION('',(-1.,0.,0.));
#2339=AXIS2_PLACEMENT_3D('',#2336,#2337,#2338);
#2340=PLANE('',#2339);
#2341=ORIENTED_EDGE('',*,*,#2330,.T.);
#2342=ORIENTED_EDGE('',*,*,#1950,.T.);
#2343=CARTESIAN_POINT('',(24.718643,7.048751,9.8));
#2344=DIRECTION('',(-0.,-0.,1.));
#2345=VECTOR('',#2344,1.2);
#2346=LINE('',#2343,#2345);
#2347=EDGE_CURVE('',#1845,#1935,#2346,.T.);
#2348=ORIENTED_EDGE('',*,*,#2347,.F.);
#2349=ORIENTED_EDGE('',*,*,#1850,.F.);
#2350=EDGE_LOOP('',(#2341,#2342,#2348,#2349));
#2351=FACE_BOUND('',#2350,.T.);
#2352=ADVANCED_FACE('',(#2351),#2340,.T.);
#2353=CARTESIAN_POINT('',(24.718643,7.048751,9.4));
#2354=DIRECTION('',(1.,0.,0.));
#2355=DIRECTION('',(0.,-1.,0.));
#2356=AXIS2_PLACEMENT_3D('',#2353,#2354,#2355);
#2357=PLANE('',#2356);
#2358=ORIENTED_EDGE('',*,*,#2347,.T.);
#2359=ORIENTED_EDGE('',*,*,#1942,.T.);
#2360=ORIENTED_EDGE('',*,*,#2306,.F.);
#2361=ORIENTED_EDGE('',*,*,#1856,.F.);
#2362=EDGE_LOOP('',(#2358,#2359,#2360,#2361));
#2363=FACE_BOUND('',#2362,.T.);
#2364=ADVANCED_FACE('',(#2363),#2357,.T.);
#2365=CARTESIAN_POINT('',(43.704893,-7.051249,9.4));
#2366=DIRECTION('',(0.,1.,0.));
#2367=DIRECTION('',(1.,0.,0.));
#2368=AXIS2_PLACEMENT_3D('',#2365,#2366,#2367);
#2369=PLANE('',#2368);
#2370=CARTESIAN_POINT('',(43.704893,-7.051249,9.8));
#2371=DIRECTION('',(-0.,-0.,1.));
#2372=VECTOR('',#2371,1.2);
#2373=LINE('',#2370,#2372);
#2374=EDGE_CURVE('',#1793,#1903,#2373,.T.);
#2375=ORIENTED_EDGE('',*,*,#2374,.T.);
#2376=ORIENTED_EDGE('',*,*,#1930,.T.);
#2377=CARTESIAN_POINT('',(57.804893,-7.051249,9.8));
#2378=DIRECTION('',(-0.,-0.,1.));
#2379=VECTOR('',#2378,1.2);
#2380=LINE('',#2377,#2379);
#2381=EDGE_CURVE('',#1795,#1919,#2380,.T.);
#2382=ORIENTED_EDGE('',*,*,#2381,.F.);
#2383=ORIENTED_EDGE('',*,*,#1800,.F.);
#2384=EDGE_LOOP('',(#2375,#2376,#2382,#2383));
#2385=FACE_BOUND('',#2384,.T.);
#2386=ADVANCED_FACE('',(#2385),#2369,.T.);
#2387=CARTESIAN_POINT('',(57.804893,-7.051249,9.4));
#2388=DIRECTION('',(-1.,0.,0.));
#2389=DIRECTION('',(0.,1.,0.));
#2390=AXIS2_PLACEMENT_3D('',#2387,#2388,#2389);
#2391=PLANE('',#2390);
#2392=ORIENTED_EDGE('',*,*,#2381,.T.);
#2393=ORIENTED_EDGE('',*,*,#1924,.T.);
#2394=CARTESIAN_POINT('',(57.804893,7.048751,9.8));
#2395=DIRECTION('',(-0.,-0.,1.));
#2396=VECTOR('',#2395,1.2);
#2397=LINE('',#2394,#2396);
#2398=EDGE_CURVE('',#1803,#1911,#2397,.T.);
#2399=ORIENTED_EDGE('',*,*,#2398,.F.);
#2400=ORIENTED_EDGE('',*,*,#1808,.F.);
#2401=EDGE_LOOP('',(#2392,#2393,#2399,#2400));
#2402=FACE_BOUND('',#2401,.T.);
#2403=ADVANCED_FACE('',(#2402),#2391,.T.);
#2404=CARTESIAN_POINT('',(57.804893,7.048751,9.4));
#2405=DIRECTION('',(0.,-1.,0.));
#2406=DIRECTION('',(-1.,0.,0.));
#2407=AXIS2_PLACEMENT_3D('',#2404,#2405,#2406);
#2408=PLANE('',#2407);
#2409=ORIENTED_EDGE('',*,*,#2398,.T.);
#2410=ORIENTED_EDGE('',*,*,#1916,.T.);
#2411=CARTESIAN_POINT('',(43.704893,7.048751,9.8));
#2412=DIRECTION('',(-0.,-0.,1.));
#2413=VECTOR('',#2412,1.2);
#2414=LINE('',#2411,#2413);
#2415=EDGE_CURVE('',#1811,#1901,#2414,.T.);
#2416=ORIENTED_EDGE('',*,*,#2415,.F.);
#2417=ORIENTED_EDGE('',*,*,#1816,.F.);
#2418=EDGE_LOOP('',(#2409,#2410,#2416,#2417));
#2419=FACE_BOUND('',#2418,.T.);
#2420=ADVANCED_FACE('',(#2419),#2408,.T.);
#2421=CARTESIAN_POINT('',(43.704893,7.048751,9.4));
#2422=DIRECTION('',(1.,0.,0.));
#2423=DIRECTION('',(0.,-1.,0.));
#2424=AXIS2_PLACEMENT_3D('',#2421,#2422,#2423);
#2425=PLANE('',#2424);
#2426=ORIENTED_EDGE('',*,*,#2415,.T.);
#2427=ORIENTED_EDGE('',*,*,#1908,.T.);
#2428=ORIENTED_EDGE('',*,*,#2374,.F.);
#2429=ORIENTED_EDGE('',*,*,#1822,.F.);
#2430=EDGE_LOOP('',(#2426,#2427,#2428,#2429));
#2431=FACE_BOUND('',#2430,.T.);
#2432=ADVANCED_FACE('',(#2431),#2425,.T.);
#2433=CARTESIAN_POINT('',(-22.538857,-0.001249,15.));
#2434=DIRECTION('',(-1.,0.,0.));
#2435=DIRECTION('',(0.,0.,1.));
#2436=AXIS2_PLACEMENT_3D('',#2433,#2434,#2435);
#2437=PLANE('',#2436);
#2438=ORIENTED_EDGE('',*,*,#2103,.F.);
#2439=CARTESIAN_POINT('',(-22.538857,-8.051249,11.));
#2440=DIRECTION('',(-0.,-0.,1.));
#2441=VECTOR('',#2440,4.);
#2442=LINE('',#2439,#2441);
#2443=EDGE_CURVE('',#2089,#313,#2442,.T.);
#2444=ORIENTED_EDGE('',*,*,#2443,.T.);
#2445=ORIENTED_EDGE('',*,*,#320,.T.);
#2446=CARTESIAN_POINT('',(-22.538857,8.048751,15.));
#2447=DIRECTION('',(0.,0.,-1.));
#2448=VECTOR('',#2447,4.);
#2449=LINE('',#2446,#2448);
#2450=EDGE_CURVE('',#315,#2098,#2449,.T.);
#2451=ORIENTED_EDGE('',*,*,#2450,.T.);
#2452=EDGE_LOOP('',(#2438,#2444,#2445,#2451));
#2453=FACE_BOUND('',#2452,.T.);
#2454=ADVANCED_FACE('',(#2453),#2437,.T.);
#2455=CARTESIAN_POINT('',(-32.588857,-10.051249,15.));
#2456=DIRECTION('',(0.,1.,0.));
#2457=DIRECTION('',(0.,0.,1.));
#2458=AXIS2_PLACEMENT_3D('',#2455,#2456,#2457);
#2459=PLANE('',#2458);
#2460=ORIENTED_EDGE('',*,*,#337,.T.);
#2461=CARTESIAN_POINT('',(-24.538857,-10.051249,15.));
#2462=DIRECTION('',(0.,0.,-1.));
#2463=VECTOR('',#2462,4.);
#2464=LINE('',#2461,#2463);
#2465=EDGE_CURVE('',#323,#2081,#2464,.T.);
#2466=ORIENTED_EDGE('',*,*,#2465,.T.);
#2467=ORIENTED_EDGE('',*,*,#2086,.F.);
#2468=CARTESIAN_POINT('',(-40.638857,-10.051249,11.));
#2469=DIRECTION('',(-0.,-0.,1.));
#2470=VECTOR('',#2469,4.);
#2471=LINE('',#2468,#2470);
#2472=EDGE_CURVE('',#2079,#332,#2471,.T.);
#2473=ORIENTED_EDGE('',*,*,#2472,.T.);
#2474=EDGE_LOOP('',(#2460,#2466,#2467,#2473));
#2475=FACE_BOUND('',#2474,.T.);
#2476=ADVANCED_FACE('',(#2475),#2459,.T.);
#2477=CARTESIAN_POINT('',(-42.638857,-0.001249,15.));
#2478=DIRECTION('',(1.,0.,0.));
#2479=DIRECTION('',(0.,0.,-1.));
#2480=AXIS2_PLACEMENT_3D('',#2477,#2478,#2479);
#2481=PLANE('',#2480);
#2482=ORIENTED_EDGE('',*,*,#2137,.F.);
#2483=CARTESIAN_POINT('',(-42.638857,8.048751,11.));
#2484=DIRECTION('',(-0.,-0.,1.));
#2485=VECTOR('',#2484,4.);
#2486=LINE('',#2483,#2485);
#2487=EDGE_CURVE('',#2123,#349,#2486,.T.);
#2488=ORIENTED_EDGE('',*,*,#2487,.T.);
#2489=ORIENTED_EDGE('',*,*,#354,.T.);
#2490=CARTESIAN_POINT('',(-42.638857,-8.051249,15.));
#2491=DIRECTION('',(0.,0.,-1.));
#2492=VECTOR('',#2491,4.);
#2493=LINE('',#2490,#2492);
#2494=EDGE_CURVE('',#340,#2132,#2493,.T.);
#2495=ORIENTED_EDGE('',*,*,#2494,.T.);
#2496=EDGE_LOOP('',(#2482,#2488,#2489,#2495));
#2497=FACE_BOUND('',#2496,.T.);
#2498=ADVANCED_FACE('',(#2497),#2481,.T.);
#2499=CARTESIAN_POINT('',(60.804893,-0.001249,15.));
#2500=DIRECTION('',(-1.,0.,0.));
#2501=DIRECTION('',(0.,0.,1.));
#2502=AXIS2_PLACEMENT_3D('',#2499,#2500,#2501);
#2503=PLANE('',#2502);
#2504=ORIENTED_EDGE('',*,*,#1993,.F.);
#2505=CARTESIAN_POINT('',(60.804893,-8.051249,11.));
#2506=DIRECTION('',(-0.,-0.,1.));
#2507=VECTOR('',#2506,4.);
#2508=LINE('',#2505,#2507);
#2509=EDGE_CURVE('',#1979,#924,#2508,.T.);
#2510=ORIENTED_EDGE('',*,*,#2509,.T.);
#2511=ORIENTED_EDGE('',*,*,#931,.T.);
#2512=CARTESIAN_POINT('',(60.804893,8.048751,15.));
#2513=DIRECTION('',(0.,0.,-1.));
#2514=VECTOR('',#2513,4.);
#2515=LINE('',#2512,#2514);
#2516=EDGE_CURVE('',#926,#1988,#2515,.T.);
#2517=ORIENTED_EDGE('',*,*,#2516,.T.);
#2518=EDGE_LOOP('',(#2504,#2510,#2511,#2517));
#2519=FACE_BOUND('',#2518,.T.);
#2520=ADVANCED_FACE('',(#2519),#2503,.T.);
#2521=CARTESIAN_POINT('',(50.311768,-10.051249,15.));
#2522=DIRECTION('',(0.,1.,0.));
#2523=DIRECTION('',(0.,0.,1.));
#2524=AXIS2_PLACEMENT_3D('',#2521,#2522,#2523);
#2525=PLANE('',#2524);
#2526=ORIENTED_EDGE('',*,*,#948,.T.);
#2527=CARTESIAN_POINT('',(58.804893,-10.051249,15.));
#2528=DIRECTION('',(0.,0.,-1.));
#2529=VECTOR('',#2528,4.);
#2530=LINE('',#2527,#2529);
#2531=EDGE_CURVE('',#934,#1971,#2530,.T.);
#2532=ORIENTED_EDGE('',*,*,#2531,.T.);
#2533=ORIENTED_EDGE('',*,*,#1976,.F.);
#2534=CARTESIAN_POINT('',(23.718643,-10.051249,11.));
#2535=DIRECTION('',(-0.,-0.,1.));
#2536=VECTOR('',#2535,4.);
#2537=LINE('',#2534,#2536);
#2538=EDGE_CURVE('',#1969,#943,#2537,.T.);
#2539=ORIENTED_EDGE('',*,*,#2538,.T.);
#2540=EDGE_LOOP('',(#2526,#2532,#2533,#2539));
#2541=FACE_BOUND('',#2540,.T.);
#2542=ADVANCED_FACE('',(#2541),#2525,.T.);
#2543=CARTESIAN_POINT('',(21.718643,-0.001249,15.));
#2544=DIRECTION('',(1.,0.,0.));
#2545=DIRECTION('',(0.,0.,-1.));
#2546=AXIS2_PLACEMENT_3D('',#2543,#2544,#2545);
#2547=PLANE('',#2546);
#2548=ORIENTED_EDGE('',*,*,#2027,.F.);
#2549=CARTESIAN_POINT('',(21.718643,8.048751,11.));
#2550=DIRECTION('',(-0.,-0.,1.));
#2551=VECTOR('',#2550,4.);
#2552=LINE('',#2549,#2551);
#2553=EDGE_CURVE('',#2013,#960,#2552,.T.);
#2554=ORIENTED_EDGE('',*,*,#2553,.T.);
#2555=ORIENTED_EDGE('',*,*,#965,.T.);
#2556=CARTESIAN_POINT('',(21.718643,-8.051249,15.));
#2557=DIRECTION('',(0.,0.,-1.));
#2558=VECTOR('',#2557,4.);
#2559=LINE('',#2556,#2558);
#2560=EDGE_CURVE('',#951,#2022,#2559,.T.);
#2561=ORIENTED_EDGE('',*,*,#2560,.T.);
#2562=EDGE_LOOP('',(#2548,#2554,#2555,#2561));
#2563=FACE_BOUND('',#2562,.T.);
#2564=ADVANCED_FACE('',(#2563),#2547,.T.);
#2565=CARTESIAN_POINT('',(32.211768,10.048751,15.));
#2566=DIRECTION('',(0.,-1.,0.));
#2567=DIRECTION('',(0.,0.,-1.));
#2568=AXIS2_PLACEMENT_3D('',#2565,#2566,#2567);
#2569=PLANE('',#2568);
#2570=ORIENTED_EDGE('',*,*,#2010,.F.);
#2571=CARTESIAN_POINT('',(58.804893,10.048751,11.));
#2572=DIRECTION('',(-0.,-0.,1.));
#2573=VECTOR('',#2572,4.);
#2574=LINE('',#2571,#2573);
#2575=EDGE_CURVE('',#1996,#977,#2574,.T.);
#2576=ORIENTED_EDGE('',*,*,#2575,.T.);
#2577=ORIENTED_EDGE('',*,*,#982,.T.);
#2578=CARTESIAN_POINT('',(23.718643,10.048751,15.));
#2579=DIRECTION('',(0.,0.,-1.));
#2580=VECTOR('',#2579,4.);
#2581=LINE('',#2578,#2580);
#2582=EDGE_CURVE('',#968,#2005,#2581,.T.);
#2583=ORIENTED_EDGE('',*,*,#2582,.T.);
#2584=EDGE_LOOP('',(#2570,#2576,#2577,#2583));
#2585=FACE_BOUND('',#2584,.T.);
#2586=ADVANCED_FACE('',(#2585),#2569,.T.);
#2587=CARTESIAN_POINT('',(-32.588857,10.048751,15.));
#2588=DIRECTION('',(0.,-1.,0.));
#2589=DIRECTION('',(0.,0.,-1.));
#2590=AXIS2_PLACEMENT_3D('',#2587,#2588,#2589);
#2591=PLANE('',#2590);
#2592=ORIENTED_EDGE('',*,*,#371,.T.);
#2593=CARTESIAN_POINT('',(-40.638857,10.048751,15.));
#2594=DIRECTION('',(0.,0.,-1.));
#2595=VECTOR('',#2594,4.);
#2596=LINE('',#2593,#2595);
#2597=EDGE_CURVE('',#357,#2115,#2596,.T.);
#2598=ORIENTED_EDGE('',*,*,#2597,.T.);
#2599=ORIENTED_EDGE('',*,*,#2120,.F.);
#2600=CARTESIAN_POINT('',(-24.538857,10.048751,11.));
#2601=DIRECTION('',(-0.,-0.,1.));
#2602=VECTOR('',#2601,4.);
#2603=LINE('',#2600,#2602);
#2604=EDGE_CURVE('',#2106,#366,#2603,.T.);
#2605=ORIENTED_EDGE('',*,*,#2604,.T.);
#2606=EDGE_LOOP('',(#2592,#2598,#2599,#2605));
#2607=FACE_BOUND('',#2606,.T.);
#2608=ADVANCED_FACE('',(#2607),#2591,.T.);
#2609=CARTESIAN_POINT('',(31.768643,9.048751,8.8));
#2610=DIRECTION('',(0.,1.,0.));
#2611=DIRECTION('',(0.,0.,1.));
#2612=AXIS2_PLACEMENT_3D('',#2609,#2610,#2611);
#2613=PLANE('',#2612);
#2614=ORIENTED_EDGE('',*,*,#1868,.T.);
#2615=CARTESIAN_POINT('',(22.718643,9.048751,8.8));
#2616=DIRECTION('',(0.,0.,1.));
#2617=VECTOR('',#2616,1.);
#2618=LINE('',#2615,#2617);
#2619=EDGE_CURVE('',#1556,#1863,#2618,.T.);
#2620=ORIENTED_EDGE('',*,*,#2619,.F.);
#2621=ORIENTED_EDGE('',*,*,#1561,.F.);
#2622=CARTESIAN_POINT('',(61.804893,9.048751,8.8));
#2623=DIRECTION('',(0.,0.,1.));
#2624=VECTOR('',#2623,1.);
#2625=LINE('',#2622,#2624);
#2626=EDGE_CURVE('',#1554,#1861,#2625,.T.);
#2627=ORIENTED_EDGE('',*,*,#2626,.T.);
#2628=EDGE_LOOP('',(#2614,#2620,#2621,#2627));
#2629=FACE_BOUND('',#2628,.T.);
#2630=ADVANCED_FACE('',(#2629),#2613,.F.);
#2631=CARTESIAN_POINT('',(22.718643,-0.001249,8.8));
#2632=DIRECTION('',(-1.,0.,0.));
#2633=DIRECTION('',(0.,0.,1.));
#2634=AXIS2_PLACEMENT_3D('',#2631,#2632,#2633);
#2635=PLANE('',#2634);
#2636=ORIENTED_EDGE('',*,*,#1890,.T.);
#2637=CARTESIAN_POINT('',(22.718643,-9.051249,8.8));
#2638=DIRECTION('',(0.,0.,1.));
#2639=VECTOR('',#2638,1.);
#2640=LINE('',#2637,#2639);
#2641=EDGE_CURVE('',#1564,#1879,#2640,.T.);
#2642=ORIENTED_EDGE('',*,*,#2641,.F.);
#2643=ORIENTED_EDGE('',*,*,#1569,.F.);
#2644=ORIENTED_EDGE('',*,*,#2619,.T.);
#2645=EDGE_LOOP('',(#2636,#2642,#2643,#2644));
#2646=FACE_BOUND('',#2645,.T.);
#2647=ADVANCED_FACE('',(#2646),#2635,.F.);
#2648=CARTESIAN_POINT('',(31.768643,-9.051249,8.8));
#2649=DIRECTION('',(0.,-1.,0.));
#2650=DIRECTION('',(0.,0.,-1.));
#2651=AXIS2_PLACEMENT_3D('',#2648,#2649,#2650);
#2652=PLANE('',#2651);
#2653=ORIENTED_EDGE('',*,*,#1884,.T.);
#2654=CARTESIAN_POINT('',(61.804893,-9.051249,8.8));
#2655=DIRECTION('',(0.,0.,1.));
#2656=VECTOR('',#2655,1.);
#2657=LINE('',#2654,#2656);
#2658=EDGE_CURVE('',#1572,#1871,#2657,.T.);
#2659=ORIENTED_EDGE('',*,*,#2658,.F.);
#2660=ORIENTED_EDGE('',*,*,#1577,.F.);
#2661=ORIENTED_EDGE('',*,*,#2641,.T.);
#2662=EDGE_LOOP('',(#2653,#2659,#2660,#2661));
#2663=FACE_BOUND('',#2662,.T.);
#2664=ADVANCED_FACE('',(#2663),#2652,.F.);
#2665=CARTESIAN_POINT('',(-32.588857,9.048751,8.8));
#2666=DIRECTION('',(0.,1.,0.));
#2667=DIRECTION('',(0.,0.,1.));
#2668=AXIS2_PLACEMENT_3D('',#2665,#2666,#2667);
#2669=PLANE('',#2668);
#2670=ORIENTED_EDGE('',*,*,#1760,.T.);
#2671=CARTESIAN_POINT('',(-41.638857,9.048751,8.8));
#2672=DIRECTION('',(0.,0.,1.));
#2673=VECTOR('',#2672,1.);
#2674=LINE('',#2671,#2673);
#2675=EDGE_CURVE('',#1522,#1755,#2674,.T.);
#2676=ORIENTED_EDGE('',*,*,#2675,.F.);
#2677=ORIENTED_EDGE('',*,*,#1527,.F.);
#2678=CARTESIAN_POINT('',(-23.538857,9.048751,8.8));
#2679=DIRECTION('',(0.,0.,1.));
#2680=VECTOR('',#2679,1.);
#2681=LINE('',#2678,#2680);
#2682=EDGE_CURVE('',#1520,#1753,#2681,.T.);
#2683=ORIENTED_EDGE('',*,*,#2682,.T.);
#2684=EDGE_LOOP('',(#2670,#2676,#2677,#2683));
#2685=FACE_BOUND('',#2684,.T.);
#2686=ADVANCED_FACE('',(#2685),#2669,.F.);
#2687=CARTESIAN_POINT('',(-41.638857,-0.001249,8.8));
#2688=DIRECTION('',(-1.,0.,0.));
#2689=DIRECTION('',(0.,0.,1.));
#2690=AXIS2_PLACEMENT_3D('',#2687,#2688,#2689);
#2691=PLANE('',#2690);
#2692=ORIENTED_EDGE('',*,*,#1782,.T.);
#2693=CARTESIAN_POINT('',(-41.638857,-9.051249,8.8));
#2694=DIRECTION('',(0.,0.,1.));
#2695=VECTOR('',#2694,1.);
#2696=LINE('',#2693,#2695);
#2697=EDGE_CURVE('',#1530,#1771,#2696,.T.);
#2698=ORIENTED_EDGE('',*,*,#2697,.F.);
#2699=ORIENTED_EDGE('',*,*,#1535,.F.);
#2700=ORIENTED_EDGE('',*,*,#2675,.T.);
#2701=EDGE_LOOP('',(#2692,#2698,#2699,#2700));
#2702=FACE_BOUND('',#2701,.T.);
#2703=ADVANCED_FACE('',(#2702),#2691,.F.);
#2704=CARTESIAN_POINT('',(-32.588857,-9.051249,8.8));
#2705=DIRECTION('',(0.,-1.,0.));
#2706=DIRECTION('',(0.,0.,-1.));
#2707=AXIS2_PLACEMENT_3D('',#2704,#2705,#2706);
#2708=PLANE('',#2707);
#2709=ORIENTED_EDGE('',*,*,#1776,.T.);
#2710=CARTESIAN_POINT('',(-23.538857,-9.051249,8.8));
#2711=DIRECTION('',(0.,0.,1.));
#2712=VECTOR('',#2711,1.);
#2713=LINE('',#2710,#2712);
#2714=EDGE_CURVE('',#1538,#1763,#2713,.T.);
#2715=ORIENTED_EDGE('',*,*,#2714,.F.);
#2716=ORIENTED_EDGE('',*,*,#1543,.F.);
#2717=ORIENTED_EDGE('',*,*,#2697,.T.);
#2718=EDGE_LOOP('',(#2709,#2715,#2716,#2717));
#2719=FACE_BOUND('',#2718,.T.);
#2720=ADVANCED_FACE('',(#2719),#2708,.F.);
#2721=CARTESIAN_POINT('',(61.804893,-0.001249,8.8));
#2722=DIRECTION('',(1.,0.,0.));
#2723=DIRECTION('',(0.,0.,-1.));
#2724=AXIS2_PLACEMENT_3D('',#2721,#2722,#2723);
#2725=PLANE('',#2724);
#2726=ORIENTED_EDGE('',*,*,#1876,.T.);
#2727=ORIENTED_EDGE('',*,*,#2626,.F.);
#2728=ORIENTED_EDGE('',*,*,#1583,.F.);
#2729=ORIENTED_EDGE('',*,*,#2658,.T.);
#2730=EDGE_LOOP('',(#2726,#2727,#2728,#2729));
#2731=FACE_BOUND('',#2730,.T.);
#2732=ADVANCED_FACE('',(#2731),#2725,.F.);
#2733=CARTESIAN_POINT('',(-23.538857,-0.001249,8.8));
#2734=DIRECTION('',(1.,0.,0.));
#2735=DIRECTION('',(0.,0.,-1.));
#2736=AXIS2_PLACEMENT_3D('',#2733,#2734,#2735);
#2737=PLANE('',#2736);
#2738=ORIENTED_EDGE('',*,*,#1768,.T.);
#2739=ORIENTED_EDGE('',*,*,#2682,.F.);
#2740=ORIENTED_EDGE('',*,*,#1549,.F.);
#2741=ORIENTED_EDGE('',*,*,#2714,.T.);
#2742=EDGE_LOOP('',(#2738,#2739,#2740,#2741));
#2743=FACE_BOUND('',#2742,.T.);
#2744=ADVANCED_FACE('',(#2743),#2737,.F.);
#2745=CARTESIAN_POINT('',(-67.5,0.004115549,13.));
#2746=DIRECTION('',(1.,0.,0.));
#2747=DIRECTION('',(0.,0.,-1.));
#2748=AXIS2_PLACEMENT_3D('',#2745,#2746,#2747);
#2749=PLANE('',#2748);
#2750=ORIENTED_EDGE('',*,*,#1450,.F.);
#2751=CARTESIAN_POINT('',(-67.5,10.,13.6));
#2752=DIRECTION('',(0.,0.,-1.));
#2753=VECTOR('',#2752,4.8);
#2754=LINE('',#2751,#2753);
#2755=EDGE_CURVE('',#1250,#1437,#2754,.T.);
#2756=ORIENTED_EDGE('',*,*,#2755,.F.);
#2757=ORIENTED_EDGE('',*,*,#1255,.T.);
#2758=CARTESIAN_POINT('',(-67.5,4.808231098,12.6));
#2759=VERTEX_POINT('',#2758);
#2760=CARTESIAN_POINT('',(-67.5,3.808231098,12.6));
#2761=DIRECTION('',(-1.,-0.,-0.));
#2762=DIRECTION('',(0.,0.,-1.));
#2763=AXIS2_PLACEMENT_3D('',#2760,#2761,#2762);
#2764=CIRCLE('',#2763,1.);
#2765=EDGE_CURVE('',#1242,#2759,#2764,.T.);
#2766=ORIENTED_EDGE('',*,*,#2765,.T.);
#2767=CARTESIAN_POINT('',(-67.5,4.808231098,12.6));
#2768=DIRECTION('',(0.,0.,-1.));
#2769=VECTOR('',#2768,3.8);
#2770=LINE('',#2767,#2769);
#2771=EDGE_CURVE('',#2759,#1445,#2770,.T.);
#2772=ORIENTED_EDGE('',*,*,#2771,.T.);
#2773=EDGE_LOOP('',(#2750,#2756,#2757,#2766,#2772));
#2774=FACE_BOUND('',#2773,.T.);
#2775=ADVANCED_FACE('',(#2774),#2749,.T.);
#2776=CARTESIAN_POINT('',(-56.,10.,13.));
#2777=DIRECTION('',(0.,-1.,0.));
#2778=DIRECTION('',(0.,0.,-1.));
#2779=AXIS2_PLACEMENT_3D('',#2776,#2777,#2778);
#2780=PLANE('',#2779);
#2781=ORIENTED_EDGE('',*,*,#1442,.F.);
#2782=CARTESIAN_POINT('',(-44.5,10.,13.6));
#2783=DIRECTION('',(0.,0.,-1.));
#2784=VECTOR('',#2783,4.8);
#2785=LINE('',#2782,#2784);
#2786=EDGE_CURVE('',#1258,#1429,#2785,.T.);
#2787=ORIENTED_EDGE('',*,*,#2786,.F.);
#2788=ORIENTED_EDGE('',*,*,#1263,.T.);
#2789=ORIENTED_EDGE('',*,*,#2755,.T.);
#2790=EDGE_LOOP('',(#2781,#2787,#2788,#2789));
#2791=FACE_BOUND('',#2790,.T.);
#2792=ADVANCED_FACE('',(#2791),#2780,.T.);
#2793=CARTESIAN_POINT('',(-44.5,0.,13.));
#2794=DIRECTION('',(-1.,0.,0.));
#2795=DIRECTION('',(0.,0.,1.));
#2796=AXIS2_PLACEMENT_3D('',#2793,#2794,#2795);
#2797=PLANE('',#2796);
#2798=ORIENTED_EDGE('',*,*,#1434,.F.);
#2799=CARTESIAN_POINT('',(-44.5,-10.,13.6));
#2800=DIRECTION('',(0.,0.,-1.));
#2801=VECTOR('',#2800,4.8);
#2802=LINE('',#2799,#2801);
#2803=EDGE_CURVE('',#1266,#1421,#2802,.T.);
#2804=ORIENTED_EDGE('',*,*,#2803,.F.);
#2805=ORIENTED_EDGE('',*,*,#1271,.T.);
#2806=ORIENTED_EDGE('',*,*,#2786,.T.);
#2807=EDGE_LOOP('',(#2798,#2804,#2805,#2806));
#2808=FACE_BOUND('',#2807,.T.);
#2809=ADVANCED_FACE('',(#2808),#2797,.T.);
#2810=CARTESIAN_POINT('',(-56.,-10.,13.));
#2811=DIRECTION('',(0.,1.,0.));
#2812=DIRECTION('',(0.,0.,1.));
#2813=AXIS2_PLACEMENT_3D('',#2810,#2811,#2812);
#2814=PLANE('',#2813);
#2815=ORIENTED_EDGE('',*,*,#1426,.F.);
#2816=CARTESIAN_POINT('',(-67.5,-10.,13.6));
#2817=DIRECTION('',(0.,0.,-1.));
#2818=VECTOR('',#2817,4.8);
#2819=LINE('',#2816,#2818);
#2820=EDGE_CURVE('',#1274,#1413,#2819,.T.);
#2821=ORIENTED_EDGE('',*,*,#2820,.F.);
#2822=ORIENTED_EDGE('',*,*,#1279,.T.);
#2823=ORIENTED_EDGE('',*,*,#2803,.T.);
#2824=EDGE_LOOP('',(#2815,#2821,#2822,#2823));
#2825=FACE_BOUND('',#2824,.T.);
#2826=ADVANCED_FACE('',(#2825),#2814,.T.);
#2827=CARTESIAN_POINT('',(-67.5,0.004115549,13.));
#2828=DIRECTION('',(1.,0.,0.));
#2829=DIRECTION('',(0.,0.,-1.));
#2830=AXIS2_PLACEMENT_3D('',#2827,#2828,#2829);
#2831=PLANE('',#2830);
#2832=ORIENTED_EDGE('',*,*,#1418,.F.);
#2833=CARTESIAN_POINT('',(-67.5,-4.8,12.6));
#2834=VERTEX_POINT('',#2833);
#2835=CARTESIAN_POINT('',(-67.5,-4.8,12.6));
#2836=DIRECTION('',(0.,0.,-1.));
#2837=VECTOR('',#2836,3.8);
#2838=LINE('',#2835,#2837);
#2839=EDGE_CURVE('',#2834,#1405,#2838,.T.);
#2840=ORIENTED_EDGE('',*,*,#2839,.F.);
#2841=CARTESIAN_POINT('',(-67.5,-3.8,12.6));
#2842=DIRECTION('',(-1.,-0.,-0.));
#2843=DIRECTION('',(0.,0.,-1.));
#2844=AXIS2_PLACEMENT_3D('',#2841,#2842,#2843);
#2845=CIRCLE('',#2844,1.);
#2846=EDGE_CURVE('',#2834,#1224,#2845,.T.);
#2847=ORIENTED_EDGE('',*,*,#2846,.T.);
#2848=ORIENTED_EDGE('',*,*,#1285,.T.);
#2849=ORIENTED_EDGE('',*,*,#2820,.T.);
#2850=EDGE_LOOP('',(#2832,#2840,#2847,#2848,#2849));
#2851=FACE_BOUND('',#2850,.T.);
#2852=ADVANCED_FACE('',(#2851),#2831,.T.);
#2853=CARTESIAN_POINT('',(-67.997043114,-4.8,13.));
#2854=DIRECTION('',(0.,-1.,0.));
#2855=DIRECTION('',(0.,0.,-1.));
#2856=AXIS2_PLACEMENT_3D('',#2853,#2854,#2855);
#2857=PLANE('',#2856);
#2858=ORIENTED_EDGE('',*,*,#1410,.T.);
#2859=CARTESIAN_POINT('',(-67.93074258,-4.8,8.8));
#2860=DIRECTION('',(-0.707106782,-0.,0.707106781));
#2861=VECTOR('',#2860,0.848528138);
#2862=LINE('',#2859,#2861);
#2863=EDGE_CURVE('',#1397,#805,#2862,.T.);
#2864=ORIENTED_EDGE('',*,*,#2863,.T.);
#2865=ORIENTED_EDGE('',*,*,#810,.F.);
#2866=CARTESIAN_POINT('',(-68.53074258,-4.8,12.6));
#2867=DIRECTION('',(1.,-0.,-0.));
#2868=VECTOR('',#2867,1.03074258);
#2869=LINE('',#2866,#2868);
#2870=EDGE_CURVE('',#796,#2834,#2869,.T.);
#2871=ORIENTED_EDGE('',*,*,#2870,.T.);
#2872=ORIENTED_EDGE('',*,*,#2839,.T.);
#2873=EDGE_LOOP('',(#2858,#2864,#2865,#2871,#2872));
#2874=FACE_BOUND('',#2873,.T.);
#2875=ADVANCED_FACE('',(#2874),#2857,.F.);
#2876=CARTESIAN_POINT('',(-67.997043114,4.808231098,13.));
#2877=DIRECTION('',(0.,1.,0.));
#2878=DIRECTION('',(0.,0.,1.));
#2879=AXIS2_PLACEMENT_3D('',#2876,#2877,#2878);
#2880=PLANE('',#2879);
#2881=ORIENTED_EDGE('',*,*,#1708,.T.);
#2882=CARTESIAN_POINT('',(-68.531257423,4.808231098,9.4));
#2883=DIRECTION('',(0.707106782,-0.,-0.707106781));
#2884=VECTOR('',#2883,0.848528138);
#2885=LINE('',#2882,#2884);
#2886=EDGE_CURVE('',#1697,#1453,#2885,.T.);
#2887=ORIENTED_EDGE('',*,*,#2886,.T.);
#2888=ORIENTED_EDGE('',*,*,#1458,.T.);
#2889=ORIENTED_EDGE('',*,*,#2771,.F.);
#2890=CARTESIAN_POINT('',(-67.5,4.808231098,12.6));
#2891=DIRECTION('',(-1.,-0.,0.));
#2892=VECTOR('',#2891,1.031257423);
#2893=LINE('',#2890,#2892);
#2894=EDGE_CURVE('',#2759,#1670,#2893,.T.);
#2895=ORIENTED_EDGE('',*,*,#2894,.T.);
#2896=EDGE_LOOP('',(#2881,#2887,#2888,#2889,#2895));
#2897=FACE_BOUND('',#2896,.T.);
#2898=ADVANCED_FACE('',(#2897),#2880,.F.);
#2899=CARTESIAN_POINT('',(0.,3.808231098,12.6));
#2900=DIRECTION('',(1.,0.,0.));
#2901=DIRECTION('',(0.,0.,-1.));
#2902=AXIS2_PLACEMENT_3D('',#2899,#2900,#2901);
#2903=CYLINDRICAL_SURFACE('',#2902,1.);
#2904=ORIENTED_EDGE('',*,*,#1247,.F.);
#2905=CARTESIAN_POINT('',(-68.439082242,3.808231098,13.6));
#2906=CARTESIAN_POINT('',(-68.439087485,3.906072415,13.6));
#2907=CARTESIAN_POINT('',(-68.443672979,4.001345469,13.58594677));
#2908=CARTESIAN_POINT('',(-68.451729619,4.094173248,13.558246882));
#2909=CARTESIAN_POINT('',(-68.459786258,4.187001027,13.530546994));
#2910=CARTESIAN_POINT('',(-68.471124888,4.274974199,13.489600233));
#2911=CARTESIAN_POINT('',(-68.482905488,4.355423271,13.437007005));
#2912=CARTESIAN_POINT('',(-68.506466688,4.516321414,13.331820549));
#2913=CARTESIAN_POINT('',(-68.531248755,4.646467829,13.179358366));
#2914=CARTESIAN_POINT('',(-68.531252949,4.724746237,13.));
#2915=B_SPLINE_CURVE_WITH_KNOTS('',3,(#2905,#2906,#2907,#2908,#2909,#2910,#2911,#2912,#2913,#2914),.UNSPECIFIED.,.F.,.F.,(4,3,3,4),(0.,0.000289189,0.000578378,0.001156757),.UNSPECIFIED.);
#2916=EDGE_CURVE('',#1234,#1672,#2915,.T.);
#2917=ORIENTED_EDGE('',*,*,#2916,.T.);
#2918=ORIENTED_EDGE('',*,*,#1678,.F.);
#2919=ORIENTED_EDGE('',*,*,#2894,.F.);
#2920=ORIENTED_EDGE('',*,*,#2765,.F.);
#2921=EDGE_LOOP('',(#2904,#2917,#2918,#2919,#2920));
#2922=FACE_BOUND('',#2921,.T.);
#2923=ADVANCED_FACE('',(#2922),#2903,.F.);
#2924=CARTESIAN_POINT('',(0.,-3.8,12.6));
#2925=DIRECTION('',(-1.,0.,0.));
#2926=DIRECTION('',(0.,0.,1.));
#2927=AXIS2_PLACEMENT_3D('',#2924,#2925,#2926);
#2928=CYLINDRICAL_SURFACE('',#2927,1.);
#2929=ORIENTED_EDGE('',*,*,#802,.F.);
#2930=CARTESIAN_POINT('',(-68.530747054,-4.716515139,13.));
#2931=CARTESIAN_POINT('',(-68.530749152,-4.677364416,13.089705576));
#2932=CARTESIAN_POINT('',(-68.524792105,-4.626407598,13.171329381));
#2933=CARTESIAN_POINT('',(-68.51565932,-4.563957396,13.245266687));
#2934=CARTESIAN_POINT('',(-68.506526534,-4.501507194,13.319203993));
#2935=CARTESIAN_POINT('',(-68.494410223,-4.428891165,13.383414422));
#2936=CARTESIAN_POINT('',(-68.482631886,-4.34850826,13.436145136));
#2937=CARTESIAN_POINT('',(-68.459075212,-4.18774245,13.541606564));
#2938=CARTESIAN_POINT('',(-68.438664081,-3.995677039,13.6));
#2939=CARTESIAN_POINT('',(-68.438674567,-3.8,13.6));
#2940=B_SPLINE_CURVE_WITH_KNOTS('',3,(#2930,#2931,#2932,#2933,#2934,#2935,#2936,#2937,#2938,#2939),.UNSPECIFIED.,.F.,.F.,(4,3,3,4),(0.,0.000289175,0.00057835,0.0011567),.UNSPECIFIED.);
#2941=EDGE_CURVE('',#788,#1226,#2940,.T.);
#2942=ORIENTED_EDGE('',*,*,#2941,.T.);
#2943=ORIENTED_EDGE('',*,*,#1231,.F.);
#2944=ORIENTED_EDGE('',*,*,#2846,.F.);
#2945=ORIENTED_EDGE('',*,*,#2870,.F.);
#2946=EDGE_LOOP('',(#2929,#2942,#2943,#2944,#2945));
#2947=FACE_BOUND('',#2946,.T.);
#2948=ADVANCED_FACE('',(#2947),#2928,.F.);
#2949=CARTESIAN_POINT('',(-22.904569662,0.,4.27551967));
#2950=DIRECTION('',(0.983020249,0.,-0.183497113));
#2951=DIRECTION('',(-0.183497113,0.,-0.983020249));
#2952=AXIS2_PLACEMENT_3D('',#2949,#2950,#2951);
#2953=PLANE('',#2952);
#2954=ORIENTED_EDGE('',*,*,#1635,.F.);
#2955=CARTESIAN_POINT('',(-21.5,6.533088607,11.8));
#2956=VERTEX_POINT('',#2955);
#2957=CARTESIAN_POINT('',(-22.06,7.631591557,8.8));
#2958=DIRECTION('',(0.172652863,-0.338677999,0.924926052));
#2959=VECTOR('',#2958,3.243502541);
#2960=LINE('',#2957,#2959);
#2961=EDGE_CURVE('',#1621,#2956,#2960,.T.);
#2962=ORIENTED_EDGE('',*,*,#2961,.T.);
#2963=CARTESIAN_POINT('',(-21.5,-6.166588795,11.8));
#2964=VERTEX_POINT('',#2963);
#2965=CARTESIAN_POINT('',(-21.5,6.533088607,11.8));
#2966=DIRECTION('',(0.,-1.,0.));
#2967=VECTOR('',#2966,12.699677402);
#2968=LINE('',#2965,#2967);
#2969=EDGE_CURVE('',#2956,#2964,#2968,.T.);
#2970=ORIENTED_EDGE('',*,*,#2969,.T.);
#2971=CARTESIAN_POINT('',(-21.5,-6.166588795,11.8));
#2972=DIRECTION('',(-0.172652863,-0.338677999,-0.924926052));
#2973=VECTOR('',#2972,3.243502541);
#2974=LINE('',#2971,#2973);
#2975=EDGE_CURVE('',#2964,#1630,#2974,.T.);
#2976=ORIENTED_EDGE('',*,*,#2975,.T.);
#2977=EDGE_LOOP('',(#2954,#2962,#2970,#2976));
#2978=FACE_BOUND('',#2977,.T.);
#2979=ADVANCED_FACE('',(#2978),#2953,.T.);
#2980=CARTESIAN_POINT('',(0.,10.890317663,3.987682027));
#2981=DIRECTION('',(-0.,-0.939027679,-0.343841559));
#2982=DIRECTION('',(0.,0.343841559,-0.939027679));
#2983=AXIS2_PLACEMENT_3D('',#2980,#2981,#2982);
#2984=PLANE('',#2983);
#2985=ORIENTED_EDGE('',*,*,#1618,.F.);
#2986=CARTESIAN_POINT('',(-14.929633928,8.029699549,11.8));
#2987=VERTEX_POINT('',#2986);
#2988=CARTESIAN_POINT('',(-14.369633928,9.128202499,8.8));
#2989=DIRECTION('',(-0.172652863,-0.338677999,0.924926052));
#2990=VECTOR('',#2989,3.243502541);
#2991=LINE('',#2988,#2990);
#2992=EDGE_CURVE('',#1604,#2987,#2991,.T.);
#2993=ORIENTED_EDGE('',*,*,#2992,.T.);
#2994=CARTESIAN_POINT('',(-20.070366072,8.029699549,11.8));
#2995=VERTEX_POINT('',#2994);
#2996=CARTESIAN_POINT('',(-14.929633928,8.029699549,11.8));
#2997=DIRECTION('',(-1.,0.,0.));
#2998=VECTOR('',#2997,5.140732143);
#2999=LINE('',#2996,#2998);
#3000=EDGE_CURVE('',#2987,#2995,#2999,.T.);
#3001=ORIENTED_EDGE('',*,*,#3000,.T.);
#3002=CARTESIAN_POINT('',(-20.070366072,8.029699549,11.8));
#3003=DIRECTION('',(-0.172652863,0.338677999,-0.924926052));
#3004=VECTOR('',#3003,3.243502541);
#3005=LINE('',#3002,#3004);
#3006=EDGE_CURVE('',#2995,#1613,#3005,.T.);
#3007=ORIENTED_EDGE('',*,*,#3006,.T.);
#3008=EDGE_LOOP('',(#2985,#2993,#3001,#3007));
#3009=FACE_BOUND('',#3008,.T.);
#3010=ADVANCED_FACE('',(#3009),#2984,.T.);
#3011=CARTESIAN_POINT('',(-10.91693867,0.,-2.037828552));
#3012=DIRECTION('',(-0.983020249,0.,-0.183497113));
#3013=DIRECTION('',(-0.183497113,0.,0.983020249));
#3014=AXIS2_PLACEMENT_3D('',#3011,#3012,#3013);
#3015=PLANE('',#3014);
#3016=CARTESIAN_POINT('',(-13.5,-6.166588795,11.8));
#3017=VERTEX_POINT('',#3016);
#3018=CARTESIAN_POINT('',(-13.5,6.533088607,11.8));
#3019=VERTEX_POINT('',#3018);
#3020=CARTESIAN_POINT('',(-13.5,-6.166588795,11.8));
#3021=DIRECTION('',(0.,1.,0.));
#3022=VECTOR('',#3021,12.699677402);
#3023=LINE('',#3020,#3022);
#3024=EDGE_CURVE('',#3017,#3019,#3023,.T.);
#3025=ORIENTED_EDGE('',*,*,#3024,.T.);
#3026=CARTESIAN_POINT('',(-13.5,6.533088607,11.8));
#3027=DIRECTION('',(0.172652863,0.338677999,-0.924926052));
#3028=VECTOR('',#3027,3.243502541);
#3029=LINE('',#3026,#3028);
#3030=EDGE_CURVE('',#3019,#1596,#3029,.T.);
#3031=ORIENTED_EDGE('',*,*,#3030,.T.);
#3032=ORIENTED_EDGE('',*,*,#1601,.F.);
#3033=CARTESIAN_POINT('',(-12.94,-7.265091746,8.8));
#3034=DIRECTION('',(-0.172652863,0.338677999,0.924926052));
#3035=VECTOR('',#3034,3.243502541);
#3036=LINE('',#3033,#3035);
#3037=EDGE_CURVE('',#1594,#3017,#3036,.T.);
#3038=ORIENTED_EDGE('',*,*,#3037,.T.);
#3039=EDGE_LOOP('',(#3025,#3031,#3032,#3038));
#3040=FACE_BOUND('',#3039,.T.);
#3041=ADVANCED_FACE('',(#3040),#3015,.T.);
#3042=CARTESIAN_POINT('',(0.,-10.567148031,3.869347762));
#3043=DIRECTION('',(-0.,0.939027679,-0.343841559));
#3044=DIRECTION('',(0.,0.343841559,0.939027679));
#3045=AXIS2_PLACEMENT_3D('',#3042,#3043,#3044);
#3046=PLANE('',#3045);
#3047=ORIENTED_EDGE('',*,*,#1652,.F.);
#3048=CARTESIAN_POINT('',(-20.070366072,-7.663199738,11.8));
#3049=VERTEX_POINT('',#3048);
#3050=CARTESIAN_POINT('',(-20.630366072,-8.761702688,8.8));
#3051=DIRECTION('',(0.172652863,0.338677999,0.924926052));
#3052=VECTOR('',#3051,3.243502541);
#3053=LINE('',#3050,#3052);
#3054=EDGE_CURVE('',#1638,#3049,#3053,.T.);
#3055=ORIENTED_EDGE('',*,*,#3054,.T.);
#3056=CARTESIAN_POINT('',(-14.929633928,-7.663199738,11.8));
#3057=VERTEX_POINT('',#3056);
#3058=CARTESIAN_POINT('',(-20.070366072,-7.663199738,11.8));
#3059=DIRECTION('',(1.,0.,-0.));
#3060=VECTOR('',#3059,5.140732143);
#3061=LINE('',#3058,#3060);
#3062=EDGE_CURVE('',#3049,#3057,#3061,.T.);
#3063=ORIENTED_EDGE('',*,*,#3062,.T.);
#3064=CARTESIAN_POINT('',(-14.929633928,-7.663199738,11.8));
#3065=DIRECTION('',(0.172652863,-0.338677999,-0.924926052));
#3066=VECTOR('',#3065,3.243502541);
#3067=LINE('',#3064,#3066);
#3068=EDGE_CURVE('',#3057,#1647,#3067,.T.);
#3069=ORIENTED_EDGE('',*,*,#3068,.T.);
#3070=EDGE_LOOP('',(#3047,#3055,#3063,#3069));
#3071=FACE_BOUND('',#3070,.T.);
#3072=ADVANCED_FACE('',(#3071),#3046,.T.);
#3073=CARTESIAN_POINT('',(0.,0.,11.8));
#3074=DIRECTION('',(0.,0.,-1.));
#3075=DIRECTION('',(-1.,0.,0.));
#3076=AXIS2_PLACEMENT_3D('',#3073,#3074,#3075);
#3077=PLANE('',#3076);
#3078=ORIENTED_EDGE('',*,*,#3000,.F.);
#3079=CARTESIAN_POINT('',(-15.025909565,6.432302547,11.8));
#3080=DIRECTION('',(-0.,0.,-1.));
#3081=DIRECTION('',(-0.454173857,-0.890913075,0.));
#3082=AXIS2_PLACEMENT_3D('',#3079,#3080,#3081);
#3083=ELLIPSE('',#3082,1.62175127,1.5);
#3084=EDGE_CURVE('',#2987,#3019,#3083,.T.);
#3085=ORIENTED_EDGE('',*,*,#3084,.T.);
#3086=ORIENTED_EDGE('',*,*,#3024,.F.);
#3087=CARTESIAN_POINT('',(-15.025909565,-6.065802735,11.8));
#3088=DIRECTION('',(0.,0.,-1.));
#3089=DIRECTION('',(-0.454173857,0.890913075,0.));
#3090=AXIS2_PLACEMENT_3D('',#3087,#3088,#3089);
#3091=ELLIPSE('',#3090,1.62175127,1.5);
#3092=EDGE_CURVE('',#3017,#3057,#3091,.T.);
#3093=ORIENTED_EDGE('',*,*,#3092,.T.);
#3094=ORIENTED_EDGE('',*,*,#3062,.F.);
#3095=CARTESIAN_POINT('',(-19.974090435,-6.065802735,11.8));
#3096=DIRECTION('',(0.,0.,-1.));
#3097=DIRECTION('',(0.454173857,0.890913075,0.));
#3098=AXIS2_PLACEMENT_3D('',#3095,#3096,#3097);
#3099=ELLIPSE('',#3098,1.62175127,1.5);
#3100=EDGE_CURVE('',#3049,#2964,#3099,.T.);
#3101=ORIENTED_EDGE('',*,*,#3100,.T.);
#3102=ORIENTED_EDGE('',*,*,#2969,.F.);
#3103=CARTESIAN_POINT('',(-19.974090435,6.432302547,11.8));
#3104=DIRECTION('',(0.,0.,-1.));
#3105=DIRECTION('',(0.454173857,-0.890913075,0.));
#3106=AXIS2_PLACEMENT_3D('',#3103,#3104,#3105);
#3107=ELLIPSE('',#3106,1.62175127,1.5);
#3108=EDGE_CURVE('',#2956,#2995,#3107,.T.);
#3109=ORIENTED_EDGE('',*,*,#3108,.T.);
#3110=EDGE_LOOP('',(#3078,#3085,#3086,#3093,#3094,#3101,#3102,#3109));
#3111=FACE_BOUND('',#3110,.T.);
#3112=ADVANCED_FACE('',(#3111),#3077,.T.);
#3113=CARTESIAN_POINT('',(61.471052629,-12.503777684,9.4));
#3114=DIRECTION('',(0.,0.,1.));
#3115=DIRECTION('',(1.,0.,-0.));
#3116=AXIS2_PLACEMENT_3D('',#3113,#3114,#3115);
#3117=CYLINDRICAL_SURFACE('',#3116,5.);
#3118=ORIENTED_EDGE('',*,*,#2178,.F.);
#3119=CARTESIAN_POINT('',(61.471052629,-12.503777684,13.));
#3120=DIRECTION('',(0.,0.,-1.));
#3121=DIRECTION('',(-1.,0.,0.));
#3122=AXIS2_PLACEMENT_3D('',#3119,#3120,#3121);
#3123=CIRCLE('',#3122,5.);
#3124=EDGE_CURVE('',#2165,#1332,#3123,.T.);
#3125=ORIENTED_EDGE('',*,*,#3124,.T.);
#3126=ORIENTED_EDGE('',*,*,#1337,.F.);
#3127=CARTESIAN_POINT('',(61.471052629,-12.503777684,9.4));
#3128=DIRECTION('',(-0.,-0.,1.));
#3129=DIRECTION('',(-1.,0.,0.));
#3130=AXIS2_PLACEMENT_3D('',#3127,#3128,#3129);
#3131=CIRCLE('',#3130,5.);
#3132=EDGE_CURVE('',#1330,#2173,#3131,.T.);
#3133=ORIENTED_EDGE('',*,*,#3132,.T.);
#3134=EDGE_LOOP('',(#3118,#3125,#3126,#3133));
#3135=FACE_BOUND('',#3134,.T.);
#3136=ADVANCED_FACE('',(#3135),#3117,.T.);
#3137=CARTESIAN_POINT('',(-63.53166929,12.49482941,9.4));
#3138=DIRECTION('',(0.,0.,1.));
#3139=DIRECTION('',(1.,0.,-0.));
#3140=AXIS2_PLACEMENT_3D('',#3137,#3138,#3139);
#3141=CYLINDRICAL_SURFACE('',#3140,5.);
#3142=ORIENTED_EDGE('',*,*,#1694,.F.);
#3143=CARTESIAN_POINT('',(-63.53166929,12.49482941,13.));
#3144=DIRECTION('',(0.,0.,-1.));
#3145=DIRECTION('',(-1.,0.,0.));
#3146=AXIS2_PLACEMENT_3D('',#3143,#3144,#3145);
#3147=CIRCLE('',#3146,5.);
#3148=EDGE_CURVE('',#1681,#2197,#3147,.T.);
#3149=ORIENTED_EDGE('',*,*,#3148,.T.);
#3150=ORIENTED_EDGE('',*,*,#2202,.F.);
#3151=CARTESIAN_POINT('',(-63.53166929,12.49482941,9.4));
#3152=DIRECTION('',(-0.,-0.,1.));
#3153=DIRECTION('',(-1.,0.,0.));
#3154=AXIS2_PLACEMENT_3D('',#3151,#3152,#3153);
#3155=CIRCLE('',#3154,5.);
#3156=EDGE_CURVE('',#2195,#1689,#3155,.T.);
#3157=ORIENTED_EDGE('',*,*,#3156,.T.);
#3158=EDGE_LOOP('',(#3142,#3149,#3150,#3157));
#3159=FACE_BOUND('',#3158,.T.);
#3160=ADVANCED_FACE('',(#3159),#3141,.T.);
#3161=CARTESIAN_POINT('',(-63.53033011,-12.497579338,9.4));
#3162=DIRECTION('',(0.,0.,1.));
#3163=DIRECTION('',(1.,0.,-0.));
#3164=AXIS2_PLACEMENT_3D('',#3161,#3162,#3163);
#3165=CYLINDRICAL_SURFACE('',#3164,5.);
#3166=ORIENTED_EDGE('',*,*,#1353,.F.);
#3167=CARTESIAN_POINT('',(-63.53033011,-12.497579338,13.));
#3168=DIRECTION('',(0.,0.,-1.));
#3169=DIRECTION('',(-1.,0.,0.));
#3170=AXIS2_PLACEMENT_3D('',#3167,#3168,#3169);
#3171=CIRCLE('',#3170,5.);
#3172=EDGE_CURVE('',#755,#780,#3171,.T.);
#3173=ORIENTED_EDGE('',*,*,#3172,.T.);
#3174=ORIENTED_EDGE('',*,*,#785,.F.);
#3175=CARTESIAN_POINT('',(-63.53033011,-12.497579338,9.4));
#3176=DIRECTION('',(-0.,-0.,1.));
#3177=DIRECTION('',(-1.,0.,0.));
#3178=AXIS2_PLACEMENT_3D('',#3175,#3176,#3177);
#3179=CIRCLE('',#3178,5.);
#3180=EDGE_CURVE('',#778,#1348,#3179,.T.);
#3181=ORIENTED_EDGE('',*,*,#3180,.T.);
#3182=EDGE_LOOP('',(#3166,#3173,#3174,#3181));
#3183=FACE_BOUND('',#3182,.T.);
#3184=ADVANCED_FACE('',(#3183),#3165,.T.);
#3185=CARTESIAN_POINT('',(61.476838376,12.503799934,9.4));
#3186=DIRECTION('',(0.,0.,1.));
#3187=DIRECTION('',(1.,0.,-0.));
#3188=AXIS2_PLACEMENT_3D('',#3185,#3186,#3187);
#3189=CYLINDRICAL_SURFACE('',#3188,5.);
#3190=ORIENTED_EDGE('',*,*,#2218,.F.);
#3191=CARTESIAN_POINT('',(61.476838376,12.503799934,13.));
#3192=DIRECTION('',(0.,0.,-1.));
#3193=DIRECTION('',(-1.,0.,0.));
#3194=AXIS2_PLACEMENT_3D('',#3191,#3192,#3193);
#3195=CIRCLE('',#3194,5.);
#3196=EDGE_CURVE('',#667,#2157,#3195,.T.);
#3197=ORIENTED_EDGE('',*,*,#3196,.T.);
#3198=ORIENTED_EDGE('',*,*,#2162,.F.);
#3199=CARTESIAN_POINT('',(61.476838376,12.503799934,9.4));
#3200=DIRECTION('',(-0.,-0.,1.));
#3201=DIRECTION('',(-1.,0.,0.));
#3202=AXIS2_PLACEMENT_3D('',#3199,#3200,#3201);
#3203=CIRCLE('',#3202,5.);
#3204=EDGE_CURVE('',#2155,#2213,#3203,.T.);
#3205=ORIENTED_EDGE('',*,*,#3204,.T.);
#3206=EDGE_LOOP('',(#3190,#3197,#3198,#3205));
#3207=FACE_BOUND('',#3206,.T.);
#3208=ADVANCED_FACE('',(#3207),#3189,.T.);
#3209=CARTESIAN_POINT('',(-62.749810517,-5.695749534,13.18));
#3210=DIRECTION('',(-1.,0.,0.));
#3211=DIRECTION('',(0.,0.,1.));
#3212=AXIS2_PLACEMENT_3D('',#3209,#3210,#3211);
#3213=PLANE('',#3212);
#3214=CARTESIAN_POINT('',(-62.749810517,-6.795749534,13.6));
#3215=DIRECTION('',(0.,0.,1.));
#3216=VECTOR('',#3215,1.4);
#3217=LINE('',#3214,#3216);
#3218=EDGE_CURVE('',#1292,#289,#3217,.T.);
#3219=ORIENTED_EDGE('',*,*,#3218,.T.);
#3220=ORIENTED_EDGE('',*,*,#294,.F.);
#3221=CARTESIAN_POINT('',(-62.749810517,-4.595749534,13.6));
#3222=DIRECTION('',(0.,0.,1.));
#3223=VECTOR('',#3222,1.4);
#3224=LINE('',#3221,#3223);
#3225=EDGE_CURVE('',#1300,#281,#3224,.T.);
#3226=ORIENTED_EDGE('',*,*,#3225,.F.);
#3227=ORIENTED_EDGE('',*,*,#1305,.F.);
#3228=EDGE_LOOP('',(#3219,#3220,#3226,#3227));
#3229=FACE_BOUND('',#3228,.T.);
#3230=ADVANCED_FACE('',(#3229),#3213,.T.);
#3231=CARTESIAN_POINT('',(-64.549810517,-4.595749534,13.18));
#3232=DIRECTION('',(0.,-1.,0.));
#3233=DIRECTION('',(0.,0.,-1.));
#3234=AXIS2_PLACEMENT_3D('',#3231,#3232,#3233);
#3235=PLANE('',#3234);
#3236=ORIENTED_EDGE('',*,*,#3225,.T.);
#3237=ORIENTED_EDGE('',*,*,#286,.F.);
#3238=CARTESIAN_POINT('',(-66.349810517,-4.595749534,13.6));
#3239=DIRECTION('',(0.,0.,1.));
#3240=VECTOR('',#3239,1.4);
#3241=LINE('',#3238,#3240);
#3242=EDGE_CURVE('',#1308,#279,#3241,.T.);
#3243=ORIENTED_EDGE('',*,*,#3242,.F.);
#3244=ORIENTED_EDGE('',*,*,#1313,.F.);
#3245=EDGE_LOOP('',(#3236,#3237,#3243,#3244));
#3246=FACE_BOUND('',#3245,.T.);
#3247=ADVANCED_FACE('',(#3246),#3235,.T.);
#3248=CARTESIAN_POINT('',(-66.349810517,-5.695749534,13.18));
#3249=DIRECTION('',(1.,0.,0.));
#3250=DIRECTION('',(0.,0.,-1.));
#3251=AXIS2_PLACEMENT_3D('',#3248,#3249,#3250);
#3252=PLANE('',#3251);
#3253=ORIENTED_EDGE('',*,*,#3242,.T.);
#3254=ORIENTED_EDGE('',*,*,#308,.F.);
#3255=CARTESIAN_POINT('',(-66.349810517,-6.795749534,13.6));
#3256=DIRECTION('',(0.,0.,1.));
#3257=VECTOR('',#3256,1.4);
#3258=LINE('',#3255,#3257);
#3259=EDGE_CURVE('',#1290,#297,#3258,.T.);
#3260=ORIENTED_EDGE('',*,*,#3259,.F.);
#3261=ORIENTED_EDGE('',*,*,#1319,.F.);
#3262=EDGE_LOOP('',(#3253,#3254,#3260,#3261));
#3263=FACE_BOUND('',#3262,.T.);
#3264=ADVANCED_FACE('',(#3263),#3252,.T.);
#3265=CARTESIAN_POINT('',(-64.549810517,-6.795749534,13.18));
#3266=DIRECTION('',(0.,1.,0.));
#3267=DIRECTION('',(0.,0.,1.));
#3268=AXIS2_PLACEMENT_3D('',#3265,#3266,#3267);
#3269=PLANE('',#3268);
#3270=ORIENTED_EDGE('',*,*,#3259,.T.);
#3271=ORIENTED_EDGE('',*,*,#302,.F.);
#3272=ORIENTED_EDGE('',*,*,#3218,.F.);
#3273=ORIENTED_EDGE('',*,*,#1297,.F.);
#3274=EDGE_LOOP('',(#3270,#3271,#3272,#3273));
#3275=FACE_BOUND('',#3274,.T.);
#3276=ADVANCED_FACE('',(#3275),#3269,.T.);
#3277=CARTESIAN_POINT('',(61.930411923,14.699254185,38.5));
#3278=DIRECTION('',(0.,0.,-1.));
#3279=DIRECTION('',(-1.,0.,0.));
#3280=AXIS2_PLACEMENT_3D('',#3277,#3278,#3279);
#3281=CYLINDRICAL_SURFACE('',#3280,1.5);
#3282=CARTESIAN_POINT('',(60.430411923,14.699254185,14.5));
#3283=VERTEX_POINT('',#3282);
#3284=CARTESIAN_POINT('',(60.430411923,14.699254185,14.5));
#3285=DIRECTION('',(-0.,-0.,1.));
#3286=VECTOR('',#3285,0.5);
#3287=LINE('',#3284,#3286);
#3288=EDGE_CURVE('',#3283,#906,#3287,.T.);
#3289=ORIENTED_EDGE('',*,*,#3288,.F.);
#3290=CARTESIAN_POINT('',(63.430411923,14.699254185,14.5));
#3291=VERTEX_POINT('',#3290);
#3292=CARTESIAN_POINT('',(61.930411923,14.699254185,14.5));
#3293=DIRECTION('',(0.,0.,1.));
#3294=DIRECTION('',(1.,0.,-0.));
#3295=AXIS2_PLACEMENT_3D('',#3292,#3293,#3294);
#3296=CIRCLE('',#3295,1.5);
#3297=EDGE_CURVE('',#3291,#3283,#3296,.T.);
#3298=ORIENTED_EDGE('',*,*,#3297,.F.);
#3299=CARTESIAN_POINT('',(61.930411923,14.699254185,14.5));
#3300=DIRECTION('',(0.,0.,1.));
#3301=DIRECTION('',(1.,0.,-0.));
#3302=AXIS2_PLACEMENT_3D('',#3299,#3300,#3301);
#3303=CIRCLE('',#3302,1.5);
#3304=EDGE_CURVE('',#3283,#3291,#3303,.T.);
#3305=ORIENTED_EDGE('',*,*,#3304,.F.);
#3306=ORIENTED_EDGE('',*,*,#3288,.T.);
#3307=ORIENTED_EDGE('',*,*,#912,.F.);
#3308=CARTESIAN_POINT('',(63.428098863,14.782523813,15.));
#3309=CARTESIAN_POINT('',(63.421692624,14.897746368,15.));
#3310=CARTESIAN_POINT('',(63.40231007,15.009782733,14.994903561));
#3311=CARTESIAN_POINT('',(63.370522018,15.118876533,14.986878205));
#3312=CARTESIAN_POINT('',(63.338733965,15.227970333,14.978852848));
#3313=CARTESIAN_POINT('',(63.293840918,15.33477073,14.967714278));
#3314=CARTESIAN_POINT('',(63.238418664,15.433500986,14.955718998));
#3315=CARTESIAN_POINT('',(63.18299641,15.532231242,14.943723719));
#3316=CARTESIAN_POINT('',(63.116326927,15.6248072,14.930684543));
#3317=CARTESIAN_POINT('',(63.039429843,15.709243914,14.918231246));
#3318=CARTESIAN_POINT('',(62.962532759,15.793680628,14.905777949));
#3319=CARTESIAN_POINT('',(62.877339444,15.868116825,14.894205213));
#3320=CARTESIAN_POINT('',(62.783898998,15.932769411,14.884565112));
#3321=CARTESIAN_POINT('',(62.690458553,15.997421996,14.874925012));
#3322=CARTESIAN_POINT('',(62.588108157,16.052153564,14.867263087));
#3323=CARTESIAN_POINT('',(62.482499933,16.093958035,14.862661251));
#3324=CARTESIAN_POINT('',(62.376891708,16.135762506,14.858059414));
#3325=CARTESIAN_POINT('',(62.265861745,16.165763673,14.856371582));
#3326=CARTESIAN_POINT('',(62.152335159,16.182746712,14.85788534));
#3327=CARTESIAN_POINT('',(62.038808572,16.199729751,14.859399097));
#3328=CARTESIAN_POINT('',(61.925231783,16.203571101,14.864023159));
#3329=CARTESIAN_POINT('',(61.811588189,16.194540419,14.871288036));
#3330=CARTESIAN_POINT('',(61.697944595,16.185509736,14.878552913));
#3331=CARTESIAN_POINT('',(61.584480903,16.163203329,14.888517347));
#3332=CARTESIAN_POINT('',(61.476578238,16.128951701,14.899785582));
#3333=B_SPLINE_CURVE_WITH_KNOTS('',3,(#3308,#3309,#3310,#3311,#3312,#3313,#3314,#3315,#3316,#3317,#3318,#3319,#3320,#3321,#3322,#3323,#3324,#3325,#3326,#3327,#3328,#3329,#3330,#3331,#3332),.UNSPECIFIED.,.F.,.F.,(4,3,3,3,3,3,3,3,4),(0.,0.000341016,0.000682032,0.001023048,0.001364064,0.001705079,0.002046095,0.002387111,0.002728127),.UNSPECIFIED.);
#3334=EDGE_CURVE('',#897,#655,#3333,.T.);
#3335=ORIENTED_EDGE('',*,*,#3334,.T.);
#3336=ORIENTED_EDGE('',*,*,#664,.T.);
#3337=ORIENTED_EDGE('',*,*,#919,.F.);
#3338=EDGE_LOOP('',(#3289,#3298,#3305,#3306,#3307,#3335,#3336,#3337));
#3339=FACE_BOUND('',#3338,.T.);
#3340=ADVANCED_FACE('',(#3339),#3281,.F.);
#3341=CARTESIAN_POINT('',(0.,0.,14.5));
#3342=DIRECTION('',(0.,0.,1.));
#3343=DIRECTION('',(1.,0.,0.));
#3344=AXIS2_PLACEMENT_3D('',#3341,#3342,#3343);
#3345=PLANE('',#3344);
#3346=ORIENTED_EDGE('',*,*,#1186,.F.);
#3347=ORIENTED_EDGE('',*,*,#1193,.F.);
#3348=EDGE_LOOP('',(#3346,#3347));
#3349=FACE_BOUND('',#3348,.T.);
#3350=ORIENTED_EDGE('',*,*,#3297,.T.);
#3351=ORIENTED_EDGE('',*,*,#3304,.T.);
#3352=EDGE_LOOP('',(#3350,#3351));
#3353=FACE_BOUND('',#3352,.T.);
#3354=ADVANCED_FACE('',(#3349,#3353),#3345,.T.);
#3355=CARTESIAN_POINT('',(61.930411923,-14.700745815,38.5));
#3356=DIRECTION('',(0.,0.,-1.));
#3357=DIRECTION('',(-1.,0.,0.));
#3358=AXIS2_PLACEMENT_3D('',#3355,#3356,#3357);
#3359=CYLINDRICAL_SURFACE('',#3358,1.5);
#3360=CARTESIAN_POINT('',(60.430411923,-14.700745815,14.5));
#3361=VERTEX_POINT('',#3360);
#3362=CARTESIAN_POINT('',(60.430411923,-14.700745815,14.5));
#3363=DIRECTION('',(-0.,-0.,1.));
#3364=VECTOR('',#3363,0.5);
#3365=LINE('',#3362,#3364);
#3366=EDGE_CURVE('',#3361,#862,#3365,.T.);
#3367=ORIENTED_EDGE('',*,*,#3366,.F.);
#3368=CARTESIAN_POINT('',(63.430411923,-14.700745815,14.5));
#3369=VERTEX_POINT('',#3368);
#3370=CARTESIAN_POINT('',(61.930411923,-14.700745815,14.5));
#3371=DIRECTION('',(0.,0.,1.));
#3372=DIRECTION('',(1.,0.,-0.));
#3373=AXIS2_PLACEMENT_3D('',#3370,#3371,#3372);
#3374=CIRCLE('',#3373,1.5);
#3375=EDGE_CURVE('',#3369,#3361,#3374,.T.);
#3376=ORIENTED_EDGE('',*,*,#3375,.F.);
#3377=CARTESIAN_POINT('',(61.930411923,-14.700745815,14.5));
#3378=DIRECTION('',(0.,0.,1.));
#3379=DIRECTION('',(1.,0.,-0.));
#3380=AXIS2_PLACEMENT_3D('',#3377,#3378,#3379);
#3381=CIRCLE('',#3380,1.5);
#3382=EDGE_CURVE('',#3361,#3369,#3381,.T.);
#3383=ORIENTED_EDGE('',*,*,#3382,.F.);
#3384=ORIENTED_EDGE('',*,*,#3366,.T.);
#3385=ORIENTED_EDGE('',*,*,#868,.F.);
#3386=CARTESIAN_POINT('',(61.470872887,-16.128619715,14.899887478));
#3387=VERTEX_POINT('',#3386);
#3388=CARTESIAN_POINT('',(60.663445417,-15.503737641,15.));
#3389=CARTESIAN_POINT('',(60.852186989,-15.801535504,15.));
#3390=CARTESIAN_POINT('',(61.137363337,-16.021284847,14.935182729));
#3391=CARTESIAN_POINT('',(61.470872887,-16.128619715,14.899887478));
#3392=B_SPLINE_CURVE_WITH_KNOTS('',3,(#3388,#3389,#3390,#3391),.UNSPECIFIED.,.F.,.F.,(4,4),(0.,0.001041054),.UNSPECIFIED.);
#3393=EDGE_CURVE('',#854,#3387,#3392,.T.);
#3394=ORIENTED_EDGE('',*,*,#3393,.T.);
#3395=CARTESIAN_POINT('',(61.470872887,-16.128619715,14.899887478));
#3396=CARTESIAN_POINT('',(61.580611696,-16.163937446,14.888273842));
#3397=CARTESIAN_POINT('',(61.692401193,-16.186142442,14.878315616));
#3398=CARTESIAN_POINT('',(61.806253294,-16.195598528,14.870866418));
#3399=CARTESIAN_POINT('',(61.920105394,-16.205054615,14.863417219));
#3400=CARTESIAN_POINT('',(62.036933546,-16.20131779,14.858527367));
#3401=CARTESIAN_POINT('',(62.149996021,-16.184586381,14.856905043));
#3402=CARTESIAN_POINT('',(62.263058495,-16.167854971,14.855282719));
#3403=CARTESIAN_POINT('',(62.374505779,-16.138135615,14.856825213));
#3404=CARTESIAN_POINT('',(62.481792965,-16.095729308,14.861446263));
#3405=CARTESIAN_POINT('',(62.589080152,-16.053323002,14.866067314));
#3406=CARTESIAN_POINT('',(62.689634258,-15.999458577,14.873600563));
#3407=CARTESIAN_POINT('',(62.783673252,-15.934417207,14.883302157));
#3408=CARTESIAN_POINT('',(62.97175124,-15.804334467,14.902705345));
#3409=CARTESIAN_POINT('',(63.129346684,-15.630725814,14.930912155));
#3410=CARTESIAN_POINT('',(63.240682142,-15.430945755,14.955292755));
#3411=CARTESIAN_POINT('',(63.296349872,-15.331055725,14.967483055));
#3412=CARTESIAN_POINT('',(63.340056481,-15.226136005,14.978497525));
#3413=CARTESIAN_POINT('',(63.371782864,-15.116016581,14.986665183));
#3414=CARTESIAN_POINT('',(63.403509248,-15.005897158,14.994832841));
#3415=CARTESIAN_POINT('',(63.422645039,-14.891149017,15.000000157));
#3416=CARTESIAN_POINT('',(63.428461084,-14.777222677,15.));
#3417=B_SPLINE_CURVE_WITH_KNOTS('',3,(#3395,#3396,#3397,#3398,#3399,#3400,#3401,#3402,#3403,#3404,#3405,#3406,#3407,#3408,#3409,#3410,#3411,#3412,#3413,#3414,#3415,#3416),.UNSPECIFIED.,.F.,.F.,(4,3,3,3,3,3,3,4),(0.,0.000342767,0.000685534,0.001028302,0.001371069,0.002056603,0.002399371,0.002742138),.UNSPECIFIED.);
#3418=EDGE_CURVE('',#3387,#871,#3417,.T.);
#3419=ORIENTED_EDGE('',*,*,#3418,.T.);
#3420=ORIENTED_EDGE('',*,*,#877,.F.);
#3421=EDGE_LOOP('',(#3367,#3376,#3383,#3384,#3385,#3394,#3419,#3420));
#3422=FACE_BOUND('',#3421,.T.);
#3423=ADVANCED_FACE('',(#3422),#3359,.F.);
#3424=CARTESIAN_POINT('',(0.,0.,14.5));
#3425=DIRECTION('',(0.,0.,1.));
#3426=DIRECTION('',(1.,0.,0.));
#3427=AXIS2_PLACEMENT_3D('',#3424,#3425,#3426);
#3428=PLANE('',#3427);
#3429=ORIENTED_EDGE('',*,*,#1135,.F.);
#3430=ORIENTED_EDGE('',*,*,#1142,.F.);
#3431=EDGE_LOOP('',(#3429,#3430));
#3432=FACE_BOUND('',#3431,.T.);
#3433=ORIENTED_EDGE('',*,*,#3375,.T.);
#3434=ORIENTED_EDGE('',*,*,#3382,.T.);
#3435=EDGE_LOOP('',(#3433,#3434));
#3436=FACE_BOUND('',#3435,.T.);
#3437=ADVANCED_FACE('',(#3432,#3436),#3428,.T.);
#3438=CARTESIAN_POINT('',(-63.869588077,14.699254185,38.5));
#3439=DIRECTION('',(0.,0.,-1.));
#3440=DIRECTION('',(-1.,0.,0.));
#3441=AXIS2_PLACEMENT_3D('',#3438,#3439,#3440);
#3442=CYLINDRICAL_SURFACE('',#3441,1.5);
#3443=CARTESIAN_POINT('',(-65.369588077,14.699254185,14.5));
#3444=VERTEX_POINT('',#3443);
#3445=CARTESIAN_POINT('',(-65.369588077,14.699254185,14.5));
#3446=DIRECTION('',(-0.,-0.,1.));
#3447=VECTOR('',#3446,0.5);
#3448=LINE('',#3445,#3447);
#3449=EDGE_CURVE('',#3444,#438,#3448,.T.);
#3450=ORIENTED_EDGE('',*,*,#3449,.F.);
#3451=CARTESIAN_POINT('',(-62.369588077,14.699254185,14.5));
#3452=VERTEX_POINT('',#3451);
#3453=CARTESIAN_POINT('',(-63.869588077,14.699254185,14.5));
#3454=DIRECTION('',(0.,0.,1.));
#3455=DIRECTION('',(1.,0.,-0.));
#3456=AXIS2_PLACEMENT_3D('',#3453,#3454,#3455);
#3457=CIRCLE('',#3456,1.5);
#3458=EDGE_CURVE('',#3452,#3444,#3457,.T.);
#3459=ORIENTED_EDGE('',*,*,#3458,.F.);
#3460=CARTESIAN_POINT('',(-63.869588077,14.699254185,14.5));
#3461=DIRECTION('',(0.,0.,1.));
#3462=DIRECTION('',(1.,0.,-0.));
#3463=AXIS2_PLACEMENT_3D('',#3460,#3461,#3462);
#3464=CIRCLE('',#3463,1.5);
#3465=EDGE_CURVE('',#3444,#3452,#3464,.T.);
#3466=ORIENTED_EDGE('',*,*,#3465,.F.);
#3467=ORIENTED_EDGE('',*,*,#3449,.T.);
#3468=ORIENTED_EDGE('',*,*,#444,.F.);
#3469=CARTESIAN_POINT('',(-63.531932354,16.160756362,14.885879445));
#3470=VERTEX_POINT('',#3469);
#3471=CARTESIAN_POINT('',(-62.597993237,15.494896417,15.));
#3472=CARTESIAN_POINT('',(-62.650774989,15.579252176,15.));
#3473=CARTESIAN_POINT('',(-62.710802447,15.656725462,14.994725614));
#3474=CARTESIAN_POINT('',(-62.77775865,15.727800977,14.986391064));
#3475=CARTESIAN_POINT('',(-62.844714854,15.798876491,14.978056513));
#3476=CARTESIAN_POINT('',(-62.919521208,15.864128182,14.966474657));
#3477=CARTESIAN_POINT('',(-62.999140686,15.920860234,14.954106011));
#3478=CARTESIAN_POINT('',(-63.078760164,15.977592285,14.941737366));
#3479=CARTESIAN_POINT('',(-63.163032639,16.02603422,14.928630128));
#3480=CARTESIAN_POINT('',(-63.252164773,16.066290565,14.916625963));
#3481=CARTESIAN_POINT('',(-63.341296907,16.10654691,14.904621797));
#3482=CARTESIAN_POINT('',(-63.435403139,16.138454895,14.89375681));
#3483=CARTESIAN_POINT('',(-63.531932354,16.160756362,14.885879445));
#3484=B_SPLINE_CURVE_WITH_KNOTS('',3,(#3471,#3472,#3473,#3474,#3475,#3476,#3477,#3478,#3479,#3480,#3481,#3482,#3483),.UNSPECIFIED.,.F.,.F.,(4,3,3,3,4),(0.,0.000293814,0.000587627,0.000881441,0.001175255),.UNSPECIFIED.);
#3485=EDGE_CURVE('',#430,#3470,#3484,.T.);
#3486=ORIENTED_EDGE('',*,*,#3485,.T.);
#3487=CARTESIAN_POINT('',(-63.531932354,16.160756362,14.885879445));
#3488=CARTESIAN_POINT('',(-63.635224968,16.184620399,14.877450146));
#3489=CARTESIAN_POINT('',(-63.739309176,16.197262718,14.870985485));
#3490=CARTESIAN_POINT('',(-63.844183525,16.199039039,14.86691761));
#3491=CARTESIAN_POINT('',(-63.949057873,16.20081536,14.862849734));
#3492=CARTESIAN_POINT('',(-64.05590529,16.191346815,14.861221747));
#3493=CARTESIAN_POINT('',(-64.159070006,16.171055874,14.86225812));
#3494=CARTESIAN_POINT('',(-64.262234722,16.150764934,14.863294493));
#3495=CARTESIAN_POINT('',(-64.362429395,16.119916321,14.866908805));
#3496=CARTESIAN_POINT('',(-64.459613165,16.078337357,14.872862022));
#3497=CARTESIAN_POINT('',(-64.556796936,16.036758393,14.878815238));
#3498=CARTESIAN_POINT('',(-64.6491066,15.985048216,14.887025637));
#3499=CARTESIAN_POINT('',(-64.734470584,15.924806407,14.896597212));
#3500=CARTESIAN_POINT('',(-64.819834569,15.864564598,14.906168786));
#3501=CARTESIAN_POINT('',(-64.899817681,15.794522711,14.917298238));
#3502=CARTESIAN_POINT('',(-64.970974415,15.717560689,14.928625381));
#3503=CARTESIAN_POINT('',(-65.042131148,15.640598666,14.939952524));
#3504=CARTESIAN_POINT('',(-65.104532439,15.557110476,14.951437466));
#3505=CARTESIAN_POINT('',(-65.158225654,15.466986688,14.961977941));
#3506=CARTESIAN_POINT('',(-65.211918869,15.3768629,14.972518416));
#3507=CARTESIAN_POINT('',(-65.256481623,15.280165087,14.982049236));
#3508=CARTESIAN_POINT('',(-65.290071337,15.181153872,14.98887499));
#3509=CARTESIAN_POINT('',(-65.323661051,15.082142656,14.995700744));
#3510=CARTESIAN_POINT('',(-65.347059653,14.979125813,15.000000011));
#3511=CARTESIAN_POINT('',(-65.359400581,14.873778406,15.));
#3512=B_SPLINE_CURVE_WITH_KNOTS('',3,(#3487,#3488,#3489,#3490,#3491,#3492,#3493,#3494,#3495,#3496,#3497,#3498,#3499,#3500,#3501,#3502,#3503,#3504,#3505,#3506,#3507,#3508,#3509,#3510,#3511),.UNSPECIFIED.,.F.,.F.,(4,3,3,3,3,3,3,3,4),(0.,0.000314572,0.000629144,0.000943715,0.001258287,0.001572859,0.001887431,0.002202003,0.002516575),.UNSPECIFIED.);
#3513=EDGE_CURVE('',#3470,#447,#3512,.T.);
#3514=ORIENTED_EDGE('',*,*,#3513,.T.);
#3515=ORIENTED_EDGE('',*,*,#453,.F.);
#3516=EDGE_LOOP('',(#3450,#3459,#3466,#3467,#3468,#3486,#3514,#3515));
#3517=FACE_BOUND('',#3516,.T.);
#3518=ADVANCED_FACE('',(#3517),#3442,.F.);
#3519=CARTESIAN_POINT('',(0.,0.,14.5));
#3520=DIRECTION('',(0.,0.,1.));
#3521=DIRECTION('',(1.,0.,0.));
#3522=AXIS2_PLACEMENT_3D('',#3519,#3520,#3521);
#3523=PLANE('',#3522);
#3524=ORIENTED_EDGE('',*,*,#1084,.F.);
#3525=ORIENTED_EDGE('',*,*,#1091,.F.);
#3526=EDGE_LOOP('',(#3524,#3525));
#3527=FACE_BOUND('',#3526,.T.);
#3528=ORIENTED_EDGE('',*,*,#3458,.T.);
#3529=ORIENTED_EDGE('',*,*,#3465,.T.);
#3530=EDGE_LOOP('',(#3528,#3529));
#3531=FACE_BOUND('',#3530,.T.);
#3532=ADVANCED_FACE('',(#3527,#3531),#3523,.T.);
#3533=CARTESIAN_POINT('',(-63.869588077,-14.700745815,38.5));
#3534=DIRECTION('',(0.,0.,-1.));
#3535=DIRECTION('',(-1.,0.,0.));
#3536=AXIS2_PLACEMENT_3D('',#3533,#3534,#3535);
#3537=CYLINDRICAL_SURFACE('',#3536,1.5);
#3538=CARTESIAN_POINT('',(-65.369588077,-14.700745815,14.5));
#3539=VERTEX_POINT('',#3538);
#3540=CARTESIAN_POINT('',(-65.369588077,-14.700745815,14.5));
#3541=DIRECTION('',(-0.,-0.,1.));
#3542=VECTOR('',#3541,0.5);
#3543=LINE('',#3540,#3542);
#3544=EDGE_CURVE('',#3539,#482,#3543,.T.);
#3545=ORIENTED_EDGE('',*,*,#3544,.F.);
#3546=CARTESIAN_POINT('',(-62.369588077,-14.700745815,14.5));
#3547=VERTEX_POINT('',#3546);
#3548=CARTESIAN_POINT('',(-63.869588077,-14.700745815,14.5));
#3549=DIRECTION('',(0.,0.,1.));
#3550=DIRECTION('',(1.,0.,-0.));
#3551=AXIS2_PLACEMENT_3D('',#3548,#3549,#3550);
#3552=CIRCLE('',#3551,1.5);
#3553=EDGE_CURVE('',#3547,#3539,#3552,.T.);
#3554=ORIENTED_EDGE('',*,*,#3553,.F.);
#3555=CARTESIAN_POINT('',(-63.869588077,-14.700745815,14.5));
#3556=DIRECTION('',(0.,0.,1.));
#3557=DIRECTION('',(1.,0.,-0.));
#3558=AXIS2_PLACEMENT_3D('',#3555,#3556,#3557);
#3559=CIRCLE('',#3558,1.5);
#3560=EDGE_CURVE('',#3539,#3547,#3559,.T.);
#3561=ORIENTED_EDGE('',*,*,#3560,.F.);
#3562=ORIENTED_EDGE('',*,*,#3544,.T.);
#3563=ORIENTED_EDGE('',*,*,#488,.F.);
#3564=CARTESIAN_POINT('',(-65.359371098,-14.87552153,15.));
#3565=CARTESIAN_POINT('',(-65.346965784,-14.981264057,15.));
#3566=CARTESIAN_POINT('',(-65.323679475,-15.083623068,14.995723518));
#3567=CARTESIAN_POINT('',(-65.290007448,-15.182833784,14.988895782));
#3568=CARTESIAN_POINT('',(-65.256335421,-15.2820445,14.982068047));
#3569=CARTESIAN_POINT('',(-65.211552793,-15.379051895,14.972512384));
#3570=CARTESIAN_POINT('',(-65.157913902,-15.469001351,14.962007909));
#3571=CARTESIAN_POINT('',(-65.104275011,-15.558950807,14.951503434));
#3572=CARTESIAN_POINT('',(-65.041794172,-15.642563338,14.940027117));
#3573=CARTESIAN_POINT('',(-64.970257139,-15.719827567,14.928676817));
#3574=CARTESIAN_POINT('',(-64.898720105,-15.797091796,14.917326518));
#3575=CARTESIAN_POINT('',(-64.819203434,-15.866566608,14.906308749));
#3576=CARTESIAN_POINT('',(-64.733845567,-15.926738878,14.896776167));
#3577=CARTESIAN_POINT('',(-64.6484877,-15.986911148,14.887243584));
#3578=CARTESIAN_POINT('',(-64.555579241,-16.038853488,14.879028544));
#3579=CARTESIAN_POINT('',(-64.458616147,-16.080255124,14.873131543));
#3580=CARTESIAN_POINT('',(-64.361653053,-16.121656759,14.867234541));
#3581=CARTESIAN_POINT('',(-64.261503059,-16.152465795,14.863650788));
#3582=CARTESIAN_POINT('',(-64.158170122,-16.172724213,14.862646432));
#3583=CARTESIAN_POINT('',(-64.054837184,-16.192982631,14.861642076));
#3584=CARTESIAN_POINT('',(-63.948042406,-16.202360039,14.863303728));
#3585=CARTESIAN_POINT('',(-63.843174239,-16.200513233,14.867394938));
#3586=CARTESIAN_POINT('',(-63.738306072,-16.198666428,14.871486148));
#3587=CARTESIAN_POINT('',(-63.6335794,-16.185836674,14.878014402));
#3588=CARTESIAN_POINT('',(-63.530511811,-16.161919072,14.886439162));
#3589=B_SPLINE_CURVE_WITH_KNOTS('',3,(#3564,#3565,#3566,#3567,#3568,#3569,#3570,#3571,#3572,#3573,#3574,#3575,#3576,#3577,#3578,#3579,#3580,#3581,#3582,#3583,#3584,#3585,#3586,#3587,#3588),.UNSPECIFIED.,.F.,.F.,(4,3,3,3,3,3,3,3,4),(0.,0.000314627,0.000629254,0.000943881,0.001258508,0.001573135,0.001887762,0.002202388,0.002517015),.UNSPECIFIED.);
#3590=EDGE_CURVE('',#473,#737,#3589,.T.);
#3591=ORIENTED_EDGE('',*,*,#3590,.T.);
#3592=ORIENTED_EDGE('',*,*,#752,.T.);
#3593=ORIENTED_EDGE('',*,*,#495,.F.);
#3594=EDGE_LOOP('',(#3545,#3554,#3561,#3562,#3563,#3591,#3592,#3593));
#3595=FACE_BOUND('',#3594,.T.);
#3596=ADVANCED_FACE('',(#3595),#3537,.F.);
#3597=CARTESIAN_POINT('',(0.,0.,14.5));
#3598=DIRECTION('',(0.,0.,1.));
#3599=DIRECTION('',(1.,0.,0.));
#3600=AXIS2_PLACEMENT_3D('',#3597,#3598,#3599);
#3601=PLANE('',#3600);
#3602=ORIENTED_EDGE('',*,*,#1033,.F.);
#3603=ORIENTED_EDGE('',*,*,#1040,.F.);
#3604=EDGE_LOOP('',(#3602,#3603));
#3605=FACE_BOUND('',#3604,.T.);
#3606=ORIENTED_EDGE('',*,*,#3553,.T.);
#3607=ORIENTED_EDGE('',*,*,#3560,.T.);
#3608=EDGE_LOOP('',(#3606,#3607));
#3609=FACE_BOUND('',#3608,.T.);
#3610=ADVANCED_FACE('',(#3605,#3609),#3601,.T.);
#3611=CARTESIAN_POINT('',(-67.930999592,-0.003506019,8.8));
#3612=DIRECTION('',(0.70710678,0.000037889,0.707106781));
#3613=DIRECTION('',(-0.000053583,0.999999999,-0.));
#3614=AXIS2_PLACEMENT_3D('',#3611,#3612,#3613);
#3615=PLANE('',#3614);
#3616=ORIENTED_EDGE('',*,*,#2886,.F.);
#3617=ORIENTED_EDGE('',*,*,#1702,.F.);
#3618=CARTESIAN_POINT('',(-67.931669284,12.494593642,8.8));
#3619=DIRECTION('',(-0.70710678,-0.000037889,0.707106781));
#3620=VECTOR('',#3619,0.848528137);
#3621=LINE('',#3618,#3620);
#3622=EDGE_CURVE('',#1461,#1689,#3621,.T.);
#3623=ORIENTED_EDGE('',*,*,#3622,.F.);
#3624=ORIENTED_EDGE('',*,*,#1466,.F.);
#3625=EDGE_LOOP('',(#3616,#3617,#3623,#3624));
#3626=FACE_BOUND('',#3625,.T.);
#3627=ADVANCED_FACE('',(#3626),#3615,.F.);
#3628=CARTESIAN_POINT('',(-63.53166929,12.49482941,8.8));
#3629=DIRECTION('',(0.,0.,1.));
#3630=DIRECTION('',(1.,0.,-0.));
#3631=AXIS2_PLACEMENT_3D('',#3628,#3629,#3630);
#3632=CONICAL_SURFACE('',#3631,4.4,45.);
#3633=ORIENTED_EDGE('',*,*,#3622,.T.);
#3634=ORIENTED_EDGE('',*,*,#3156,.F.);
#3635=CARTESIAN_POINT('',(-63.531985031,16.894829398,8.8));
#3636=DIRECTION('',(-0.000050741,0.707106779,0.707106781));
#3637=VECTOR('',#3636,0.848528137);
#3638=LINE('',#3635,#3637);
#3639=EDGE_CURVE('',#1469,#2195,#3638,.T.);
#3640=ORIENTED_EDGE('',*,*,#3639,.F.);
#3641=ORIENTED_EDGE('',*,*,#1475,.F.);
#3642=EDGE_LOOP('',(#3633,#3634,#3640,#3641));
#3643=FACE_BOUND('',#3642,.T.);
#3644=ADVANCED_FACE('',(#3643),#3632,.T.);
#3645=CARTESIAN_POINT('',(-2.501212676,16.899208924,8.8));
#3646=DIRECTION('',(0.000050741,-0.707106779,0.707106781));
#3647=DIRECTION('',(0.999999997,0.000071759,0.));
#3648=AXIS2_PLACEMENT_3D('',#3645,#3646,#3647);
#3649=PLANE('',#3648);
#3650=ORIENTED_EDGE('',*,*,#3639,.T.);
#3651=ORIENTED_EDGE('',*,*,#2224,.F.);
#3652=CARTESIAN_POINT('',(61.476522636,16.903799922,8.8));
#3653=DIRECTION('',(-0.000050741,0.707106779,0.707106781));
#3654=VECTOR('',#3653,0.848528137);
#3655=LINE('',#3652,#3654);
#3656=EDGE_CURVE('',#1478,#2213,#3655,.T.);
#3657=ORIENTED_EDGE('',*,*,#3656,.F.);
#3658=ORIENTED_EDGE('',*,*,#1483,.F.);
#3659=EDGE_LOOP('',(#3650,#3651,#3657,#3658));
#3660=FACE_BOUND('',#3659,.T.);
#3661=ADVANCED_FACE('',(#3660),#3649,.F.);
#3662=CARTESIAN_POINT('',(61.476838376,12.503799934,8.8));
#3663=DIRECTION('',(0.,0.,1.));
#3664=DIRECTION('',(1.,0.,-0.));
#3665=AXIS2_PLACEMENT_3D('',#3662,#3663,#3664);
#3666=CONICAL_SURFACE('',#3665,4.4,45.);
#3667=ORIENTED_EDGE('',*,*,#3656,.T.);
#3668=ORIENTED_EDGE('',*,*,#3204,.F.);
#3669=CARTESIAN_POINT('',(65.876838259,12.502781951,8.8));
#3670=DIRECTION('',(0.707106762,-0.000163596,0.707106781));
#3671=VECTOR('',#3670,0.848528137);
#3672=LINE('',#3669,#3671);
#3673=EDGE_CURVE('',#1486,#2155,#3672,.T.);
#3674=ORIENTED_EDGE('',*,*,#3673,.F.);
#3675=ORIENTED_EDGE('',*,*,#1492,.F.);
#3676=EDGE_LOOP('',(#3667,#3668,#3674,#3675));
#3677=FACE_BOUND('',#3676,.T.);
#3678=ADVANCED_FACE('',(#3677),#3666,.T.);
#3679=CARTESIAN_POINT('',(65.873941958,-0.01581898,8.8));
#3680=DIRECTION('',(-0.707106762,0.000163596,0.707106781));
#3681=DIRECTION('',(-0.00023136,-0.999999973,-0.));
#3682=AXIS2_PLACEMENT_3D('',#3679,#3680,#3681);
#3683=PLANE('',#3682);
#3684=ORIENTED_EDGE('',*,*,#3673,.T.);
#3685=ORIENTED_EDGE('',*,*,#2184,.F.);
#3686=CARTESIAN_POINT('',(65.871052511,-12.504795667,8.8));
#3687=DIRECTION('',(0.707106762,-0.000163596,0.707106781));
#3688=VECTOR('',#3687,0.848528137);
#3689=LINE('',#3686,#3688);
#3690=EDGE_CURVE('',#1495,#2173,#3689,.T.);
#3691=ORIENTED_EDGE('',*,*,#3690,.F.);
#3692=ORIENTED_EDGE('',*,*,#1500,.F.);
#3693=EDGE_LOOP('',(#3684,#3685,#3691,#3692));
#3694=FACE_BOUND('',#3693,.T.);
#3695=ADVANCED_FACE('',(#3694),#3683,.F.);
#3696=CARTESIAN_POINT('',(61.471052629,-12.503777684,8.8));
#3697=DIRECTION('',(0.,0.,1.));
#3698=DIRECTION('',(1.,0.,-0.));
#3699=AXIS2_PLACEMENT_3D('',#3696,#3697,#3698);
#3700=CONICAL_SURFACE('',#3699,4.4,45.);
#3701=ORIENTED_EDGE('',*,*,#3690,.T.);
#3702=ORIENTED_EDGE('',*,*,#3132,.F.);
#3703=CARTESIAN_POINT('',(61.470834449,-16.903777678,8.8));
#3704=DIRECTION('',(-0.000035063,-0.70710678,0.707106781));
#3705=VECTOR('',#3704,0.848528137);
#3706=LINE('',#3703,#3705);
#3707=EDGE_CURVE('',#1503,#1330,#3706,.T.);
#3708=ORIENTED_EDGE('',*,*,#3707,.F.);
#3709=ORIENTED_EDGE('',*,*,#1509,.F.);
#3710=EDGE_LOOP('',(#3701,#3702,#3708,#3709));
#3711=FACE_BOUND('',#3710,.T.);
#3712=ADVANCED_FACE('',(#3711),#3700,.T.);
#3713=CARTESIAN_POINT('',(-2.500838037,-16.900605565,8.8));
#3714=DIRECTION('',(0.000035063,0.70710678,0.707106781));
#3715=DIRECTION('',(-0.999999999,0.000049586,-0.));
#3716=AXIS2_PLACEMENT_3D('',#3713,#3714,#3715);
#3717=PLANE('',#3716);
#3718=ORIENTED_EDGE('',*,*,#3707,.T.);
#3719=ORIENTED_EDGE('',*,*,#1359,.F.);
#3720=CARTESIAN_POINT('',(-63.53054829,-16.897579333,8.8));
#3721=DIRECTION('',(-0.000035063,-0.70710678,0.707106781));
#3722=VECTOR('',#3721,0.848528137);
#3723=LINE('',#3720,#3722);
#3724=EDGE_CURVE('',#1386,#1348,#3723,.T.);
#3725=ORIENTED_EDGE('',*,*,#3724,.F.);
#3726=ORIENTED_EDGE('',*,*,#1515,.F.);
#3727=EDGE_LOOP('',(#3718,#3719,#3725,#3726));
#3728=FACE_BOUND('',#3727,.T.);
#3729=ADVANCED_FACE('',(#3728),#3717,.F.);
#3730=CARTESIAN_POINT('',(-63.53033011,-12.497579338,8.8));
#3731=DIRECTION('',(0.,0.,1.));
#3732=DIRECTION('',(1.,0.,-0.));
#3733=AXIS2_PLACEMENT_3D('',#3730,#3731,#3732);
#3734=CONICAL_SURFACE('',#3733,4.4,45.);
#3735=ORIENTED_EDGE('',*,*,#3724,.T.);
#3736=ORIENTED_EDGE('',*,*,#3180,.F.);
#3737=CARTESIAN_POINT('',(-67.930330104,-12.497815106,8.8));
#3738=DIRECTION('',(-0.70710678,-0.000037889,0.707106781));
#3739=VECTOR('',#3738,0.848528137);
#3740=LINE('',#3737,#3739);
#3741=EDGE_CURVE('',#1388,#778,#3740,.T.);
#3742=ORIENTED_EDGE('',*,*,#3741,.F.);
#3743=ORIENTED_EDGE('',*,*,#1394,.F.);
#3744=EDGE_LOOP('',(#3735,#3736,#3742,#3743));
#3745=FACE_BOUND('',#3744,.T.);
#3746=ADVANCED_FACE('',(#3745),#3734,.T.);
#3747=CARTESIAN_POINT('',(-67.930999592,-0.003506019,8.8));
#3748=DIRECTION('',(0.70710678,0.000037889,0.707106781));
#3749=DIRECTION('',(-0.000053583,0.999999999,-0.));
#3750=AXIS2_PLACEMENT_3D('',#3747,#3748,#3749);
#3751=PLANE('',#3750);
#3752=ORIENTED_EDGE('',*,*,#3741,.T.);
#3753=ORIENTED_EDGE('',*,*,#816,.F.);
#3754=ORIENTED_EDGE('',*,*,#2863,.F.);
#3755=ORIENTED_EDGE('',*,*,#1402,.F.);
#3756=EDGE_LOOP('',(#3752,#3753,#3754,#3755));
#3757=FACE_BOUND('',#3756,.T.);
#3758=ADVANCED_FACE('',(#3757),#3751,.F.);
#3759=CARTESIAN_POINT('',(-63.7,5.7,13.3));
#3760=DIRECTION('',(0.,0.,1.));
#3761=DIRECTION('',(1.,0.,-0.));
#3762=AXIS2_PLACEMENT_3D('',#3759,#3760,#3761);
#3763=CYLINDRICAL_SURFACE('',#3762,0.848528137);
#3764=CARTESIAN_POINT('',(-62.851471863,5.7,15.));
#3765=DIRECTION('',(-0.,-0.,-1.));
#3766=VECTOR('',#3765,1.4);
#3767=LINE('',#3764,#3766);
#3768=EDGE_CURVE('',#383,#1204,#3767,.T.);
#3769=ORIENTED_EDGE('',*,*,#3768,.F.);
#3770=ORIENTED_EDGE('',*,*,#389,.T.);
#3771=ORIENTED_EDGE('',*,*,#3768,.T.);
#3772=ORIENTED_EDGE('',*,*,#1212,.T.);
#3773=ORIENTED_EDGE('',*,*,#1219,.T.);
#3774=EDGE_LOOP('',(#3769,#3770,#3771,#3772,#3773));
#3775=FACE_BOUND('',#3774,.T.);
#3776=ADVANCED_FACE('',(#3775),#3763,.F.);
#3777=CARTESIAN_POINT('',(58.804893,-8.051249,15.));
#3778=DIRECTION('',(0.,0.,1.));
#3779=DIRECTION('',(1.,0.,-0.));
#3780=AXIS2_PLACEMENT_3D('',#3777,#3778,#3779);
#3781=CYLINDRICAL_SURFACE('',#3780,2.);
#3782=ORIENTED_EDGE('',*,*,#940,.F.);
#3783=ORIENTED_EDGE('',*,*,#2509,.F.);
#3784=ORIENTED_EDGE('',*,*,#1985,.F.);
#3785=ORIENTED_EDGE('',*,*,#2531,.F.);
#3786=EDGE_LOOP('',(#3782,#3783,#3784,#3785));
#3787=FACE_BOUND('',#3786,.T.);
#3788=ADVANCED_FACE('',(#3787),#3781,.F.);
#3789=CARTESIAN_POINT('',(-24.538857,-8.051249,15.));
#3790=DIRECTION('',(0.,0.,1.));
#3791=DIRECTION('',(1.,0.,-0.));
#3792=AXIS2_PLACEMENT_3D('',#3789,#3790,#3791);
#3793=CYLINDRICAL_SURFACE('',#3792,2.);
#3794=ORIENTED_EDGE('',*,*,#329,.F.);
#3795=ORIENTED_EDGE('',*,*,#2443,.F.);
#3796=ORIENTED_EDGE('',*,*,#2095,.F.);
#3797=ORIENTED_EDGE('',*,*,#2465,.F.);
#3798=EDGE_LOOP('',(#3794,#3795,#3796,#3797));
#3799=FACE_BOUND('',#3798,.T.);
#3800=ADVANCED_FACE('',(#3799),#3793,.F.);
#3801=CARTESIAN_POINT('',(-40.638857,8.048751,15.));
#3802=DIRECTION('',(0.,0.,1.));
#3803=DIRECTION('',(1.,0.,-0.));
#3804=AXIS2_PLACEMENT_3D('',#3801,#3802,#3803);
#3805=CYLINDRICAL_SURFACE('',#3804,2.);
#3806=ORIENTED_EDGE('',*,*,#363,.F.);
#3807=ORIENTED_EDGE('',*,*,#2487,.F.);
#3808=ORIENTED_EDGE('',*,*,#2129,.F.);
#3809=ORIENTED_EDGE('',*,*,#2597,.F.);
#3810=EDGE_LOOP('',(#3806,#3807,#3808,#3809));
#3811=FACE_BOUND('',#3810,.T.);
#3812=ADVANCED_FACE('',(#3811),#3805,.F.);
#3813=CARTESIAN_POINT('',(-40.638857,-8.051249,15.));
#3814=DIRECTION('',(0.,0.,1.));
#3815=DIRECTION('',(1.,0.,-0.));
#3816=AXIS2_PLACEMENT_3D('',#3813,#3814,#3815);
#3817=CYLINDRICAL_SURFACE('',#3816,2.);
#3818=ORIENTED_EDGE('',*,*,#346,.F.);
#3819=ORIENTED_EDGE('',*,*,#2472,.F.);
#3820=ORIENTED_EDGE('',*,*,#2144,.F.);
#3821=ORIENTED_EDGE('',*,*,#2494,.F.);
#3822=EDGE_LOOP('',(#3818,#3819,#3820,#3821));
#3823=FACE_BOUND('',#3822,.T.);
#3824=ADVANCED_FACE('',(#3823),#3817,.F.);
#3825=CARTESIAN_POINT('',(58.804893,8.048751,15.));
#3826=DIRECTION('',(0.,0.,1.));
#3827=DIRECTION('',(1.,0.,-0.));
#3828=AXIS2_PLACEMENT_3D('',#3825,#3826,#3827);
#3829=CYLINDRICAL_SURFACE('',#3828,2.);
#3830=ORIENTED_EDGE('',*,*,#989,.F.);
#3831=ORIENTED_EDGE('',*,*,#2575,.F.);
#3832=ORIENTED_EDGE('',*,*,#2002,.F.);
#3833=ORIENTED_EDGE('',*,*,#2516,.F.);
#3834=EDGE_LOOP('',(#3830,#3831,#3832,#3833));
#3835=FACE_BOUND('',#3834,.T.);
#3836=ADVANCED_FACE('',(#3835),#3829,.F.);
#3837=CARTESIAN_POINT('',(23.718643,8.048751,15.));
#3838=DIRECTION('',(0.,0.,1.));
#3839=DIRECTION('',(1.,0.,-0.));
#3840=AXIS2_PLACEMENT_3D('',#3837,#3838,#3839);
#3841=CYLINDRICAL_SURFACE('',#3840,2.);
#3842=ORIENTED_EDGE('',*,*,#974,.F.);
#3843=ORIENTED_EDGE('',*,*,#2553,.F.);
#3844=ORIENTED_EDGE('',*,*,#2019,.F.);
#3845=ORIENTED_EDGE('',*,*,#2582,.F.);
#3846=EDGE_LOOP('',(#3842,#3843,#3844,#3845));
#3847=FACE_BOUND('',#3846,.T.);
#3848=ADVANCED_FACE('',(#3847),#3841,.F.);
#3849=CARTESIAN_POINT('',(23.718643,-8.051249,15.));
#3850=DIRECTION('',(0.,0.,1.));
#3851=DIRECTION('',(1.,0.,-0.));
#3852=AXIS2_PLACEMENT_3D('',#3849,#3850,#3851);
#3853=CYLINDRICAL_SURFACE('',#3852,2.);
#3854=ORIENTED_EDGE('',*,*,#957,.F.);
#3855=ORIENTED_EDGE('',*,*,#2538,.F.);
#3856=ORIENTED_EDGE('',*,*,#2034,.F.);
#3857=ORIENTED_EDGE('',*,*,#2560,.F.);
#3858=EDGE_LOOP('',(#3854,#3855,#3856,#3857));
#3859=FACE_BOUND('',#3858,.T.);
#3860=ADVANCED_FACE('',(#3859),#3853,.F.);
#3861=CARTESIAN_POINT('',(-24.538857,8.048751,15.));
#3862=DIRECTION('',(0.,0.,1.));
#3863=DIRECTION('',(1.,0.,-0.));
#3864=AXIS2_PLACEMENT_3D('',#3861,#3862,#3863);
#3865=CYLINDRICAL_SURFACE('',#3864,2.);
#3866=ORIENTED_EDGE('',*,*,#378,.F.);
#3867=ORIENTED_EDGE('',*,*,#2604,.F.);
#3868=ORIENTED_EDGE('',*,*,#2112,.F.);
#3869=ORIENTED_EDGE('',*,*,#2450,.F.);
#3870=EDGE_LOOP('',(#3866,#3867,#3868,#3869));
#3871=FACE_BOUND('',#3870,.T.);
#3872=ADVANCED_FACE('',(#3871),#3865,.F.);
#3873=CARTESIAN_POINT('',(61.476838376,12.503799934,13.));
#3874=DIRECTION('',(0.,0.,-1.));
#3875=DIRECTION('',(-1.,0.,0.));
#3876=AXIS2_PLACEMENT_3D('',#3873,#3874,#3875);
#3877=TOROIDAL_SURFACE('',#3876,3.,2.);
#3878=CARTESIAN_POINT('',(64.476838296,12.503105854,13.));
#3879=DIRECTION('',(-0.00023136,-0.999999973,0.));
#3880=DIRECTION('',(0.999999973,-0.00023136,0.));
#3881=AXIS2_PLACEMENT_3D('',#3878,#3879,#3880);
#3882=CIRCLE('',#3881,2.);
#3883=EDGE_CURVE('',#2157,#889,#3882,.T.);
#3884=ORIENTED_EDGE('',*,*,#3883,.F.);
#3885=ORIENTED_EDGE('',*,*,#3196,.F.);
#3886=ORIENTED_EDGE('',*,*,#673,.F.);
#3887=ORIENTED_EDGE('',*,*,#3334,.F.);
#3888=ORIENTED_EDGE('',*,*,#903,.F.);
#3889=EDGE_LOOP('',(#3884,#3885,#3886,#3887,#3888));
#3890=FACE_BOUND('',#3889,.T.);
#3891=ADVANCED_FACE('',(#3890),#3877,.T.);
#3892=CARTESIAN_POINT('',(-65.474622278,15.494689992,13.));
#3893=DIRECTION('',(-0.999999997,-0.000071759,0.));
#3894=DIRECTION('',(0.000071759,-0.999999997,0.));
#3895=AXIS2_PLACEMENT_3D('',#3892,#3893,#3894);
#3896=CYLINDRICAL_SURFACE('',#3895,2.);
#3897=CARTESIAN_POINT('',(-12.656201051,15.665088181,14.993048364));
#3898=VERTEX_POINT('',#3897);
#3899=CARTESIAN_POINT('',(-8.126256863,17.498805277,13.));
#3900=CARTESIAN_POINT('',(-8.126256833,17.498805282,13.058158484));
#3901=CARTESIAN_POINT('',(-8.140670152,17.496152959,13.115647195));
#3902=CARTESIAN_POINT('',(-8.164200478,17.49172151,13.168148848));
#3903=CARTESIAN_POINT('',(-8.187730803,17.48729006,13.220650502));
#3904=CARTESIAN_POINT('',(-8.220151111,17.481105277,13.269243233));
#3905=CARTESIAN_POINT('',(-8.256180093,17.47403316,13.313748271));
#3906=CARTESIAN_POINT('',(-8.328238055,17.459888927,13.402758346));
#3907=CARTESIAN_POINT('',(-8.415049165,17.442105917,13.478170516));
#3908=CARTESIAN_POINT('',(-8.50503171,17.422488446,13.547118351));
#3909=CARTESIAN_POINT('',(-8.595014255,17.402870975,13.616066185));
#3910=CARTESIAN_POINT('',(-8.68856388,17.381394045,13.677969678));
#3911=CARTESIAN_POINT('',(-8.783746691,17.358292626,13.73629568));
#3912=CARTESIAN_POINT('',(-8.878929502,17.335191207,13.794621681));
#3913=CARTESIAN_POINT('',(-8.975843001,17.310450451,13.849194033));
#3914=CARTESIAN_POINT('',(-9.073749681,17.284128396,13.901320465));
#3915=CARTESIAN_POINT('',(-9.26956304,17.231484285,14.005573328));
#3916=CARTESIAN_POINT('',(-9.469191395,17.172570102,14.100171538));
#3917=CARTESIAN_POINT('',(-9.671513281,17.106923628,14.188948576));
#3918=CARTESIAN_POINT('',(-9.873835167,17.041277154,14.277725614));
#3919=CARTESIAN_POINT('',(-10.075890507,16.969867104,14.359108016));
#3920=CARTESIAN_POINT('',(-10.277282861,16.892581732,14.434209499));
#3921=CARTESIAN_POINT('',(-10.68006757,16.738010988,14.584412466));
#3922=CARTESIAN_POINT('',(-11.080110108,16.560104482,14.71001862));
#3923=CARTESIAN_POINT('',(-11.477500123,16.356123098,14.806818682));
#3924=CARTESIAN_POINT('',(-11.67619513,16.254132407,14.855218713));
#3925=CARTESIAN_POINT('',(-11.874264049,16.145586036,14.896245302));
#3926=CARTESIAN_POINT('',(-12.071950219,16.029804523,14.928143932));
#3927=CARTESIAN_POINT('',(-12.269636389,15.91402301,14.960042561));
#3928=CARTESIAN_POINT('',(-12.464845647,15.792185025,14.982425197));
#3929=CARTESIAN_POINT('',(-12.656201051,15.665088181,14.993048364));
#3930=B_SPLINE_CURVE_WITH_KNOTS('',3,(#3899,#3900,#3901,#3902,#3903,#3904,#3905,#3906,#3907,#3908,#3909,#3910,#3911,#3912,#3913,#3914,#3915,#3916,#3917,#3918,#3919,#3920,#3921,#3922,#3923,#3924,
#3925,#3926,#3927,#3928,#3929),.UNSPECIFIED.,.F.,.F.,(4,3,3,3,3,3,3,3,3,3,4),(0.01745572,0.017626524,0.017797328,0.018138937,0.018480546,0.018822154,0.019505372,0.020188589,0.021555023,0.022238241,0.022921458),.UNSPECIFIED.);
#3931=EDGE_CURVE('',#171,#3898,#3930,.T.);
#3932=ORIENTED_EDGE('',*,*,#3931,.F.);
#3933=ORIENTED_EDGE('',*,*,#2208,.F.);
#3934=CARTESIAN_POINT('',(-63.531884568,15.494829402,13.));
#3935=DIRECTION('',(-0.999999997,-0.000071759,0.));
#3936=DIRECTION('',(0.000071759,-0.999999997,0.));
#3937=AXIS2_PLACEMENT_3D('',#3934,#3935,#3936);
#3938=CIRCLE('',#3937,2.);
#3939=EDGE_CURVE('',#3470,#2197,#3938,.T.);
#3940=ORIENTED_EDGE('',*,*,#3939,.F.);
#3941=ORIENTED_EDGE('',*,*,#3485,.F.);
#3942=ORIENTED_EDGE('',*,*,#435,.F.);
#3943=CARTESIAN_POINT('',(-12.656201051,15.665088181,14.993048364));
#3944=CARTESIAN_POINT('',(-12.738293338,15.610563074,14.997605874));
#3945=CARTESIAN_POINT('',(-12.819755376,15.555023328,15.));
#3946=CARTESIAN_POINT('',(-12.900589451,15.498462669,15.));
#3947=B_SPLINE_CURVE_WITH_KNOTS('',3,(#3943,#3944,#3945,#3946),.UNSPECIFIED.,.F.,.F.,(4,4),(0.,0.000295868),.UNSPECIFIED.);
#3948=EDGE_CURVE('',#3898,#421,#3947,.T.);
#3949=ORIENTED_EDGE('',*,*,#3948,.F.);
#3950=EDGE_LOOP('',(#3932,#3933,#3940,#3941,#3942,#3949));
#3951=FACE_BOUND('',#3950,.T.);
#3952=ADVANCED_FACE('',(#3951),#3896,.T.);
#3953=CARTESIAN_POINT('',(64.47660692,11.503033412,13.));
#3954=DIRECTION('',(0.00023136,0.999999973,0.));
#3955=DIRECTION('',(-0.999999973,0.00023136,0.));
#3956=AXIS2_PLACEMENT_3D('',#3953,#3954,#3955);
#3957=CYLINDRICAL_SURFACE('',#3956,2.);
#3958=ORIENTED_EDGE('',*,*,#3883,.T.);
#3959=ORIENTED_EDGE('',*,*,#894,.F.);
#3960=CARTESIAN_POINT('',(64.471052548,-12.504471763,13.));
#3961=DIRECTION('',(-0.00023136,-0.999999973,0.));
#3962=DIRECTION('',(0.999999973,-0.00023136,0.));
#3963=AXIS2_PLACEMENT_3D('',#3960,#3961,#3962);
#3964=CIRCLE('',#3963,2.);
#3965=EDGE_CURVE('',#2165,#880,#3964,.T.);
#3966=ORIENTED_EDGE('',*,*,#3965,.F.);
#3967=ORIENTED_EDGE('',*,*,#2170,.F.);
#3968=EDGE_LOOP('',(#3958,#3959,#3966,#3967));
#3969=FACE_BOUND('',#3968,.T.);
#3970=ADVANCED_FACE('',(#3969),#3957,.T.);
#3971=CARTESIAN_POINT('',(-63.53166929,12.49482941,13.));
#3972=DIRECTION('',(0.,0.,-1.));
#3973=DIRECTION('',(-1.,0.,0.));
#3974=AXIS2_PLACEMENT_3D('',#3971,#3972,#3973);
#3975=TOROIDAL_SURFACE('',#3974,3.,2.);
#3976=ORIENTED_EDGE('',*,*,#3939,.T.);
#3977=ORIENTED_EDGE('',*,*,#3148,.F.);
#3978=CARTESIAN_POINT('',(-66.531669286,12.494668659,13.));
#3979=DIRECTION('',(0.000053583,-0.999999999,0.));
#3980=DIRECTION('',(0.999999999,0.000053583,0.));
#3981=AXIS2_PLACEMENT_3D('',#3978,#3979,#3980);
#3982=CIRCLE('',#3981,2.);
#3983=EDGE_CURVE('',#456,#1681,#3982,.T.);
#3984=ORIENTED_EDGE('',*,*,#3983,.F.);
#3985=ORIENTED_EDGE('',*,*,#462,.F.);
#3986=ORIENTED_EDGE('',*,*,#3513,.F.);
#3987=EDGE_LOOP('',(#3976,#3977,#3984,#3985,#3986));
#3988=FACE_BOUND('',#3987,.T.);
#3989=ADVANCED_FACE('',(#3988),#3975,.T.);
#3990=CARTESIAN_POINT('',(61.471052629,-12.503777684,13.));
#3991=DIRECTION('',(0.,0.,-1.));
#3992=DIRECTION('',(-1.,0.,0.));
#3993=AXIS2_PLACEMENT_3D('',#3990,#3991,#3992);
#3994=TOROIDAL_SURFACE('',#3993,3.,2.);
#3995=ORIENTED_EDGE('',*,*,#886,.F.);
#3996=ORIENTED_EDGE('',*,*,#3418,.F.);
#3997=CARTESIAN_POINT('',(61.47090387,-15.50377768,13.));
#3998=DIRECTION('',(-0.999999999,0.000049586,0.));
#3999=DIRECTION('',(-0.000049586,-0.999999999,0.));
#4000=AXIS2_PLACEMENT_3D('',#3997,#3998,#3999);
#4001=CIRCLE('',#4000,2.);
#4002=EDGE_CURVE('',#1332,#3387,#4001,.T.);
#4003=ORIENTED_EDGE('',*,*,#4002,.F.);
#4004=ORIENTED_EDGE('',*,*,#3124,.F.);
#4005=ORIENTED_EDGE('',*,*,#3965,.T.);
#4006=EDGE_LOOP('',(#3995,#3996,#4003,#4004,#4005));
#4007=FACE_BOUND('',#4006,.T.);
#4008=ADVANCED_FACE('',(#4007),#3994,.T.);
#4009=CARTESIAN_POINT('',(-66.530383703,-11.497486065,13.));
#4010=DIRECTION('',(0.000053583,-0.999999999,0.));
#4011=DIRECTION('',(0.999999999,0.000053583,0.));
#4012=AXIS2_PLACEMENT_3D('',#4009,#4010,#4011);
#4013=CYLINDRICAL_SURFACE('',#4012,2.);
#4014=ORIENTED_EDGE('',*,*,#2941,.F.);
#4015=ORIENTED_EDGE('',*,*,#793,.F.);
#4016=CARTESIAN_POINT('',(-66.530330106,-12.497740089,13.));
#4017=DIRECTION('',(0.000053583,-0.999999999,0.));
#4018=DIRECTION('',(0.999999999,0.000053583,0.));
#4019=AXIS2_PLACEMENT_3D('',#4016,#4017,#4018);
#4020=CIRCLE('',#4019,2.);
#4021=EDGE_CURVE('',#465,#780,#4020,.T.);
#4022=ORIENTED_EDGE('',*,*,#4021,.F.);
#4023=ORIENTED_EDGE('',*,*,#470,.F.);
#4024=ORIENTED_EDGE('',*,*,#3983,.T.);
#4025=ORIENTED_EDGE('',*,*,#1686,.F.);
#4026=ORIENTED_EDGE('',*,*,#2916,.F.);
#4027=ORIENTED_EDGE('',*,*,#1239,.F.);
#4028=EDGE_LOOP('',(#4014,#4015,#4022,#4023,#4024,#4025,#4026,#4027));
#4029=FACE_BOUND('',#4028,.T.);
#4030=ADVANCED_FACE('',(#4029),#4013,.T.);
#4031=CARTESIAN_POINT('',(-0.500207662,-15.500704767,13.));
#4032=DIRECTION('',(-0.999999999,0.000049586,0.));
#4033=DIRECTION('',(-0.000049586,-0.999999999,0.));
#4034=AXIS2_PLACEMENT_3D('',#4031,#4032,#4033);
#4035=CYLINDRICAL_SURFACE('',#4034,2.);
#4036=CARTESIAN_POINT('',(11.831706984,-15.66804073,14.993038623));
#4037=VERTEX_POINT('',#4036);
#4038=CARTESIAN_POINT('',(7.274128858,-17.50109027,13.));
#4039=CARTESIAN_POINT('',(7.274128836,-17.501090274,13.058743141));
#4040=CARTESIAN_POINT('',(7.289019741,-17.498401106,13.116435192));
#4041=CARTESIAN_POINT('',(7.313230041,-17.493921867,13.169203877));
#4042=CARTESIAN_POINT('',(7.337440341,-17.489442628,13.221972561));
#4043=CARTESIAN_POINT('',(7.370586141,-17.483226631,13.270531061));
#4044=CARTESIAN_POINT('',(7.407333353,-17.476129152,13.31503572));
#4045=CARTESIAN_POINT('',(7.480827775,-17.461934194,13.404045037));
#4046=CARTESIAN_POINT('',(7.567680778,-17.444407828,13.478254312));
#4047=CARTESIAN_POINT('',(7.658998801,-17.424767476,13.547301953));
#4048=CARTESIAN_POINT('',(7.750316825,-17.405127125,13.616349593));
#4049=CARTESIAN_POINT('',(7.845475569,-17.383543407,13.678543113));
#4050=CARTESIAN_POINT('',(7.941836483,-17.360408538,13.736925163));
#4051=CARTESIAN_POINT('',(8.038197398,-17.337273669,13.795307213));
#4052=CARTESIAN_POINT('',(8.136110609,-17.312519095,13.849875014));
#4053=CARTESIAN_POINT('',(8.234886058,-17.286199836,13.901972238));
#4054=CARTESIAN_POINT('',(8.432436958,-17.233561318,14.006166686));
#4055=CARTESIAN_POINT('',(8.633364504,-17.174679075,14.100624522));
#4056=CARTESIAN_POINT('',(8.835784098,-17.109447589,14.188880068));
#4057=CARTESIAN_POINT('',(9.038203692,-17.044216103,14.277135614));
#4058=CARTESIAN_POINT('',(9.242183178,-16.972610146,14.358924747));
#4059=CARTESIAN_POINT('',(9.445848594,-16.894839549,14.434490541));
#4060=CARTESIAN_POINT('',(9.649514011,-16.817068951,14.510056335));
#4061=CARTESIAN_POINT('',(9.853608802,-16.732828576,14.579593296));
#4062=CARTESIAN_POINT('',(10.055387116,-16.643002771,14.642056877));
#4063=CARTESIAN_POINT('',(10.257165431,-16.553176966,14.704520457));
#4064=CARTESIAN_POINT('',(10.457397355,-16.457481653,14.760198455));
#4065=CARTESIAN_POINT('',(10.656131949,-16.355674124,14.808306676));
#4066=CARTESIAN_POINT('',(11.053601135,-16.152059068,14.904523117));
#4067=CARTESIAN_POINT('',(11.444962551,-15.924259125,14.971603425));
#4068=CARTESIAN_POINT('',(11.831706984,-15.66804073,14.993038623));
#4069=B_SPLINE_CURVE_WITH_KNOTS('',3,(#4038,#4039,#4040,#4041,#4042,#4043,#4044,#4045,#4046,#4047,#4048,#4049,#4050,#4051,#4052,#4053,#4054,#4055,#4056,#4057,#4058,#4059,#4060,#4061,#4062,#4063,
#4064,#4065,#4066,#4067,#4068),.UNSPECIFIED.,.F.,.F.,(4,3,3,3,3,3,3,3,3,3,4),(0.016574525,0.016745811,0.016917097,0.017259669,0.01760224,0.017944812,0.018629955,0.019315098,0.020000241,0.020685384,0.022055671),.UNSPECIFIED.);
#4070=EDGE_CURVE('',#117,#4037,#4069,.T.);
#4071=ORIENTED_EDGE('',*,*,#4070,.F.);
#4072=ORIENTED_EDGE('',*,*,#1343,.F.);
#4073=ORIENTED_EDGE('',*,*,#4002,.T.);
#4074=ORIENTED_EDGE('',*,*,#3393,.F.);
#4075=ORIENTED_EDGE('',*,*,#859,.F.);
#4076=CARTESIAN_POINT('',(11.831706984,-15.66804073,14.993038623));
#4077=CARTESIAN_POINT('',(11.914044916,-15.613491795,14.997602168));
#4078=CARTESIAN_POINT('',(11.995750803,-15.557923122,15.));
#4079=CARTESIAN_POINT('',(12.076826956,-15.501328415,15.));
#4080=B_SPLINE_CURVE_WITH_KNOTS('',3,(#4076,#4077,#4078,#4079),.UNSPECIFIED.,.F.,.F.,(4,4),(0.,0.000296522),.UNSPECIFIED.);
#4081=EDGE_CURVE('',#4037,#845,#4080,.T.);
#4082=ORIENTED_EDGE('',*,*,#4081,.F.);
#4083=EDGE_LOOP('',(#4071,#4072,#4073,#4074,#4075,#4082));
#4084=FACE_BOUND('',#4083,.T.);
#4085=ADVANCED_FACE('',(#4084),#4035,.T.);
#4086=CARTESIAN_POINT('',(-63.53033011,-12.497579338,13.));
#4087=DIRECTION('',(0.,0.,-1.));
#4088=DIRECTION('',(-1.,0.,0.));
#4089=AXIS2_PLACEMENT_3D('',#4086,#4087,#4088);
#4090=TOROIDAL_SURFACE('',#4089,3.,2.);
#4091=ORIENTED_EDGE('',*,*,#4021,.T.);
#4092=ORIENTED_EDGE('',*,*,#3172,.F.);
#4093=ORIENTED_EDGE('',*,*,#761,.T.);
#4094=ORIENTED_EDGE('',*,*,#3590,.F.);
#4095=ORIENTED_EDGE('',*,*,#479,.F.);
#4096=EDGE_LOOP('',(#4091,#4092,#4093,#4094,#4095));
#4097=FACE_BOUND('',#4096,.T.);
#4098=ADVANCED_FACE('',(#4097),#4090,.T.);
#4099=CARTESIAN_POINT('',(-5.906273815,5.502486038,13.));
#4100=DIRECTION('',(0.,0.,1.));
#4101=DIRECTION('',(1.,0.,-0.));
#4102=AXIS2_PLACEMENT_3D('',#4099,#4100,#4101);
#4103=CYLINDRICAL_SURFACE('',#4102,12.2);
#4104=ORIENTED_EDGE('',*,*,#3931,.T.);
#4105=CARTESIAN_POINT('',(-12.656201051,15.665088181,13.));
#4106=DIRECTION('',(0.,0.,1.));
#4107=VECTOR('',#4106,1.993048364);
#4108=LINE('',#4105,#4107);
#4109=EDGE_CURVE('',#179,#3898,#4108,.T.);
#4110=ORIENTED_EDGE('',*,*,#4109,.F.);
#4111=ORIENTED_EDGE('',*,*,#185,.T.);
#4112=EDGE_LOOP('',(#4104,#4110,#4111));
#4113=FACE_BOUND('',#4112,.T.);
#4114=ADVANCED_FACE('',(#4113),#4103,.F.);
#4115=CARTESIAN_POINT('',(5.093726185,5.502486038,13.));
#4116=DIRECTION('',(0.,0.,1.));
#4117=DIRECTION('',(1.,0.,-0.));
#4118=AXIS2_PLACEMENT_3D('',#4115,#4116,#4117);
#4119=CYLINDRICAL_SURFACE('',#4118,12.2);
#4120=ORIENTED_EDGE('',*,*,#635,.T.);
#4121=ORIENTED_EDGE('',*,*,#168,.T.);
#4122=CARTESIAN_POINT('',(11.84098618,15.666859238,13.));
#4123=DIRECTION('',(0.,0.,1.));
#4124=VECTOR('',#4123,1.993047265);
#4125=LINE('',#4122,#4124);
#4126=EDGE_CURVE('',#153,#602,#4125,.T.);
#4127=ORIENTED_EDGE('',*,*,#4126,.T.);
#4128=EDGE_LOOP('',(#4120,#4121,#4127));
#4129=FACE_BOUND('',#4128,.T.);
#4130=ADVANCED_FACE('',(#4129),#4119,.F.);
#4131=CARTESIAN_POINT('',(5.093726185,-5.497513962,13.));
#4132=DIRECTION('',(0.,0.,1.));
#4133=DIRECTION('',(1.,0.,-0.));
#4134=AXIS2_PLACEMENT_3D('',#4131,#4132,#4133);
#4135=CYLINDRICAL_SURFACE('',#4134,12.2);
#4136=ORIENTED_EDGE('',*,*,#4070,.T.);
#4137=CARTESIAN_POINT('',(11.831706984,-15.66804073,13.));
#4138=DIRECTION('',(0.,0.,1.));
#4139=VECTOR('',#4138,1.993038623);
#4140=LINE('',#4137,#4139);
#4141=EDGE_CURVE('',#127,#4037,#4140,.T.);
#4142=ORIENTED_EDGE('',*,*,#4141,.F.);
#4143=ORIENTED_EDGE('',*,*,#133,.T.);
#4144=EDGE_LOOP('',(#4136,#4142,#4143));
#4145=FACE_BOUND('',#4144,.T.);
#4146=ADVANCED_FACE('',(#4145),#4135,.F.);
#4147=CARTESIAN_POINT('',(-5.906273815,-5.497513962,13.));
#4148=DIRECTION('',(0.,0.,1.));
#4149=DIRECTION('',(1.,0.,-0.));
#4150=AXIS2_PLACEMENT_3D('',#4147,#4148,#4149);
#4151=CYLINDRICAL_SURFACE('',#4150,12.2);
#4152=ORIENTED_EDGE('',*,*,#726,.T.);
#4153=ORIENTED_EDGE('',*,*,#218,.T.);
#4154=CARTESIAN_POINT('',(-12.646100065,-15.666817877,13.));
#4155=DIRECTION('',(0.,0.,1.));
#4156=VECTOR('',#4155,1.993039383);
#4157=LINE('',#4154,#4156);
#4158=EDGE_CURVE('',#205,#690,#4157,.T.);
#4159=ORIENTED_EDGE('',*,*,#4158,.T.);
#4160=EDGE_LOOP('',(#4152,#4153,#4159));
#4161=FACE_BOUND('',#4160,.T.);
#4162=ADVANCED_FACE('',(#4161),#4151,.F.);
#4163=CARTESIAN_POINT('',(5.093726185,5.502486038,13.));
#4164=DIRECTION('',(0.,0.,1.));
#4165=DIRECTION('',(1.,0.,-0.));
#4166=AXIS2_PLACEMENT_3D('',#4163,#4164,#4165);
#4167=CYLINDRICAL_SURFACE('',#4166,12.2);
#4168=ORIENTED_EDGE('',*,*,#834,.F.);
#4169=ORIENTED_EDGE('',*,*,#644,.F.);
#4170=ORIENTED_EDGE('',*,*,#4126,.F.);
#4171=ORIENTED_EDGE('',*,*,#159,.T.);
#4172=CARTESIAN_POINT('',(17.293726185,5.502486038,13.));
#4173=DIRECTION('',(0.,0.,1.));
#4174=VECTOR('',#4173,2.);
#4175=LINE('',#4172,#4174);
#4176=EDGE_CURVE('',#145,#828,#4175,.T.);
#4177=ORIENTED_EDGE('',*,*,#4176,.T.);
#4178=EDGE_LOOP('',(#4168,#4169,#4170,#4171,#4177));
#4179=FACE_BOUND('',#4178,.T.);
#4180=ADVANCED_FACE('',(#4179),#4167,.F.);
#4181=CARTESIAN_POINT('',(17.293726185,-24.100704757,13.));
#4182=DIRECTION('',(-1.,-0.,0.));
#4183=DIRECTION('',(0.,-1.,0.));
#4184=AXIS2_PLACEMENT_3D('',#4181,#4182,#4183);
#4185=PLANE('',#4184);
#4186=ORIENTED_EDGE('',*,*,#842,.F.);
#4187=ORIENTED_EDGE('',*,*,#4176,.F.);
#4188=ORIENTED_EDGE('',*,*,#150,.T.);
#4189=CARTESIAN_POINT('',(17.293726185,-5.497513962,13.));
#4190=DIRECTION('',(0.,0.,1.));
#4191=VECTOR('',#4190,2.);
#4192=LINE('',#4189,#4191);
#4193=EDGE_CURVE('',#136,#837,#4192,.T.);
#4194=ORIENTED_EDGE('',*,*,#4193,.T.);
#4195=EDGE_LOOP('',(#4186,#4187,#4188,#4194));
#4196=FACE_BOUND('',#4195,.T.);
#4197=ADVANCED_FACE('',(#4196),#4185,.T.);
#4198=CARTESIAN_POINT('',(5.093726185,-5.497513962,13.));
#4199=DIRECTION('',(0.,0.,1.));
#4200=DIRECTION('',(1.,0.,-0.));
#4201=AXIS2_PLACEMENT_3D('',#4198,#4199,#4200);
#4202=CYLINDRICAL_SURFACE('',#4201,12.2);
#4203=ORIENTED_EDGE('',*,*,#851,.F.);
#4204=ORIENTED_EDGE('',*,*,#4193,.F.);
#4205=ORIENTED_EDGE('',*,*,#142,.T.);
#4206=ORIENTED_EDGE('',*,*,#4141,.T.);
#4207=ORIENTED_EDGE('',*,*,#4081,.T.);
#4208=EDGE_LOOP('',(#4203,#4204,#4205,#4206,#4207));
#4209=FACE_BOUND('',#4208,.T.);
#4210=ADVANCED_FACE('',(#4209),#4202,.F.);
#4211=CARTESIAN_POINT('',(-5.906273815,-5.497513962,13.));
#4212=DIRECTION('',(0.,0.,1.));
#4213=DIRECTION('',(1.,0.,-0.));
#4214=AXIS2_PLACEMENT_3D('',#4211,#4212,#4213);
#4215=CYLINDRICAL_SURFACE('',#4214,12.2);
#4216=ORIENTED_EDGE('',*,*,#410,.F.);
#4217=ORIENTED_EDGE('',*,*,#733,.F.);
#4218=ORIENTED_EDGE('',*,*,#4158,.F.);
#4219=ORIENTED_EDGE('',*,*,#211,.T.);
#4220=CARTESIAN_POINT('',(-18.106273815,-5.497513962,13.));
#4221=DIRECTION('',(0.,0.,1.));
#4222=VECTOR('',#4221,2.);
#4223=LINE('',#4220,#4222);
#4224=EDGE_CURVE('',#197,#404,#4223,.T.);
#4225=ORIENTED_EDGE('',*,*,#4224,.T.);
#4226=EDGE_LOOP('',(#4216,#4217,#4218,#4219,#4225));
#4227=FACE_BOUND('',#4226,.T.);
#4228=ADVANCED_FACE('',(#4227),#4215,.F.);
#4229=CARTESIAN_POINT('',(-18.106273815,-24.100704757,13.));
#4230=DIRECTION('',(1.,0.,0.));
#4231=DIRECTION('',(0.,0.,-1.));
#4232=AXIS2_PLACEMENT_3D('',#4229,#4230,#4231);
#4233=PLANE('',#4232);
#4234=ORIENTED_EDGE('',*,*,#418,.F.);
#4235=ORIENTED_EDGE('',*,*,#4224,.F.);
#4236=ORIENTED_EDGE('',*,*,#202,.T.);
#4237=CARTESIAN_POINT('',(-18.106273815,5.502486038,13.));
#4238=DIRECTION('',(-0.,-0.,1.));
#4239=VECTOR('',#4238,2.);
#4240=LINE('',#4237,#4239);
#4241=EDGE_CURVE('',#188,#413,#4240,.T.);
#4242=ORIENTED_EDGE('',*,*,#4241,.T.);
#4243=EDGE_LOOP('',(#4234,#4235,#4236,#4242));
#4244=FACE_BOUND('',#4243,.T.);
#4245=ADVANCED_FACE('',(#4244),#4233,.T.);
#4246=CARTESIAN_POINT('',(-5.906273815,5.502486038,13.));
#4247=DIRECTION('',(0.,0.,1.));
#4248=DIRECTION('',(1.,0.,-0.));
#4249=AXIS2_PLACEMENT_3D('',#4246,#4247,#4248);
#4250=CYLINDRICAL_SURFACE('',#4249,12.2);
#4251=ORIENTED_EDGE('',*,*,#427,.F.);
#4252=ORIENTED_EDGE('',*,*,#4241,.F.);
#4253=ORIENTED_EDGE('',*,*,#194,.T.);
#4254=ORIENTED_EDGE('',*,*,#4109,.T.);
#4255=ORIENTED_EDGE('',*,*,#3948,.T.);
#4256=EDGE_LOOP('',(#4251,#4252,#4253,#4254,#4255));
#4257=FACE_BOUND('',#4256,.T.);
#4258=ADVANCED_FACE('',(#4257),#4250,.F.);
#4259=CARTESIAN_POINT('',(-13.069767411,10.269495273,1.320667034));
#4260=DIRECTION('',(-0.172652863,-0.338677999,0.924926052));
#4261=DIRECTION('',(0.,-0.939027679,-0.343841559));
#4262=AXIS2_PLACEMENT_3D('',#4259,#4260,#4261);
#4263=CYLINDRICAL_SURFACE('',#4262,1.5);
#4264=ORIENTED_EDGE('',*,*,#3084,.F.);
#4265=ORIENTED_EDGE('',*,*,#2992,.F.);
#4266=ORIENTED_EDGE('',*,*,#1610,.F.);
#4267=ORIENTED_EDGE('',*,*,#3030,.F.);
#4268=EDGE_LOOP('',(#4264,#4265,#4266,#4267));
#4269=FACE_BOUND('',#4268,.T.);
#4270=ADVANCED_FACE('',(#4269),#4263,.F.);
#4271=CARTESIAN_POINT('',(-20.886917199,8.222914857,6.90985662));
#4272=DIRECTION('',(0.172652863,-0.338677999,0.924926052));
#4273=DIRECTION('',(0.,-0.939027679,-0.343841559));
#4274=AXIS2_PLACEMENT_3D('',#4271,#4272,#4273);
#4275=CYLINDRICAL_SURFACE('',#4274,1.5);
#4276=ORIENTED_EDGE('',*,*,#3108,.F.);
#4277=ORIENTED_EDGE('',*,*,#2961,.F.);
#4278=ORIENTED_EDGE('',*,*,#1627,.F.);
#4279=ORIENTED_EDGE('',*,*,#3006,.F.);
#4280=EDGE_LOOP('',(#4276,#4277,#4278,#4279));
#4281=FACE_BOUND('',#4280,.T.);
#4282=ADVANCED_FACE('',(#4281),#4275,.F.);
#4283=CARTESIAN_POINT('',(-20.908347809,-7.898453595,6.795049783));
#4284=DIRECTION('',(0.172652863,0.338677999,0.924926052));
#4285=DIRECTION('',(0.,-0.939027679,0.343841559));
#4286=AXIS2_PLACEMENT_3D('',#4283,#4284,#4285);
#4287=CYLINDRICAL_SURFACE('',#4286,1.5);
#4288=ORIENTED_EDGE('',*,*,#3100,.F.);
#4289=ORIENTED_EDGE('',*,*,#3054,.F.);
#4290=ORIENTED_EDGE('',*,*,#1644,.F.);
#4291=ORIENTED_EDGE('',*,*,#2975,.F.);
#4292=EDGE_LOOP('',(#4288,#4289,#4290,#4291));
#4293=FACE_BOUND('',#4292,.T.);
#4294=ADVANCED_FACE('',(#4293),#4287,.F.);
#4295=CARTESIAN_POINT('',(-13.048336802,-9.945034011,1.205860197));
#4296=DIRECTION('',(-0.172652863,0.338677999,0.924926052));
#4297=DIRECTION('',(-0.,-0.939027679,0.343841559));
#4298=AXIS2_PLACEMENT_3D('',#4295,#4296,#4297);
#4299=CYLINDRICAL_SURFACE('',#4298,1.5);
#4300=ORIENTED_EDGE('',*,*,#3092,.F.);
#4301=ORIENTED_EDGE('',*,*,#3037,.F.);
#4302=ORIENTED_EDGE('',*,*,#1659,.F.);
#4303=ORIENTED_EDGE('',*,*,#3068,.F.);
#4304=EDGE_LOOP('',(#4300,#4301,#4302,#4303));
#4305=FACE_BOUND('',#4304,.T.);
#4306=ADVANCED_FACE('',(#4305),#4299,.F.);
#4307=CARTESIAN_POINT('',(11.472243186,-7.95,9.9));
#4308=DIRECTION('',(-0.5,-0.866025404,0.));
#4309=DIRECTION('',(0.866025404,-0.5,0.));
#4310=AXIS2_PLACEMENT_3D('',#4307,#4308,#4309);
#4311=PLANE('',#4310);
#4312=ORIENTED_EDGE('',*,*,#40,.T.);
#4313=CARTESIAN_POINT('',(10.,-7.1,9.9));
#4314=VERTEX_POINT('',#4313);
#4315=CARTESIAN_POINT('',(10.,-7.1,9.9));
#4316=DIRECTION('',(0.,0.,1.));
#4317=VECTOR('',#4316,3.1);
#4318=LINE('',#4315,#4317);
#4319=EDGE_CURVE('',#4314,#35,#4318,.T.);
#4320=ORIENTED_EDGE('',*,*,#4319,.F.);
#4321=CARTESIAN_POINT('',(12.944486373,-8.8,9.9));
#4322=VERTEX_POINT('',#4321);
#4323=CARTESIAN_POINT('',(10.,-7.1,9.9));
#4324=DIRECTION('',(0.866025404,-0.5,0.));
#4325=VECTOR('',#4324,3.4);
#4326=LINE('',#4323,#4325);
#4327=EDGE_CURVE('',#4314,#4322,#4326,.T.);
#4328=ORIENTED_EDGE('',*,*,#4327,.T.);
#4329=CARTESIAN_POINT('',(12.944486373,-8.8,9.9));
#4330=DIRECTION('',(0.,0.,1.));
#4331=VECTOR('',#4330,3.1);
#4332=LINE('',#4329,#4331);
#4333=EDGE_CURVE('',#4322,#33,#4332,.T.);
#4334=ORIENTED_EDGE('',*,*,#4333,.T.);
#4335=EDGE_LOOP('',(#4312,#4320,#4328,#4334));
#4336=FACE_BOUND('',#4335,.T.);
#4337=ADVANCED_FACE('',(#4336),#4311,.T.);
#4338=CARTESIAN_POINT('',(12.944486373,-10.5,9.9));
#4339=DIRECTION('',(-1.,0.,0.));
#4340=DIRECTION('',(-0.,-1.,0.));
#4341=AXIS2_PLACEMENT_3D('',#4338,#4339,#4340);
#4342=PLANE('',#4341);
#4343=ORIENTED_EDGE('',*,*,#48,.T.);
#4344=ORIENTED_EDGE('',*,*,#4333,.F.);
#4345=CARTESIAN_POINT('',(12.944486373,-12.2,9.9));
#4346=VERTEX_POINT('',#4345);
#4347=CARTESIAN_POINT('',(12.944486373,-8.8,9.9));
#4348=DIRECTION('',(-0.,-1.,0.));
#4349=VECTOR('',#4348,3.4);
#4350=LINE('',#4347,#4349);
#4351=EDGE_CURVE('',#4322,#4346,#4350,.T.);
#4352=ORIENTED_EDGE('',*,*,#4351,.T.);
#4353=CARTESIAN_POINT('',(12.944486373,-12.2,9.9));
#4354=DIRECTION('',(0.,0.,1.));
#4355=VECTOR('',#4354,3.1);
#4356=LINE('',#4353,#4355);
#4357=EDGE_CURVE('',#4346,#43,#4356,.T.);
#4358=ORIENTED_EDGE('',*,*,#4357,.T.);
#4359=EDGE_LOOP('',(#4343,#4344,#4352,#4358));
#4360=FACE_BOUND('',#4359,.T.);
#4361=ADVANCED_FACE('',(#4360),#4342,.T.);
#4362=CARTESIAN_POINT('',(11.472243186,-13.05,9.9));
#4363=DIRECTION('',(-0.5,0.866025404,0.));
#4364=DIRECTION('',(-0.866025404,-0.5,0.));
#4365=AXIS2_PLACEMENT_3D('',#4362,#4363,#4364);
#4366=PLANE('',#4365);
#4367=ORIENTED_EDGE('',*,*,#56,.T.);
#4368=ORIENTED_EDGE('',*,*,#4357,.F.);
#4369=CARTESIAN_POINT('',(10.,-13.9,9.9));
#4370=VERTEX_POINT('',#4369);
#4371=CARTESIAN_POINT('',(12.944486373,-12.2,9.9));
#4372=DIRECTION('',(-0.866025404,-0.5,0.));
#4373=VECTOR('',#4372,3.4);
#4374=LINE('',#4371,#4373);
#4375=EDGE_CURVE('',#4346,#4370,#4374,.T.);
#4376=ORIENTED_EDGE('',*,*,#4375,.T.);
#4377=CARTESIAN_POINT('',(10.,-13.9,9.9));
#4378=DIRECTION('',(0.,0.,1.));
#4379=VECTOR('',#4378,3.1);
#4380=LINE('',#4377,#4379);
#4381=EDGE_CURVE('',#4370,#51,#4380,.T.);
#4382=ORIENTED_EDGE('',*,*,#4381,.T.);
#4383=EDGE_LOOP('',(#4367,#4368,#4376,#4382));
#4384=FACE_BOUND('',#4383,.T.);
#4385=ADVANCED_FACE('',(#4384),#4366,.T.);
#4386=CARTESIAN_POINT('',(8.527756814,-13.05,9.9));
#4387=DIRECTION('',(0.5,0.866025404,0.));
#4388=DIRECTION('',(-0.866025404,0.5,0.));
#4389=AXIS2_PLACEMENT_3D('',#4386,#4387,#4388);
#4390=PLANE('',#4389);
#4391=ORIENTED_EDGE('',*,*,#64,.T.);
#4392=ORIENTED_EDGE('',*,*,#4381,.F.);
#4393=CARTESIAN_POINT('',(7.055513627,-12.2,9.9));
#4394=VERTEX_POINT('',#4393);
#4395=CARTESIAN_POINT('',(10.,-13.9,9.9));
#4396=DIRECTION('',(-0.866025404,0.5,0.));
#4397=VECTOR('',#4396,3.4);
#4398=LINE('',#4395,#4397);
#4399=EDGE_CURVE('',#4370,#4394,#4398,.T.);
#4400=ORIENTED_EDGE('',*,*,#4399,.T.);
#4401=CARTESIAN_POINT('',(7.055513627,-12.2,9.9));
#4402=DIRECTION('',(0.,0.,1.));
#4403=VECTOR('',#4402,3.1);
#4404=LINE('',#4401,#4403);
#4405=EDGE_CURVE('',#4394,#59,#4404,.T.);
#4406=ORIENTED_EDGE('',*,*,#4405,.T.);
#4407=EDGE_LOOP('',(#4391,#4392,#4400,#4406));
#4408=FACE_BOUND('',#4407,.T.);
#4409=ADVANCED_FACE('',(#4408),#4390,.T.);
#4410=CARTESIAN_POINT('',(7.055513627,-10.5,9.9));
#4411=DIRECTION('',(1.,0.,0.));
#4412=DIRECTION('',(0.,0.,-1.));
#4413=AXIS2_PLACEMENT_3D('',#4410,#4411,#4412);
#4414=PLANE('',#4413);
#4415=ORIENTED_EDGE('',*,*,#72,.T.);
#4416=ORIENTED_EDGE('',*,*,#4405,.F.);
#4417=CARTESIAN_POINT('',(7.055513627,-8.8,9.9));
#4418=VERTEX_POINT('',#4417);
#4419=CARTESIAN_POINT('',(7.055513627,-12.2,9.9));
#4420=DIRECTION('',(0.,1.,0.));
#4421=VECTOR('',#4420,3.4);
#4422=LINE('',#4419,#4421);
#4423=EDGE_CURVE('',#4394,#4418,#4422,.T.);
#4424=ORIENTED_EDGE('',*,*,#4423,.T.);
#4425=CARTESIAN_POINT('',(7.055513627,-8.8,9.9));
#4426=DIRECTION('',(0.,0.,1.));
#4427=VECTOR('',#4426,3.1);
#4428=LINE('',#4425,#4427);
#4429=EDGE_CURVE('',#4418,#67,#4428,.T.);
#4430=ORIENTED_EDGE('',*,*,#4429,.T.);
#4431=EDGE_LOOP('',(#4415,#4416,#4424,#4430));
#4432=FACE_BOUND('',#4431,.T.);
#4433=ADVANCED_FACE('',(#4432),#4414,.T.);
#4434=CARTESIAN_POINT('',(8.527756814,-7.95,9.9));
#4435=DIRECTION('',(0.5,-0.866025404,0.));
#4436=DIRECTION('',(0.866025404,0.5,0.));
#4437=AXIS2_PLACEMENT_3D('',#4434,#4435,#4436);
#4438=PLANE('',#4437);
#4439=ORIENTED_EDGE('',*,*,#78,.T.);
#4440=ORIENTED_EDGE('',*,*,#4429,.F.);
#4441=CARTESIAN_POINT('',(7.055513627,-8.8,9.9));
#4442=DIRECTION('',(0.866025404,0.5,0.));
#4443=VECTOR('',#4442,3.4);
#4444=LINE('',#4441,#4443);
#4445=EDGE_CURVE('',#4418,#4314,#4444,.T.);
#4446=ORIENTED_EDGE('',*,*,#4445,.T.);
#4447=ORIENTED_EDGE('',*,*,#4319,.T.);
#4448=EDGE_LOOP('',(#4439,#4440,#4446,#4447));
#4449=FACE_BOUND('',#4448,.T.);
#4450=ADVANCED_FACE('',(#4449),#4438,.T.);
#4451=CARTESIAN_POINT('',(0.,0.,9.9));
#4452=DIRECTION('',(0.,0.,-1.));
#4453=DIRECTION('',(1.,0.,0.));
#4454=AXIS2_PLACEMENT_3D('',#4451,#4452,#4453);
#4455=PLANE('',#4454);
#4456=ORIENTED_EDGE('',*,*,#4327,.F.);
#4457=ORIENTED_EDGE('',*,*,#4445,.F.);
#4458=ORIENTED_EDGE('',*,*,#4423,.F.);
#4459=ORIENTED_EDGE('',*,*,#4399,.F.);
#4460=ORIENTED_EDGE('',*,*,#4375,.F.);
#4461=ORIENTED_EDGE('',*,*,#4351,.F.);
#4462=EDGE_LOOP('',(#4456,#4457,#4458,#4459,#4460,#4461));
#4463=FACE_BOUND('',#4462,.T.);
#4464=ADVANCED_FACE('',(#4463),#4455,.F.);
#4465=CARTESIAN_POINT('',(-9.527756814,13.05,9.9));
#4466=DIRECTION('',(-0.5,-0.866025404,0.));
#4467=DIRECTION('',(0.866025404,-0.5,0.));
#4468=AXIS2_PLACEMENT_3D('',#4465,#4466,#4467);
#4469=PLANE('',#4468);
#4470=ORIENTED_EDGE('',*,*,#230,.T.);
#4471=CARTESIAN_POINT('',(-11.,13.9,9.9));
#4472=VERTEX_POINT('',#4471);
#4473=CARTESIAN_POINT('',(-11.,13.9,9.9));
#4474=DIRECTION('',(0.,0.,1.));
#4475=VECTOR('',#4474,3.1);
#4476=LINE('',#4473,#4475);
#4477=EDGE_CURVE('',#4472,#225,#4476,.T.);
#4478=ORIENTED_EDGE('',*,*,#4477,.F.);
#4479=CARTESIAN_POINT('',(-8.055513627,12.2,9.9));
#4480=VERTEX_POINT('',#4479);
#4481=CARTESIAN_POINT('',(-11.,13.9,9.9));
#4482=DIRECTION('',(0.866025404,-0.5,0.));
#4483=VECTOR('',#4482,3.4);
#4484=LINE('',#4481,#4483);
#4485=EDGE_CURVE('',#4472,#4480,#4484,.T.);
#4486=ORIENTED_EDGE('',*,*,#4485,.T.);
#4487=CARTESIAN_POINT('',(-8.055513627,12.2,9.9));
#4488=DIRECTION('',(0.,0.,1.));
#4489=VECTOR('',#4488,3.1);
#4490=LINE('',#4487,#4489);
#4491=EDGE_CURVE('',#4480,#223,#4490,.T.);
#4492=ORIENTED_EDGE('',*,*,#4491,.T.);
#4493=EDGE_LOOP('',(#4470,#4478,#4486,#4492));
#4494=FACE_BOUND('',#4493,.T.);
#4495=ADVANCED_FACE('',(#4494),#4469,.T.);
#4496=CARTESIAN_POINT('',(-8.055513627,10.5,9.9));
#4497=DIRECTION('',(-1.,-0.,0.));
#4498=DIRECTION('',(0.,-1.,0.));
#4499=AXIS2_PLACEMENT_3D('',#4496,#4497,#4498);
#4500=PLANE('',#4499);
#4501=ORIENTED_EDGE('',*,*,#238,.T.);
#4502=ORIENTED_EDGE('',*,*,#4491,.F.);
#4503=CARTESIAN_POINT('',(-8.055513627,8.8,9.9));
#4504=VERTEX_POINT('',#4503);
#4505=CARTESIAN_POINT('',(-8.055513627,12.2,9.9));
#4506=DIRECTION('',(0.,-1.,0.));
#4507=VECTOR('',#4506,3.4);
#4508=LINE('',#4505,#4507);
#4509=EDGE_CURVE('',#4480,#4504,#4508,.T.);
#4510=ORIENTED_EDGE('',*,*,#4509,.T.);
#4511=CARTESIAN_POINT('',(-8.055513627,8.8,9.9));
#4512=DIRECTION('',(0.,0.,1.));
#4513=VECTOR('',#4512,3.1);
#4514=LINE('',#4511,#4513);
#4515=EDGE_CURVE('',#4504,#233,#4514,.T.);
#4516=ORIENTED_EDGE('',*,*,#4515,.T.);
#4517=EDGE_LOOP('',(#4501,#4502,#4510,#4516));
#4518=FACE_BOUND('',#4517,.T.);
#4519=ADVANCED_FACE('',(#4518),#4500,.T.);
#4520=CARTESIAN_POINT('',(-9.527756814,7.95,9.9));
#4521=DIRECTION('',(-0.5,0.866025404,0.));
#4522=DIRECTION('',(-0.866025404,-0.5,0.));
#4523=AXIS2_PLACEMENT_3D('',#4520,#4521,#4522);
#4524=PLANE('',#4523);
#4525=ORIENTED_EDGE('',*,*,#246,.T.);
#4526=ORIENTED_EDGE('',*,*,#4515,.F.);
#4527=CARTESIAN_POINT('',(-11.,7.1,9.9));
#4528=VERTEX_POINT('',#4527);
#4529=CARTESIAN_POINT('',(-8.055513627,8.8,9.9));
#4530=DIRECTION('',(-0.866025404,-0.5,0.));
#4531=VECTOR('',#4530,3.4);
#4532=LINE('',#4529,#4531);
#4533=EDGE_CURVE('',#4504,#4528,#4532,.T.);
#4534=ORIENTED_EDGE('',*,*,#4533,.T.);
#4535=CARTESIAN_POINT('',(-11.,7.1,9.9));
#4536=DIRECTION('',(0.,0.,1.));
#4537=VECTOR('',#4536,3.1);
#4538=LINE('',#4535,#4537);
#4539=EDGE_CURVE('',#4528,#241,#4538,.T.);
#4540=ORIENTED_EDGE('',*,*,#4539,.T.);
#4541=EDGE_LOOP('',(#4525,#4526,#4534,#4540));
#4542=FACE_BOUND('',#4541,.T.);
#4543=ADVANCED_FACE('',(#4542),#4524,.T.);
#4544=CARTESIAN_POINT('',(-12.472243186,7.95,9.9));
#4545=DIRECTION('',(0.5,0.866025404,0.));
#4546=DIRECTION('',(-0.866025404,0.5,0.));
#4547=AXIS2_PLACEMENT_3D('',#4544,#4545,#4546);
#4548=PLANE('',#4547);
#4549=ORIENTED_EDGE('',*,*,#254,.T.);
#4550=ORIENTED_EDGE('',*,*,#4539,.F.);
#4551=CARTESIAN_POINT('',(-13.944486373,8.8,9.9));
#4552=VERTEX_POINT('',#4551);
#4553=CARTESIAN_POINT('',(-11.,7.1,9.9));
#4554=DIRECTION('',(-0.866025404,0.5,0.));
#4555=VECTOR('',#4554,3.4);
#4556=LINE('',#4553,#4555);
#4557=EDGE_CURVE('',#4528,#4552,#4556,.T.);
#4558=ORIENTED_EDGE('',*,*,#4557,.T.);
#4559=CARTESIAN_POINT('',(-13.944486373,8.8,9.9));
#4560=DIRECTION('',(0.,0.,1.));
#4561=VECTOR('',#4560,3.1);
#4562=LINE('',#4559,#4561);
#4563=EDGE_CURVE('',#4552,#249,#4562,.T.);
#4564=ORIENTED_EDGE('',*,*,#4563,.T.);
#4565=EDGE_LOOP('',(#4549,#4550,#4558,#4564));
#4566=FACE_BOUND('',#4565,.T.);
#4567=ADVANCED_FACE('',(#4566),#4548,.T.);
#4568=CARTESIAN_POINT('',(-13.944486373,10.5,9.9));
#4569=DIRECTION('',(1.,0.,0.));
#4570=DIRECTION('',(-0.,1.,0.));
#4571=AXIS2_PLACEMENT_3D('',#4568,#4569,#4570);
#4572=PLANE('',#4571);
#4573=ORIENTED_EDGE('',*,*,#262,.T.);
#4574=ORIENTED_EDGE('',*,*,#4563,.F.);
#4575=CARTESIAN_POINT('',(-13.944486373,12.2,9.9));
#4576=VERTEX_POINT('',#4575);
#4577=CARTESIAN_POINT('',(-13.944486373,8.8,9.9));
#4578=DIRECTION('',(-0.,1.,0.));
#4579=VECTOR('',#4578,3.4);
#4580=LINE('',#4577,#4579);
#4581=EDGE_CURVE('',#4552,#4576,#4580,.T.);
#4582=ORIENTED_EDGE('',*,*,#4581,.T.);
#4583=CARTESIAN_POINT('',(-13.944486373,12.2,9.9));
#4584=DIRECTION('',(0.,0.,1.));
#4585=VECTOR('',#4584,3.1);
#4586=LINE('',#4583,#4585);
#4587=EDGE_CURVE('',#4576,#257,#4586,.T.);
#4588=ORIENTED_EDGE('',*,*,#4587,.T.);
#4589=EDGE_LOOP('',(#4573,#4574,#4582,#4588));
#4590=FACE_BOUND('',#4589,.T.);
#4591=ADVANCED_FACE('',(#4590),#4572,.T.);
#4592=CARTESIAN_POINT('',(-12.472243186,13.05,9.9));
#4593=DIRECTION('',(0.5,-0.866025404,0.));
#4594=DIRECTION('',(0.866025404,0.5,0.));
#4595=AXIS2_PLACEMENT_3D('',#4592,#4593,#4594);
#4596=PLANE('',#4595);
#4597=ORIENTED_EDGE('',*,*,#268,.T.);
#4598=ORIENTED_EDGE('',*,*,#4587,.F.);
#4599=CARTESIAN_POINT('',(-13.944486373,12.2,9.9));
#4600=DIRECTION('',(0.866025404,0.5,0.));
#4601=VECTOR('',#4600,3.4);
#4602=LINE('',#4599,#4601);
#4603=EDGE_CURVE('',#4576,#4472,#4602,.T.);
#4604=ORIENTED_EDGE('',*,*,#4603,.T.);
#4605=ORIENTED_EDGE('',*,*,#4477,.T.);
#4606=EDGE_LOOP('',(#4597,#4598,#4604,#4605));
#4607=FACE_BOUND('',#4606,.T.);
#4608=ADVANCED_FACE('',(#4607),#4596,.T.);
#4609=CARTESIAN_POINT('',(0.,0.,9.9));
#4610=DIRECTION('',(0.,0.,-1.));
#4611=DIRECTION('',(1.,0.,0.));
#4612=AXIS2_PLACEMENT_3D('',#4609,#4610,#4611);
#4613=PLANE('',#4612);
#4614=ORIENTED_EDGE('',*,*,#4485,.F.);
#4615=ORIENTED_EDGE('',*,*,#4603,.F.);
#4616=ORIENTED_EDGE('',*,*,#4581,.F.);
#4617=ORIENTED_EDGE('',*,*,#4557,.F.);
#4618=ORIENTED_EDGE('',*,*,#4533,.F.);
#4619=ORIENTED_EDGE('',*,*,#4509,.F.);
#4620=EDGE_LOOP('',(#4614,#4615,#4616,#4617,#4618,#4619));
#4621=FACE_BOUND('',#4620,.T.);
#4622=ADVANCED_FACE('',(#4621),#4613,.F.);
#4623=CLOSED_SHELL('',(#272,#499,#530,#554,#578,#595,#683,#771,#820,#993,#1044,#1095,#1146,#1197,#1323,#1363,#1663,#1712,#1786,#1894,#2038,#2148,#2188,#2228,#2250,#2267,
#2284,#2296,#2318,#2335,#2352,#2364,#2386,#2403,#2420,#2432,#2454,#2476,#2498,#2520,#2542,#2564,#2586,#2608,#2630,#2647,#2664,#2686,#2703,#2720,#2732,
#2744,#2775,#2792,#2809,#2826,#2852,#2875,#2898,#2923,#2948,#2979,#3010,#3041,#3072,#3112,#3136,#3160,#3184,#3208,#3230,#3247,#3264,#3276,#3340,#3354,
#3423,#3437,#3518,#3532,#3596,#3610,#3627,#3644,#3661,#3678,#3695,#3712,#3729,#3746,#3758,#3776,#3788,#3800,#3812,#3824,#3836,#3848,#3860,#3872,#3891,
#3952,#3970,#3989,#4008,#4030,#4085,#4098,#4114,#4130,#4146,#4162,#4180,#4197,#4210,#4228,#4245,#4258,#4270,#4282,#4294,#4306,#4337,#4361,#4385,#4409,
#4433,#4450,#4464,#4495,#4519,#4543,#4567,#4591,#4608,#4622));
#4624=MANIFOLD_SOLID_BREP('Top',#4623);
#4625=COLOUR_RGB('',0.929411769,0.909803927,0.858823538);
#4626=FILL_AREA_STYLE_COLOUR('',#4625);
#4627=FILL_AREA_STYLE('',(#4626));
#4628=SURFACE_STYLE_FILL_AREA(#4627);
#4629=SURFACE_SIDE_STYLE('',(#4628));
#4630=SURFACE_STYLE_USAGE(.BOTH.,#4629);
#4631=PRESENTATION_STYLE_ASSIGNMENT((#4630));
#26=STYLED_ITEM('',(#4631),#4624);
#4632=(NAMED_UNIT(*)PLANE_ANGLE_UNIT()SI_UNIT($,.RADIAN.));
#4633=PLANE_ANGLE_MEASURE_WITH_UNIT(PLANE_ANGLE_MEASURE(0.0174532925),#4632);
#4634=(CONVERSION_BASED_UNIT('DEGREE',#4633)NAMED_UNIT(#4635)PLANE_ANGLE_UNIT());
#4635=DIMENSIONAL_EXPONENTS(0.,0.,0.,0.,0.,0.,0.);
#4636=(NAMED_UNIT(*)SI_UNIT($,.STERADIAN.)SOLID_ANGLE_UNIT());
#4637=(LENGTH_UNIT()NAMED_UNIT(*)SI_UNIT(.MILLI.,.METRE.));
#4638=UNCERTAINTY_MEASURE_WITH_UNIT(LENGTH_MEASURE(1.000000E-03),#4637,'DISTANCE_ACCURACY_VALUE','Maximum Tolerance applied to model');
#4639=(GEOMETRIC_REPRESENTATION_CONTEXT(3)GLOBAL_UNCERTAINTY_ASSIGNED_CONTEXT((#4638))GLOBAL_UNIT_ASSIGNED_CONTEXT((#4637,#4634,#4636))REPRESENTATION_CONTEXT('','\X2\51865F6272B630D130BF30FC30F3\X0\ 02'));
#4651=CARTESIAN_POINT('',(0.,0.,0.));
#4652=DIRECTION('',(0.,0.,1.));
#4653=DIRECTION('',(1.,0.,-0.));
#4654=AXIS2_PLACEMENT_3D('',#4651,#4652,#4653);
#4655=ITEM_DEFINED_TRANSFORMATION('','',#4654,#15);
#4656=(REPRESENTATION_RELATIONSHIP('','',#4641,#16)REPRESENTATION_RELATIONSHIP_WITH_TRANSFORMATION(#4655)SHAPE_REPRESENTATION_RELATIONSHIP());
#4657=NEXT_ASSEMBLY_USAGE_OCCURRENCE('\X2\51865F6272B630D130BF30FC30F3\X0\ 02_1','\X2\51865F6272B630D130BF30FC30F3\X0\ 02','\X2\51865F6272B630D130BF30FC30F3\X0\ 02',#25,#4650,$);
#4658=PRODUCT_DEFINITION_SHAPE('','',#4657);
#4659=CONTEXT_DEPENDENT_SHAPE_REPRESENTATION(#4656,#4658);
#4641=SHAPE_REPRESENTATION('\X2\51865F6272B630D130BF30FC30F3\X0\ 02',(#15),#4639);
#4660=CARTESIAN_POINT('',(0.,0.,0.));
#4661=DIRECTION('',(0.,0.,1.));
#4662=DIRECTION('',(1.,0.,0.));
#4663=AXIS2_PLACEMENT_3D('',#4660,#4661,#4662);
#4665=MAPPED_ITEM('',#4664,#4663);
#4664=REPRESENTATION_MAP(#4663,#4641);
#4666=APPLICATION_CONTEXT('Managed model based 3d engineering');
#4667=APPLICATION_PROTOCOL_DEFINITION('international standard','ap242_managed_model_based_3d_engineering',2014,#4666);
#4668=PRODUCT_CONTEXT('',#4666,'mechanical');
#4669=PRODUCT_DEFINITION_CONTEXT('part definition',#4666,'design');
#4649=PRODUCT('\X2\51865F6272B630D130BF30FC30F3\X0\ 02','\X2\51865F6272B630D130BF30FC30F3\X0\ 02','',(#4668));
#4670=PRODUCT_RELATED_PRODUCT_CATEGORY('part','',(#4649));
#4671=PRODUCT_DEFINITION_FORMATION_WITH_SPECIFIED_SOURCE('','',#4649,.NOT_KNOWN.);
#4650=PRODUCT_DEFINITION('design','',#4671,#4669);
#4648=PRODUCT_DEFINITION_SHAPE('','',#4650);
#4672=SHAPE_DEFINITION_REPRESENTATION(#4648,#4641);
#4640=DRAUGHTING_MODEL('',(#4665),#4639);
#4673=(NAMED_UNIT(*)PLANE_ANGLE_UNIT()SI_UNIT($,.RADIAN.));
#4674=PLANE_ANGLE_MEASURE_WITH_UNIT(PLANE_ANGLE_MEASURE(0.0174532925),#4673);
#4675=(CONVERSION_BASED_UNIT('DEGREE',#4674)NAMED_UNIT(#4676)PLANE_ANGLE_UNIT());
#4676=DIMENSIONAL_EXPONENTS(0.,0.,0.,0.,0.,0.,0.);
#4677=(NAMED_UNIT(*)SI_UNIT($,.STERADIAN.)SOLID_ANGLE_UNIT());
#4678=(LENGTH_UNIT()NAMED_UNIT(*)SI_UNIT(.MILLI.,.METRE.));
#4679=UNCERTAINTY_MEASURE_WITH_UNIT(LENGTH_MEASURE(1.000000E-03),#4678,'DISTANCE_ACCURACY_VALUE','Maximum Tolerance applied to model');
#4680=(GEOMETRIC_REPRESENTATION_CONTEXT(3)GLOBAL_UNCERTAINTY_ASSIGNED_CONTEXT((#4679))GLOBAL_UNIT_ASSIGNED_CONTEXT((#4678,#4675,#4677))REPRESENTATION_CONTEXT('','Nape_V2.shapr'));
#4692=CARTESIAN_POINT('',(0.,0.,0.));
#4693=DIRECTION('',(0.,0.,1.));
#4694=DIRECTION('',(1.,0.,-0.));
#4695=AXIS2_PLACEMENT_3D('',#4692,#4693,#4694);
#4696=ITEM_DEFINED_TRANSFORMATION('','',#4695,#15);
#4697=(REPRESENTATION_RELATIONSHIP('','',#4682,#16)REPRESENTATION_RELATIONSHIP_WITH_TRANSFORMATION(#4696)SHAPE_REPRESENTATION_RELATIONSHIP());
#4698=NEXT_ASSEMBLY_USAGE_OCCURRENCE('Nape_V2.shapr_2','Nape_V2.shapr','Nape_V2.shapr',#25,#4691,$);
#4699=PRODUCT_DEFINITION_SHAPE('','',#4698);
#4700=CONTEXT_DEPENDENT_SHAPE_REPRESENTATION(#4697,#4699);
#4701=(NAMED_UNIT(*)PLANE_ANGLE_UNIT()SI_UNIT($,.RADIAN.));
#4702=PLANE_ANGLE_MEASURE_WITH_UNIT(PLANE_ANGLE_MEASURE(0.0174532925),#4701);
#4703=(CONVERSION_BASED_UNIT('DEGREE',#4702)NAMED_UNIT(#4704)PLANE_ANGLE_UNIT());
#4704=DIMENSIONAL_EXPONENTS(0.,0.,0.,0.,0.,0.,0.);
#4705=(NAMED_UNIT(*)SI_UNIT($,.STERADIAN.)SOLID_ANGLE_UNIT());
#4706=(LENGTH_UNIT()NAMED_UNIT(*)SI_UNIT(.MILLI.,.METRE.));
#4707=UNCERTAINTY_MEASURE_WITH_UNIT(LENGTH_MEASURE(1.000000E-03),#4706,'DISTANCE_ACCURACY_VALUE','Maximum Tolerance applied to model');
#4708=(GEOMETRIC_REPRESENTATION_CONTEXT(3)GLOBAL_UNCERTAINTY_ASSIGNED_CONTEXT((#4707))GLOBAL_UNIT_ASSIGNED_CONTEXT((#4706,#4703,#4705))REPRESENTATION_CONTEXT('','SwitchHoles'));
#4720=CARTESIAN_POINT('',(0.,0.,0.));
#4721=DIRECTION('',(0.,0.,1.));
#4722=DIRECTION('',(1.,0.,-0.));
#4723=AXIS2_PLACEMENT_3D('',#4720,#4721,#4722);
#4724=ITEM_DEFINED_TRANSFORMATION('','',#4723,#15);
#4725=(REPRESENTATION_RELATIONSHIP('','',#4710,#4682)REPRESENTATION_RELATIONSHIP_WITH_TRANSFORMATION(#4724)SHAPE_REPRESENTATION_RELATIONSHIP());
#4726=NEXT_ASSEMBLY_USAGE_OCCURRENCE('SwitchHoles_3','SwitchHoles','SwitchHoles',#4691,#4719,$);
#4727=PRODUCT_DEFINITION_SHAPE('','',#4726);
#4728=CONTEXT_DEPENDENT_SHAPE_REPRESENTATION(#4725,#4727);
#4710=SHAPE_REPRESENTATION('SwitchHoles',(#15),#4708);
#4729=CARTESIAN_POINT('',(0.,0.,0.));
#4730=DIRECTION('',(0.,0.,1.));
#4731=DIRECTION('',(1.,0.,0.));
#4732=AXIS2_PLACEMENT_3D('',#4729,#4730,#4731);
#4734=MAPPED_ITEM('',#4733,#4732);
#4733=REPRESENTATION_MAP(#4732,#4710);
#4718=PRODUCT('SwitchHoles','SwitchHoles','',(#4668));
#4735=PRODUCT_RELATED_PRODUCT_CATEGORY('part','',(#4718));
#4736=PRODUCT_DEFINITION_FORMATION_WITH_SPECIFIED_SOURCE('','',#4718,.NOT_KNOWN.);
#4719=PRODUCT_DEFINITION('design','',#4736,#4669);
#4717=PRODUCT_DEFINITION_SHAPE('','',#4719);
#4737=SHAPE_DEFINITION_REPRESENTATION(#4717,#4710);
#4709=DRAUGHTING_MODEL('',(#4734),#4708);
#4738=(NAMED_UNIT(*)PLANE_ANGLE_UNIT()SI_UNIT($,.RADIAN.));
#4739=PLANE_ANGLE_MEASURE_WITH_UNIT(PLANE_ANGLE_MEASURE(0.0174532925),#4738);
#4740=(CONVERSION_BASED_UNIT('DEGREE',#4739)NAMED_UNIT(#4741)PLANE_ANGLE_UNIT());
#4741=DIMENSIONAL_EXPONENTS(0.,0.,0.,0.,0.,0.,0.);
#4742=(NAMED_UNIT(*)SI_UNIT($,.STERADIAN.)SOLID_ANGLE_UNIT());
#4743=(LENGTH_UNIT()NAMED_UNIT(*)SI_UNIT(.MILLI.,.METRE.));
#4744=UNCERTAINTY_MEASURE_WITH_UNIT(LENGTH_MEASURE(1.000000E-03),#4743,'DISTANCE_ACCURACY_VALUE','Maximum Tolerance applied to model');
#4745=(GEOMETRIC_REPRESENTATION_CONTEXT(3)GLOBAL_UNCERTAINTY_ASSIGNED_CONTEXT((#4744))GLOBAL_UNIT_ASSIGNED_CONTEXT((#4743,#4740,#4742))REPRESENTATION_CONTEXT('','Battery'));
#4757=CARTESIAN_POINT('',(0.,0.,0.));
#4758=DIRECTION('',(0.,0.,1.));
#4759=DIRECTION('',(1.,0.,-0.));
#4760=AXIS2_PLACEMENT_3D('',#4757,#4758,#4759);
#4761=ITEM_DEFINED_TRANSFORMATION('','',#4760,#15);
#4762=(REPRESENTATION_RELATIONSHIP('','',#4747,#4682)REPRESENTATION_RELATIONSHIP_WITH_TRANSFORMATION(#4761)SHAPE_REPRESENTATION_RELATIONSHIP());
#4763=NEXT_ASSEMBLY_USAGE_OCCURRENCE('Battery_4','Battery','Battery',#4691,#4756,$);
#4764=PRODUCT_DEFINITION_SHAPE('','',#4763);
#4765=CONTEXT_DEPENDENT_SHAPE_REPRESENTATION(#4762,#4764);
#4747=SHAPE_REPRESENTATION('Battery',(#15),#4745);
#4766=CARTESIAN_POINT('',(0.,0.,0.));
#4767=DIRECTION('',(0.,0.,1.));
#4768=DIRECTION('',(1.,0.,0.));
#4769=AXIS2_PLACEMENT_3D('',#4766,#4767,#4768);
#4771=MAPPED_ITEM('',#4770,#4769);
#4770=REPRESENTATION_MAP(#4769,#4747);
#4755=PRODUCT('Battery','Battery','',(#4668));
#4772=PRODUCT_RELATED_PRODUCT_CATEGORY('part','',(#4755));
#4773=PRODUCT_DEFINITION_FORMATION_WITH_SPECIFIED_SOURCE('','',#4755,.NOT_KNOWN.);
#4756=PRODUCT_DEFINITION('design','',#4773,#4669);
#4754=PRODUCT_DEFINITION_SHAPE('','',#4756);
#4774=SHAPE_DEFINITION_REPRESENTATION(#4754,#4747);
#4746=DRAUGHTING_MODEL('',(#4771),#4745);
#4682=SHAPE_REPRESENTATION('Nape_V2.shapr',(#15,#4723,#4760),#4680);
#4775=CARTESIAN_POINT('',(0.,0.,0.));
#4776=DIRECTION('',(0.,0.,1.));
#4777=DIRECTION('',(1.,0.,0.));
#4778=AXIS2_PLACEMENT_3D('',#4775,#4776,#4777);
#4780=MAPPED_ITEM('',#4779,#4778);
#4779=REPRESENTATION_MAP(#4778,#4682);
#4690=PRODUCT('Nape_V2.shapr','Nape_V2.shapr','',(#4668));
#4781=PRODUCT_RELATED_PRODUCT_CATEGORY('part','',(#4690));
#4782=PRODUCT_DEFINITION_FORMATION_WITH_SPECIFIED_SOURCE('','',#4690,.NOT_KNOWN.);
#4691=PRODUCT_DEFINITION('design','',#4782,#4669);
#4689=PRODUCT_DEFINITION_SHAPE('','',#4691);
#4783=SHAPE_DEFINITION_REPRESENTATION(#4689,#4682);
#4681=DRAUGHTING_MODEL('',(#4780),#4680);
#4784=(NAMED_UNIT(*)PLANE_ANGLE_UNIT()SI_UNIT($,.RADIAN.));
#4785=PLANE_ANGLE_MEASURE_WITH_UNIT(PLANE_ANGLE_MEASURE(0.0174532925),#4784);
#4786=(CONVERSION_BASED_UNIT('DEGREE',#4785)NAMED_UNIT(#4787)PLANE_ANGLE_UNIT());
#4787=DIMENSIONAL_EXPONENTS(0.,0.,0.,0.,0.,0.,0.);
#4788=(NAMED_UNIT(*)SI_UNIT($,.STERADIAN.)SOLID_ANGLE_UNIT());
#4789=(LENGTH_UNIT()NAMED_UNIT(*)SI_UNIT(.MILLI.,.METRE.));
#4790=UNCERTAINTY_MEASURE_WITH_UNIT(LENGTH_MEASURE(1.000000E-03),#4789,'DISTANCE_ACCURACY_VALUE','Maximum Tolerance applied to model');
#4791=(GEOMETRIC_REPRESENTATION_CONTEXT(3)GLOBAL_UNCERTAINTY_ASSIGNED_CONTEXT((#4790))GLOBAL_UNIT_ASSIGNED_CONTEXT((#4789,#4786,#4788))REPRESENTATION_CONTEXT('','Top'));
#4803=CARTESIAN_POINT('',(0.,0.,0.));
#4804=DIRECTION('',(0.,0.,1.));
#4805=DIRECTION('',(1.,0.,-0.));
#4806=AXIS2_PLACEMENT_3D('',#4803,#4804,#4805);
#4807=ITEM_DEFINED_TRANSFORMATION('','',#4806,#15);
#4808=(REPRESENTATION_RELATIONSHIP('','',#4793,#16)REPRESENTATION_RELATIONSHIP_WITH_TRANSFORMATION(#4807)SHAPE_REPRESENTATION_RELATIONSHIP());
#4809=NEXT_ASSEMBLY_USAGE_OCCURRENCE('Top_5','Top','Top',#25,#4802,$);
#4810=PRODUCT_DEFINITION_SHAPE('','',#4809);
#4811=CONTEXT_DEPENDENT_SHAPE_REPRESENTATION(#4808,#4810);
#4793=SHAPE_REPRESENTATION('Top',(#15),#4791);
#4812=CARTESIAN_POINT('',(0.,0.,0.));
#4813=DIRECTION('',(0.,0.,1.));
#4814=DIRECTION('',(1.,0.,0.));
#4815=AXIS2_PLACEMENT_3D('',#4812,#4813,#4814);
#4817=MAPPED_ITEM('',#4816,#4815);
#4816=REPRESENTATION_MAP(#4815,#4793);
#4801=PRODUCT('Top','Top','',(#4668));
#4818=PRODUCT_RELATED_PRODUCT_CATEGORY('part','',(#4801));
#4819=PRODUCT_DEFINITION_FORMATION_WITH_SPECIFIED_SOURCE('','',#4801,.NOT_KNOWN.);
#4802=PRODUCT_DEFINITION('design','',#4819,#4669);
#4800=PRODUCT_DEFINITION_SHAPE('','',#4802);
#4820=SHAPE_DEFINITION_REPRESENTATION(#4800,#4793);
#4792=DRAUGHTING_MODEL('',(#4817),#4791);
#16=SHAPE_REPRESENTATION('root',(#15,#4654,#4695,#4806),#10);
#17=ADVANCED_BREP_SHAPE_REPRESENTATION('root',(#4624),#10);
#4828=SHAPE_REPRESENTATION_RELATIONSHIP('','',#16,#17);
#4829=CARTESIAN_POINT('',(0.,0.,0.));
#4830=DIRECTION('',(0.,0.,1.));
#4831=DIRECTION('',(1.,0.,0.));
#4832=AXIS2_PLACEMENT_3D('',#4829,#4830,#4831);
#4834=MAPPED_ITEM('',#4833,#4832);
#4833=REPRESENTATION_MAP(#4832,#16);
#24=PRODUCT('root','root','',(#4668));
#4835=PRODUCT_RELATED_PRODUCT_CATEGORY('part','',(#24));
#4836=PRODUCT_DEFINITION_FORMATION_WITH_SPECIFIED_SOURCE('','',#24,.NOT_KNOWN.);
#25=PRODUCT_DEFINITION('design','',#4836,#4669);
#23=PRODUCT_DEFINITION_SHAPE('','',#25);
#4837=SHAPE_DEFINITION_REPRESENTATION(#23,#16);
#11=DRAUGHTING_MODEL('',(#4834),#10);
#4838=DESCRIPTIVE_REPRESENTATION_ITEM('KEY','/Users/koichiro.amito/Library/Containers/com.shapr3d.shapr/Data/tmp/14D275B5-74B5-4FE3-AC20-9B3D49E2F2EF.tmp');
#4839=PROPERTY_DEFINITION('KEY','',#25);
#4840=REPRESENTATION('',(#4838),#10);
#4841=PROPERTY_DEFINITION_REPRESENTATION(#4839,#4840);
#4842=GENERAL_PROPERTY('','KEY','');
#4843=GENERAL_PROPERTY_ASSOCIATION('','',#4842,#4839);
#1=MECHANICAL_DESIGN_GEOMETRIC_PRESENTATION_REPRESENTATION('',(#26),#10);
ENDSEC;
END-ISO-10303-21;
