ISO-10303-21;
HEADER;

/* File generated by Shapr3D Version 26.123.0.11423 */

FILE_DESCRIPTION(('HOOPS Exchange Step'),'2;1');

FILE_NAME('/Users/koichiro.amito/Library/Containers/com.shapr3d.shapr/Data/tmp/export/temp_export',
'2026-08-02T22:36:40+09:00',
('koichiro.amito'),
('Shapr3D Limited'),
'HOOPS Exchange 2026.3',
'Shapr3D',
'Authorized');

FILE_SCHEMA( ('AP242_MANAGED_MODEL_BASED_3D_ENGINEERING_MIM_LF {1 0 10303 442 1 1 4}') );

ENDSEC;

DATA;
#3=(NAMED_UNIT(*)PLANE_ANGLE_UNIT()SI_UNIT($,.RADIAN.));
#4=PLANE_ANGLE_MEASURE_WITH_UNIT(PLANE_ANGLE_MEASURE(0.0174532925),#3);
#5=(CONVERSION_BASED_UNIT('DEGREE',#4)NAMED_UNIT(#6)PLANE_ANGLE_UNIT());
#6=DIMENSIONAL_EXPONENTS(0.,0.,0.,0.,0.,0.,0.);
#7=(NAMED_UNIT(*)SI_UNIT($,.STERADIAN.)SOLID_ANGLE_UNIT());
#8=(LENGTH_UNIT()NAMED_UNIT(*)SI_UNIT(.MILLI.,.METRE.));
#9=UNCERTAINTY_MEASURE_WITH_UNIT(LENGTH_MEASURE(1.000000E-03),#8,'DISTANCE_ACCURACY_VALUE','Maximum Tolerance applied to model');
#10=(GEOMETRIC_REPRESENTATION_CONTEXT(3)GLOBAL_UNCERTAINTY_ASSIGNED_CONTEXT((#9))GLOBAL_UNIT_ASSIGNED_CONTEXT((#8,#5,#7))REPRESENTATION_CONTEXT('','root'));
#12=CARTESIAN_POINT('',(0.,0.,0.));
#13=DIRECTION('',(0.,0.,1.));
#14=DIRECTION('',(1.,0.,0.));
#15=AXIS2_PLACEMENT_3D('TS3D_PRODUCT_CSYS',#12,#13,#14);
#26=(NAMED_UNIT(*)PLANE_ANGLE_UNIT()SI_UNIT($,.RADIAN.));
#27=PLANE_ANGLE_MEASURE_WITH_UNIT(PLANE_ANGLE_MEASURE(0.0174532925),#26);
#28=(CONVERSION_BASED_UNIT('DEGREE',#27)NAMED_UNIT(#29)PLANE_ANGLE_UNIT());
#29=DIMENSIONAL_EXPONENTS(0.,0.,0.,0.,0.,0.,0.);
#30=(NAMED_UNIT(*)SI_UNIT($,.STERADIAN.)SOLID_ANGLE_UNIT());
#31=(LENGTH_UNIT()NAMED_UNIT(*)SI_UNIT(.MILLI.,.METRE.));
#32=UNCERTAINTY_MEASURE_WITH_UNIT(LENGTH_MEASURE(1.000000E-03),#31,'DISTANCE_ACCURACY_VALUE','Maximum Tolerance applied to model');
#33=(GEOMETRIC_REPRESENTATION_CONTEXT(3)GLOBAL_UNCERTAINTY_ASSIGNED_CONTEXT((#32))GLOBAL_UNIT_ASSIGNED_CONTEXT((#31,#28,#30))REPRESENTATION_CONTEXT('','\X2\51865F6272B630D130BF30FC30F3\X0\ 02'));
#45=CARTESIAN_POINT('',(0.,0.,0.));
#46=DIRECTION('',(0.,0.,1.));
#47=DIRECTION('',(1.,0.,-0.));
#48=AXIS2_PLACEMENT_3D('',#45,#46,#47);
#49=ITEM_DEFINED_TRANSFORMATION('','',#48,#15);
#50=(REPRESENTATION_RELATIONSHIP('','',#35,#16)REPRESENTATION_RELATIONSHIP_WITH_TRANSFORMATION(#49)SHAPE_REPRESENTATION_RELATIONSHIP());
#51=NEXT_ASSEMBLY_USAGE_OCCURRENCE('\X2\51865F6272B630D130BF30FC30F3\X0\ 02_1','\X2\51865F6272B630D130BF30FC30F3\X0\ 02','\X2\51865F6272B630D130BF30FC30F3\X0\ 02',#25,#44,$);
#52=PRODUCT_DEFINITION_SHAPE('','',#51);
#53=CONTEXT_DEPENDENT_SHAPE_REPRESENTATION(#50,#52);
#35=SHAPE_REPRESENTATION('\X2\51865F6272B630D130BF30FC30F3\X0\ 02',(#15),#33);
#54=CARTESIAN_POINT('',(0.,0.,0.));
#55=DIRECTION('',(0.,0.,1.));
#56=DIRECTION('',(1.,0.,0.));
#57=AXIS2_PLACEMENT_3D('',#54,#55,#56);
#59=MAPPED_ITEM('',#58,#57);
#58=REPRESENTATION_MAP(#57,#35);
#60=APPLICATION_CONTEXT('Managed model based 3d engineering');
#61=APPLICATION_PROTOCOL_DEFINITION('international standard','ap242_managed_model_based_3d_engineering',2014,#60);
#62=PRODUCT_CONTEXT('',#60,'mechanical');
#63=PRODUCT_DEFINITION_CONTEXT('part definition',#60,'design');
#43=PRODUCT('\X2\51865F6272B630D130BF30FC30F3\X0\ 02','\X2\51865F6272B630D130BF30FC30F3\X0\ 02','',(#62));
#64=PRODUCT_RELATED_PRODUCT_CATEGORY('part','',(#43));
#65=PRODUCT_DEFINITION_FORMATION_WITH_SPECIFIED_SOURCE('','',#43,.NOT_KNOWN.);
#44=PRODUCT_DEFINITION('design','',#65,#63);
#42=PRODUCT_DEFINITION_SHAPE('','',#44);
#66=SHAPE_DEFINITION_REPRESENTATION(#42,#35);
#34=DRAUGHTING_MODEL('',(#59),#33);
#67=(NAMED_UNIT(*)PLANE_ANGLE_UNIT()SI_UNIT($,.RADIAN.));
#68=PLANE_ANGLE_MEASURE_WITH_UNIT(PLANE_ANGLE_MEASURE(0.0174532925),#67);
#69=(CONVERSION_BASED_UNIT('DEGREE',#68)NAMED_UNIT(#70)PLANE_ANGLE_UNIT());
#70=DIMENSIONAL_EXPONENTS(0.,0.,0.,0.,0.,0.,0.);
#71=(NAMED_UNIT(*)SI_UNIT($,.STERADIAN.)SOLID_ANGLE_UNIT());
#72=(LENGTH_UNIT()NAMED_UNIT(*)SI_UNIT(.MILLI.,.METRE.));
#73=UNCERTAINTY_MEASURE_WITH_UNIT(LENGTH_MEASURE(1.000000E-03),#72,'DISTANCE_ACCURACY_VALUE','Maximum Tolerance applied to model');
#74=(GEOMETRIC_REPRESENTATION_CONTEXT(3)GLOBAL_UNCERTAINTY_ASSIGNED_CONTEXT((#73))GLOBAL_UNIT_ASSIGNED_CONTEXT((#72,#69,#71))REPRESENTATION_CONTEXT('','Nape_V2.shapr'));
#86=CARTESIAN_POINT('',(0.,0.,0.));
#87=DIRECTION('',(0.,0.,1.));
#88=DIRECTION('',(1.,0.,-0.));
#89=AXIS2_PLACEMENT_3D('',#86,#87,#88);
#90=ITEM_DEFINED_TRANSFORMATION('','',#89,#15);
#91=(REPRESENTATION_RELATIONSHIP('','',#76,#16)REPRESENTATION_RELATIONSHIP_WITH_TRANSFORMATION(#90)SHAPE_REPRESENTATION_RELATIONSHIP());
#92=NEXT_ASSEMBLY_USAGE_OCCURRENCE('Nape_V2.shapr_2','Nape_V2.shapr','Nape_V2.shapr',#25,#85,$);
#93=PRODUCT_DEFINITION_SHAPE('','',#92);
#94=CONTEXT_DEPENDENT_SHAPE_REPRESENTATION(#91,#93);
#95=(NAMED_UNIT(*)PLANE_ANGLE_UNIT()SI_UNIT($,.RADIAN.));
#96=PLANE_ANGLE_MEASURE_WITH_UNIT(PLANE_ANGLE_MEASURE(0.0174532925),#95);
#97=(CONVERSION_BASED_UNIT('DEGREE',#96)NAMED_UNIT(#98)PLANE_ANGLE_UNIT());
#98=DIMENSIONAL_EXPONENTS(0.,0.,0.,0.,0.,0.,0.);
#99=(NAMED_UNIT(*)SI_UNIT($,.STERADIAN.)SOLID_ANGLE_UNIT());
#100=(LENGTH_UNIT()NAMED_UNIT(*)SI_UNIT(.MILLI.,.METRE.));
#101=UNCERTAINTY_MEASURE_WITH_UNIT(LENGTH_MEASURE(1.000000E-03),#100,'DISTANCE_ACCURACY_VALUE','Maximum Tolerance applied to model');
#102=(GEOMETRIC_REPRESENTATION_CONTEXT(3)GLOBAL_UNCERTAINTY_ASSIGNED_CONTEXT((#101))GLOBAL_UNIT_ASSIGNED_CONTEXT((#100,#97,#99))REPRESENTATION_CONTEXT('','SwitchHoles'));
#114=CARTESIAN_POINT('',(0.,0.,0.));
#115=DIRECTION('',(0.,0.,1.));
#116=DIRECTION('',(1.,0.,-0.));
#117=AXIS2_PLACEMENT_3D('',#114,#115,#116);
#118=ITEM_DEFINED_TRANSFORMATION('','',#117,#15);
#119=(REPRESENTATION_RELATIONSHIP('','',#104,#76)REPRESENTATION_RELATIONSHIP_WITH_TRANSFORMATION(#118)SHAPE_REPRESENTATION_RELATIONSHIP());
#120=NEXT_ASSEMBLY_USAGE_OCCURRENCE('SwitchHoles_3','SwitchHoles','SwitchHoles',#85,#113,$);
#121=PRODUCT_DEFINITION_SHAPE('','',#120);
#122=CONTEXT_DEPENDENT_SHAPE_REPRESENTATION(#119,#121);
#104=SHAPE_REPRESENTATION('SwitchHoles',(#15),#102);
#123=CARTESIAN_POINT('',(0.,0.,0.));
#124=DIRECTION('',(0.,0.,1.));
#125=DIRECTION('',(1.,0.,0.));
#126=AXIS2_PLACEMENT_3D('',#123,#124,#125);
#128=MAPPED_ITEM('',#127,#126);
#127=REPRESENTATION_MAP(#126,#104);
#112=PRODUCT('SwitchHoles','SwitchHoles','',(#62));
#129=PRODUCT_RELATED_PRODUCT_CATEGORY('part','',(#112));
#130=PRODUCT_DEFINITION_FORMATION_WITH_SPECIFIED_SOURCE('','',#112,.NOT_KNOWN.);
#113=PRODUCT_DEFINITION('design','',#130,#63);
#111=PRODUCT_DEFINITION_SHAPE('','',#113);
#131=SHAPE_DEFINITION_REPRESENTATION(#111,#104);
#103=DRAUGHTING_MODEL('',(#128),#102);
#132=(NAMED_UNIT(*)PLANE_ANGLE_UNIT()SI_UNIT($,.RADIAN.));
#133=PLANE_ANGLE_MEASURE_WITH_UNIT(PLANE_ANGLE_MEASURE(0.0174532925),#132);
#134=(CONVERSION_BASED_UNIT('DEGREE',#133)NAMED_UNIT(#135)PLANE_ANGLE_UNIT());
#135=DIMENSIONAL_EXPONENTS(0.,0.,0.,0.,0.,0.,0.);
#136=(NAMED_UNIT(*)SI_UNIT($,.STERADIAN.)SOLID_ANGLE_UNIT());
#137=(LENGTH_UNIT()NAMED_UNIT(*)SI_UNIT(.MILLI.,.METRE.));
#138=UNCERTAINTY_MEASURE_WITH_UNIT(LENGTH_MEASURE(1.000000E-03),#137,'DISTANCE_ACCURACY_VALUE','Maximum Tolerance applied to model');
#139=(GEOMETRIC_REPRESENTATION_CONTEXT(3)GLOBAL_UNCERTAINTY_ASSIGNED_CONTEXT((#138))GLOBAL_UNIT_ASSIGNED_CONTEXT((#137,#134,#136))REPRESENTATION_CONTEXT('','Battery'));
#151=CARTESIAN_POINT('',(0.,0.,0.));
#152=DIRECTION('',(0.,0.,1.));
#153=DIRECTION('',(1.,0.,-0.));
#154=AXIS2_PLACEMENT_3D('',#151,#152,#153);
#155=ITEM_DEFINED_TRANSFORMATION('','',#154,#15);
#156=(REPRESENTATION_RELATIONSHIP('','',#141,#76)REPRESENTATION_RELATIONSHIP_WITH_TRANSFORMATION(#155)SHAPE_REPRESENTATION_RELATIONSHIP());
#157=NEXT_ASSEMBLY_USAGE_OCCURRENCE('Battery_4','Battery','Battery',#85,#150,$);
#158=PRODUCT_DEFINITION_SHAPE('','',#157);
#159=CONTEXT_DEPENDENT_SHAPE_REPRESENTATION(#156,#158);
#141=SHAPE_REPRESENTATION('Battery',(#15),#139);
#160=CARTESIAN_POINT('',(0.,0.,0.));
#161=DIRECTION('',(0.,0.,1.));
#162=DIRECTION('',(1.,0.,0.));
#163=AXIS2_PLACEMENT_3D('',#160,#161,#162);
#165=MAPPED_ITEM('',#164,#163);
#164=REPRESENTATION_MAP(#163,#141);
#149=PRODUCT('Battery','Battery','',(#62));
#166=PRODUCT_RELATED_PRODUCT_CATEGORY('part','',(#149));
#167=PRODUCT_DEFINITION_FORMATION_WITH_SPECIFIED_SOURCE('','',#149,.NOT_KNOWN.);
#150=PRODUCT_DEFINITION('design','',#167,#63);
#148=PRODUCT_DEFINITION_SHAPE('','',#150);
#168=SHAPE_DEFINITION_REPRESENTATION(#148,#141);
#140=DRAUGHTING_MODEL('',(#165),#139);
#76=SHAPE_REPRESENTATION('Nape_V2.shapr',(#15,#117,#154),#74);
#169=CARTESIAN_POINT('',(0.,0.,0.));
#170=DIRECTION('',(0.,0.,1.));
#171=DIRECTION('',(1.,0.,0.));
#172=AXIS2_PLACEMENT_3D('',#169,#170,#171);
#174=MAPPED_ITEM('',#173,#172);
#173=REPRESENTATION_MAP(#172,#76);
#84=PRODUCT('Nape_V2.shapr','Nape_V2.shapr','',(#62));
#175=PRODUCT_RELATED_PRODUCT_CATEGORY('part','',(#84));
#176=PRODUCT_DEFINITION_FORMATION_WITH_SPECIFIED_SOURCE('','',#84,.NOT_KNOWN.);
#85=PRODUCT_DEFINITION('design','',#176,#63);
#83=PRODUCT_DEFINITION_SHAPE('','',#85);
#177=SHAPE_DEFINITION_REPRESENTATION(#83,#76);
#75=DRAUGHTING_MODEL('',(#174),#74);
#178=(NAMED_UNIT(*)PLANE_ANGLE_UNIT()SI_UNIT($,.RADIAN.));
#179=PLANE_ANGLE_MEASURE_WITH_UNIT(PLANE_ANGLE_MEASURE(0.0174532925),#178);
#180=(CONVERSION_BASED_UNIT('DEGREE',#179)NAMED_UNIT(#181)PLANE_ANGLE_UNIT());
#181=DIMENSIONAL_EXPONENTS(0.,0.,0.,0.,0.,0.,0.);
#182=(NAMED_UNIT(*)SI_UNIT($,.STERADIAN.)SOLID_ANGLE_UNIT());
#183=(LENGTH_UNIT()NAMED_UNIT(*)SI_UNIT(.MILLI.,.METRE.));
#184=UNCERTAINTY_MEASURE_WITH_UNIT(LENGTH_MEASURE(1.000000E-03),#183,'DISTANCE_ACCURACY_VALUE','Maximum Tolerance applied to model');
#185=(GEOMETRIC_REPRESENTATION_CONTEXT(3)GLOBAL_UNCERTAINTY_ASSIGNED_CONTEXT((#184))GLOBAL_UNIT_ASSIGNED_CONTEXT((#183,#180,#182))REPRESENTATION_CONTEXT('','Top'));
#197=CARTESIAN_POINT('',(0.,0.,0.));
#198=DIRECTION('',(0.,0.,1.));
#199=DIRECTION('',(1.,0.,-0.));
#200=AXIS2_PLACEMENT_3D('',#197,#198,#199);
#201=ITEM_DEFINED_TRANSFORMATION('','',#200,#15);
#202=(REPRESENTATION_RELATIONSHIP('','',#187,#16)REPRESENTATION_RELATIONSHIP_WITH_TRANSFORMATION(#201)SHAPE_REPRESENTATION_RELATIONSHIP());
#203=NEXT_ASSEMBLY_USAGE_OCCURRENCE('Top_5','Top','Top',#25,#196,$);
#204=PRODUCT_DEFINITION_SHAPE('','',#203);
#205=CONTEXT_DEPENDENT_SHAPE_REPRESENTATION(#202,#204);
#187=SHAPE_REPRESENTATION('Top',(#15),#185);
#206=CARTESIAN_POINT('',(0.,0.,0.));
#207=DIRECTION('',(0.,0.,1.));
#208=DIRECTION('',(1.,0.,0.));
#209=AXIS2_PLACEMENT_3D('',#206,#207,#208);
#211=MAPPED_ITEM('',#210,#209);
#210=REPRESENTATION_MAP(#209,#187);
#195=PRODUCT('Top','Top','',(#62));
#212=PRODUCT_RELATED_PRODUCT_CATEGORY('part','',(#195));
#213=PRODUCT_DEFINITION_FORMATION_WITH_SPECIFIED_SOURCE('','',#195,.NOT_KNOWN.);
#196=PRODUCT_DEFINITION('design','',#213,#63);
#194=PRODUCT_DEFINITION_SHAPE('','',#196);
#214=SHAPE_DEFINITION_REPRESENTATION(#194,#187);
#186=DRAUGHTING_MODEL('',(#211),#185);
#215=(NAMED_UNIT(*)PLANE_ANGLE_UNIT()SI_UNIT($,.RADIAN.));
#216=PLANE_ANGLE_MEASURE_WITH_UNIT(PLANE_ANGLE_MEASURE(0.0174532925),#215);
#217=(CONVERSION_BASED_UNIT('DEGREE',#216)NAMED_UNIT(#218)PLANE_ANGLE_UNIT());
#218=DIMENSIONAL_EXPONENTS(0.,0.,0.,0.,0.,0.,0.);
#219=(NAMED_UNIT(*)SI_UNIT($,.STERADIAN.)SOLID_ANGLE_UNIT());
#220=(LENGTH_UNIT()NAMED_UNIT(*)SI_UNIT(.MILLI.,.METRE.));
#221=UNCERTAINTY_MEASURE_WITH_UNIT(LENGTH_MEASURE(1.000000E-05),#220,'DISTANCE_ACCURACY_VALUE','Maximum Tolerance applied to model');
#222=(GEOMETRIC_REPRESENTATION_CONTEXT(3)GLOBAL_UNCERTAINTY_ASSIGNED_CONTEXT((#221))GLOBAL_UNIT_ASSIGNED_CONTEXT((#220,#217,#219))REPRESENTATION_CONTEXT('','Bottom'));
#234=CARTESIAN_POINT('',(0.,0.,0.));
#235=DIRECTION('',(0.,0.,1.));
#236=DIRECTION('',(1.,0.,-0.));
#237=AXIS2_PLACEMENT_3D('',#234,#235,#236);
#238=ITEM_DEFINED_TRANSFORMATION('','',#237,#15);
#239=(REPRESENTATION_RELATIONSHIP('','',#224,#16)REPRESENTATION_RELATIONSHIP_WITH_TRANSFORMATION(#238)SHAPE_REPRESENTATION_RELATIONSHIP());
#240=NEXT_ASSEMBLY_USAGE_OCCURRENCE('Bottom_6','Bottom','Bottom',#25,#233,$);
#241=PRODUCT_DEFINITION_SHAPE('','',#240);
#242=CONTEXT_DEPENDENT_SHAPE_REPRESENTATION(#239,#241);
#244=CARTESIAN_POINT('',(61.75,0.,2.8));
#245=DIRECTION('',(-1.,0.,0.));
#246=DIRECTION('',(0.,0.,1.));
#247=AXIS2_PLACEMENT_3D('',#244,#245,#246);
#248=PLANE('',#247);
#249=CARTESIAN_POINT('',(61.75,11.25,8.8));
#250=VERTEX_POINT('',#249);
#251=CARTESIAN_POINT('',(61.75,11.25,7.2));
#252=VERTEX_POINT('',#251);
#253=CARTESIAN_POINT('',(61.75,11.25,8.8));
#254=DIRECTION('',(-0.,-0.,-1.));
#255=VECTOR('',#254,1.6);
#256=LINE('',#253,#255);
#257=EDGE_CURVE('',#250,#252,#256,.T.);
#258=ORIENTED_EDGE('',*,*,#257,.T.);
#259=CARTESIAN_POINT('',(61.75,10.,7.2));
#260=VERTEX_POINT('',#259);
#261=CARTESIAN_POINT('',(61.75,11.25,7.2));
#262=DIRECTION('',(0.,-1.,0.));
#263=VECTOR('',#262,1.25);
#264=LINE('',#261,#263);
#265=EDGE_CURVE('',#252,#260,#264,.T.);
#266=ORIENTED_EDGE('',*,*,#265,.T.);
#267=CARTESIAN_POINT('',(61.75,10.,2.8));
#268=VERTEX_POINT('',#267);
#269=CARTESIAN_POINT('',(61.75,10.,7.2));
#270=DIRECTION('',(0.,0.,-1.));
#271=VECTOR('',#270,4.4);
#272=LINE('',#269,#271);
#273=EDGE_CURVE('',#260,#268,#272,.T.);
#274=ORIENTED_EDGE('',*,*,#273,.T.);
#275=CARTESIAN_POINT('',(61.75,3.188413469,2.8));
#276=VERTEX_POINT('',#275);
#277=CARTESIAN_POINT('',(61.75,10.,2.8));
#278=DIRECTION('',(0.,-1.,0.));
#279=VECTOR('',#278,6.811586531);
#280=LINE('',#277,#279);
#281=EDGE_CURVE('',#268,#276,#280,.T.);
#282=ORIENTED_EDGE('',*,*,#281,.T.);
#283=CARTESIAN_POINT('',(61.75,3.188413469,8.8));
#284=VERTEX_POINT('',#283);
#285=CARTESIAN_POINT('',(61.75,3.188413469,2.8));
#286=DIRECTION('',(0.,0.,1.));
#287=VECTOR('',#286,6.);
#288=LINE('',#285,#287);
#289=EDGE_CURVE('',#276,#284,#288,.T.);
#290=ORIENTED_EDGE('',*,*,#289,.T.);
#291=CARTESIAN_POINT('',(61.75,11.25,8.8));
#292=DIRECTION('',(0.,-1.,0.));
#293=VECTOR('',#292,8.061586531);
#294=LINE('',#291,#293);
#295=EDGE_CURVE('',#250,#284,#294,.T.);
#296=ORIENTED_EDGE('',*,*,#295,.F.);
#297=EDGE_LOOP('',(#258,#266,#274,#282,#290,#296));
#298=FACE_BOUND('',#297,.T.);
#299=ADVANCED_FACE('',(#298),#248,.T.);
#300=CARTESIAN_POINT('',(0.,0.,2.8));
#301=DIRECTION('',(0.,0.,1.));
#302=DIRECTION('',(1.,0.,0.));
#303=AXIS2_PLACEMENT_3D('',#300,#301,#302);
#304=PLANE('',#303);
#305=CARTESIAN_POINT('',(30.,10.,2.8));
#306=VERTEX_POINT('',#305);
#307=CARTESIAN_POINT('',(30.,10.,2.8));
#308=DIRECTION('',(1.,0.,-0.));
#309=VECTOR('',#308,31.75);
#310=LINE('',#307,#309);
#311=EDGE_CURVE('',#306,#268,#310,.T.);
#312=ORIENTED_EDGE('',*,*,#311,.F.);
#313=CARTESIAN_POINT('',(30.,-10.,2.8));
#314=VERTEX_POINT('',#313);
#315=CARTESIAN_POINT('',(30.,10.,2.8));
#316=DIRECTION('',(0.,-1.,0.));
#317=VECTOR('',#316,20.);
#318=LINE('',#315,#317);
#319=EDGE_CURVE('',#306,#314,#318,.T.);
#320=ORIENTED_EDGE('',*,*,#319,.T.);
#321=CARTESIAN_POINT('',(61.75,-10.,2.8));
#322=VERTEX_POINT('',#321);
#323=CARTESIAN_POINT('',(30.,-10.,2.8));
#324=DIRECTION('',(1.,0.,-0.));
#325=VECTOR('',#324,31.75);
#326=LINE('',#323,#325);
#327=EDGE_CURVE('',#314,#322,#326,.T.);
#328=ORIENTED_EDGE('',*,*,#327,.T.);
#329=CARTESIAN_POINT('',(61.75,-5.,2.8));
#330=VERTEX_POINT('',#329);
#331=CARTESIAN_POINT('',(61.75,-5.,2.8));
#332=DIRECTION('',(0.,-1.,0.));
#333=VECTOR('',#332,5.);
#334=LINE('',#331,#333);
#335=EDGE_CURVE('',#330,#322,#334,.T.);
#336=ORIENTED_EDGE('',*,*,#335,.F.);
#337=CARTESIAN_POINT('',(66.470515884,-5.,2.8));
#338=VERTEX_POINT('',#337);
#339=CARTESIAN_POINT('',(61.75,-5.,2.8));
#340=DIRECTION('',(1.,0.,-0.));
#341=VECTOR('',#340,4.720515884);
#342=LINE('',#339,#341);
#343=EDGE_CURVE('',#330,#338,#342,.T.);
#344=ORIENTED_EDGE('',*,*,#343,.T.);
#345=CARTESIAN_POINT('',(66.470921917,3.188413469,2.8));
#346=VERTEX_POINT('',#345);
#347=CARTESIAN_POINT('',(66.470921917,3.188413469,2.8));
#348=DIRECTION('',(-0.000049586,-0.999999999,0.));
#349=VECTOR('',#348,8.188413479);
#350=LINE('',#347,#349);
#351=EDGE_CURVE('',#346,#338,#350,.T.);
#352=ORIENTED_EDGE('',*,*,#351,.F.);
#353=CARTESIAN_POINT('',(66.470921917,3.188413469,2.8));
#354=DIRECTION('',(-1.,-0.,0.));
#355=VECTOR('',#354,4.720921917);
#356=LINE('',#353,#355);
#357=EDGE_CURVE('',#346,#276,#356,.T.);
#358=ORIENTED_EDGE('',*,*,#357,.T.);
#359=ORIENTED_EDGE('',*,*,#281,.F.);
#360=EDGE_LOOP('',(#312,#320,#328,#336,#344,#352,#358,#359));
#361=FACE_BOUND('',#360,.T.);
#362=ADVANCED_FACE('',(#361),#304,.T.);
#363=CARTESIAN_POINT('',(-2.5,12.75,2.8));
#364=DIRECTION('',(0.,-1.,0.));
#365=DIRECTION('',(0.,0.,-1.));
#366=AXIS2_PLACEMENT_3D('',#363,#364,#365);
#367=PLANE('',#366);
#368=CARTESIAN_POINT('',(30.,12.75,8.8));
#369=VERTEX_POINT('',#368);
#370=CARTESIAN_POINT('',(30.,12.75,7.2));
#371=VERTEX_POINT('',#370);
#372=CARTESIAN_POINT('',(30.,12.75,8.8));
#373=DIRECTION('',(0.,0.,-1.));
#374=VECTOR('',#373,1.6);
#375=LINE('',#372,#374);
#376=EDGE_CURVE('',#369,#371,#375,.T.);
#377=ORIENTED_EDGE('',*,*,#376,.T.);
#378=CARTESIAN_POINT('',(60.25,12.75,7.2));
#379=VERTEX_POINT('',#378);
#380=CARTESIAN_POINT('',(30.,12.75,7.2));
#381=DIRECTION('',(1.,0.,-0.));
#382=VECTOR('',#381,30.25);
#383=LINE('',#380,#382);
#384=EDGE_CURVE('',#371,#379,#383,.T.);
#385=ORIENTED_EDGE('',*,*,#384,.T.);
#386=CARTESIAN_POINT('',(60.25,12.75,8.8));
#387=VERTEX_POINT('',#386);
#388=CARTESIAN_POINT('',(60.25,12.75,7.2));
#389=DIRECTION('',(0.,0.,1.));
#390=VECTOR('',#389,1.6);
#391=LINE('',#388,#390);
#392=EDGE_CURVE('',#379,#387,#391,.T.);
#393=ORIENTED_EDGE('',*,*,#392,.T.);
#394=CARTESIAN_POINT('',(30.,12.75,8.8));
#395=DIRECTION('',(1.,0.,-0.));
#396=VECTOR('',#395,30.25);
#397=LINE('',#394,#396);
#398=EDGE_CURVE('',#369,#387,#397,.T.);
#399=ORIENTED_EDGE('',*,*,#398,.F.);
#400=EDGE_LOOP('',(#377,#385,#393,#399));
#401=FACE_BOUND('',#400,.T.);
#402=ADVANCED_FACE('',(#401),#367,.T.);
#403=CARTESIAN_POINT('',(-2.5,12.75,2.8));
#404=DIRECTION('',(0.,-1.,0.));
#405=DIRECTION('',(0.,0.,-1.));
#406=AXIS2_PLACEMENT_3D('',#403,#404,#405);
#407=PLANE('',#406);
#408=CARTESIAN_POINT('',(-65.25,12.75,8.8));
#409=VERTEX_POINT('',#408);
#410=CARTESIAN_POINT('',(-65.25,12.75,7.2));
#411=VERTEX_POINT('',#410);
#412=CARTESIAN_POINT('',(-65.25,12.75,8.8));
#413=DIRECTION('',(-0.,-0.,-1.));
#414=VECTOR('',#413,1.6);
#415=LINE('',#412,#414);
#416=EDGE_CURVE('',#409,#411,#415,.T.);
#417=ORIENTED_EDGE('',*,*,#416,.T.);
#418=CARTESIAN_POINT('',(-62.528326696,12.75,7.2));
#419=VERTEX_POINT('',#418);
#420=CARTESIAN_POINT('',(-65.25,12.75,7.2));
#421=DIRECTION('',(1.,0.,-0.));
#422=VECTOR('',#421,2.721673304);
#423=LINE('',#420,#422);
#424=EDGE_CURVE('',#411,#419,#423,.T.);
#425=ORIENTED_EDGE('',*,*,#424,.T.);
#426=CARTESIAN_POINT('',(-62.528326696,12.75,2.8));
#427=VERTEX_POINT('',#426);
#428=CARTESIAN_POINT('',(-62.528326696,12.75,7.2));
#429=DIRECTION('',(0.,0.,-1.));
#430=VECTOR('',#429,4.4);
#431=LINE('',#428,#430);
#432=EDGE_CURVE('',#419,#427,#431,.T.);
#433=ORIENTED_EDGE('',*,*,#432,.T.);
#434=CARTESIAN_POINT('',(-0.959615385,12.75,2.8));
#435=VERTEX_POINT('',#434);
#436=CARTESIAN_POINT('',(-62.528326696,12.75,2.8));
#437=DIRECTION('',(1.,0.,-0.));
#438=VECTOR('',#437,61.568711311);
#439=LINE('',#436,#438);
#440=EDGE_CURVE('',#427,#435,#439,.T.);
#441=ORIENTED_EDGE('',*,*,#440,.T.);
#442=CARTESIAN_POINT('',(-0.959615385,12.75,8.8));
#443=VERTEX_POINT('',#442);
#444=CARTESIAN_POINT('',(-0.959615385,12.75,2.8));
#445=DIRECTION('',(-0.,-0.,1.));
#446=VECTOR('',#445,6.);
#447=LINE('',#444,#446);
#448=EDGE_CURVE('',#435,#443,#447,.T.);
#449=ORIENTED_EDGE('',*,*,#448,.T.);
#450=CARTESIAN_POINT('',(-65.25,12.75,8.8));
#451=DIRECTION('',(1.,0.,-0.));
#452=VECTOR('',#451,64.290384615);
#453=LINE('',#450,#452);
#454=EDGE_CURVE('',#409,#443,#453,.T.);
#455=ORIENTED_EDGE('',*,*,#454,.F.);
#456=EDGE_LOOP('',(#417,#425,#433,#441,#449,#455));
#457=FACE_BOUND('',#456,.T.);
#458=ADVANCED_FACE('',(#457),#407,.T.);
#459=CARTESIAN_POINT('',(-2.5,-12.75,2.8));
#460=DIRECTION('',(0.,1.,0.));
#461=DIRECTION('',(0.,0.,1.));
#462=AXIS2_PLACEMENT_3D('',#459,#460,#461);
#463=PLANE('',#462);
#464=CARTESIAN_POINT('',(60.25,-12.75,8.8));
#465=VERTEX_POINT('',#464);
#466=CARTESIAN_POINT('',(60.25,-12.75,7.2));
#467=VERTEX_POINT('',#466);
#468=CARTESIAN_POINT('',(60.25,-12.75,8.8));
#469=DIRECTION('',(-0.,-0.,-1.));
#470=VECTOR('',#469,1.6);
#471=LINE('',#468,#470);
#472=EDGE_CURVE('',#465,#467,#471,.T.);
#473=ORIENTED_EDGE('',*,*,#472,.T.);
#474=CARTESIAN_POINT('',(30.,-12.75,7.2));
#475=VERTEX_POINT('',#474);
#476=CARTESIAN_POINT('',(60.25,-12.75,7.2));
#477=DIRECTION('',(-1.,0.,0.));
#478=VECTOR('',#477,30.25);
#479=LINE('',#476,#478);
#480=EDGE_CURVE('',#467,#475,#479,.T.);
#481=ORIENTED_EDGE('',*,*,#480,.T.);
#482=CARTESIAN_POINT('',(30.,-12.75,8.8));
#483=VERTEX_POINT('',#482);
#484=CARTESIAN_POINT('',(30.,-12.75,7.2));
#485=DIRECTION('',(0.,0.,1.));
#486=VECTOR('',#485,1.6);
#487=LINE('',#484,#486);
#488=EDGE_CURVE('',#475,#483,#487,.T.);
#489=ORIENTED_EDGE('',*,*,#488,.T.);
#490=CARTESIAN_POINT('',(60.25,-12.75,8.8));
#491=DIRECTION('',(-1.,0.,0.));
#492=VECTOR('',#491,30.25);
#493=LINE('',#490,#492);
#494=EDGE_CURVE('',#465,#483,#493,.T.);
#495=ORIENTED_EDGE('',*,*,#494,.F.);
#496=EDGE_LOOP('',(#473,#481,#489,#495));
#497=FACE_BOUND('',#496,.T.);
#498=ADVANCED_FACE('',(#497),#463,.T.);
#499=CARTESIAN_POINT('',(-66.75,0.,2.8));
#500=DIRECTION('',(1.,0.,0.));
#501=DIRECTION('',(0.,0.,-1.));
#502=AXIS2_PLACEMENT_3D('',#499,#500,#501);
#503=PLANE('',#502);
#504=CARTESIAN_POINT('',(-66.75,-11.25,8.8));
#505=VERTEX_POINT('',#504);
#506=CARTESIAN_POINT('',(-66.75,-11.25,7.2));
#507=VERTEX_POINT('',#506);
#508=CARTESIAN_POINT('',(-66.75,-11.25,8.8));
#509=DIRECTION('',(-0.,-0.,-1.));
#510=VECTOR('',#509,1.6);
#511=LINE('',#508,#510);
#512=EDGE_CURVE('',#505,#507,#511,.T.);
#513=ORIENTED_EDGE('',*,*,#512,.T.);
#514=CARTESIAN_POINT('',(-66.75,11.25,7.2));
#515=VERTEX_POINT('',#514);
#516=CARTESIAN_POINT('',(-66.75,-11.25,7.2));
#517=DIRECTION('',(0.,1.,0.));
#518=VECTOR('',#517,22.5);
#519=LINE('',#516,#518);
#520=EDGE_CURVE('',#507,#515,#519,.T.);
#521=ORIENTED_EDGE('',*,*,#520,.T.);
#522=CARTESIAN_POINT('',(-66.75,11.25,8.8));
#523=VERTEX_POINT('',#522);
#524=CARTESIAN_POINT('',(-66.75,11.25,7.2));
#525=DIRECTION('',(0.,0.,1.));
#526=VECTOR('',#525,1.6);
#527=LINE('',#524,#526);
#528=EDGE_CURVE('',#515,#523,#527,.T.);
#529=ORIENTED_EDGE('',*,*,#528,.T.);
#530=CARTESIAN_POINT('',(-66.75,-11.25,8.8));
#531=DIRECTION('',(0.,1.,0.));
#532=VECTOR('',#531,22.5);
#533=LINE('',#530,#532);
#534=EDGE_CURVE('',#505,#523,#533,.T.);
#535=ORIENTED_EDGE('',*,*,#534,.F.);
#536=EDGE_LOOP('',(#513,#521,#529,#535));
#537=FACE_BOUND('',#536,.T.);
#538=ADVANCED_FACE('',(#537),#503,.T.);
#539=CARTESIAN_POINT('',(60.25,-11.25,2.8));
#540=DIRECTION('',(0.,0.,-1.));
#541=DIRECTION('',(-1.,0.,0.));
#542=AXIS2_PLACEMENT_3D('',#539,#540,#541);
#543=CYLINDRICAL_SURFACE('',#542,1.5);
#544=CARTESIAN_POINT('',(61.75,-11.25,7.2));
#545=VERTEX_POINT('',#544);
#546=CARTESIAN_POINT('',(60.25,-11.25,7.2));
#547=DIRECTION('',(0.,0.,1.));
#548=DIRECTION('',(1.,0.,-0.));
#549=AXIS2_PLACEMENT_3D('',#546,#547,#548);
#550=CIRCLE('',#549,1.5);
#551=EDGE_CURVE('',#467,#545,#550,.T.);
#552=ORIENTED_EDGE('',*,*,#551,.F.);
#553=ORIENTED_EDGE('',*,*,#472,.F.);
#554=CARTESIAN_POINT('',(61.75,-11.25,8.8));
#555=VERTEX_POINT('',#554);
#556=CARTESIAN_POINT('',(60.25,-11.25,8.8));
#557=DIRECTION('',(-0.,-0.,-1.));
#558=DIRECTION('',(1.,0.,-0.));
#559=AXIS2_PLACEMENT_3D('',#556,#557,#558);
#560=CIRCLE('',#559,1.5);
#561=EDGE_CURVE('',#555,#465,#560,.T.);
#562=ORIENTED_EDGE('',*,*,#561,.F.);
#563=CARTESIAN_POINT('',(61.75,-11.25,7.2));
#564=DIRECTION('',(0.,0.,1.));
#565=VECTOR('',#564,1.6);
#566=LINE('',#563,#565);
#567=EDGE_CURVE('',#545,#555,#566,.T.);
#568=ORIENTED_EDGE('',*,*,#567,.F.);
#569=EDGE_LOOP('',(#552,#553,#562,#568));
#570=FACE_BOUND('',#569,.T.);
#571=ADVANCED_FACE('',(#570),#543,.F.);
#572=CARTESIAN_POINT('',(60.25,11.25,2.8));
#573=DIRECTION('',(0.,0.,-1.));
#574=DIRECTION('',(-1.,0.,0.));
#575=AXIS2_PLACEMENT_3D('',#572,#573,#574);
#576=CYLINDRICAL_SURFACE('',#575,1.5);
#577=CARTESIAN_POINT('',(60.25,11.25,7.2));
#578=DIRECTION('',(0.,0.,1.));
#579=DIRECTION('',(1.,0.,-0.));
#580=AXIS2_PLACEMENT_3D('',#577,#578,#579);
#581=CIRCLE('',#580,1.5);
#582=EDGE_CURVE('',#252,#379,#581,.T.);
#583=ORIENTED_EDGE('',*,*,#582,.F.);
#584=ORIENTED_EDGE('',*,*,#257,.F.);
#585=CARTESIAN_POINT('',(60.25,11.25,8.8));
#586=DIRECTION('',(-0.,-0.,-1.));
#587=DIRECTION('',(1.,0.,-0.));
#588=AXIS2_PLACEMENT_3D('',#585,#586,#587);
#589=CIRCLE('',#588,1.5);
#590=EDGE_CURVE('',#387,#250,#589,.T.);
#591=ORIENTED_EDGE('',*,*,#590,.F.);
#592=ORIENTED_EDGE('',*,*,#392,.F.);
#593=EDGE_LOOP('',(#583,#584,#591,#592));
#594=FACE_BOUND('',#593,.T.);
#595=ADVANCED_FACE('',(#594),#576,.F.);
#596=CARTESIAN_POINT('',(-65.25,11.25,2.8));
#597=DIRECTION('',(0.,0.,-1.));
#598=DIRECTION('',(-1.,0.,0.));
#599=AXIS2_PLACEMENT_3D('',#596,#597,#598);
#600=CYLINDRICAL_SURFACE('',#599,1.5);
#601=CARTESIAN_POINT('',(-65.25,11.25,7.2));
#602=DIRECTION('',(0.,0.,1.));
#603=DIRECTION('',(1.,0.,-0.));
#604=AXIS2_PLACEMENT_3D('',#601,#602,#603);
#605=CIRCLE('',#604,1.5);
#606=EDGE_CURVE('',#411,#515,#605,.T.);
#607=ORIENTED_EDGE('',*,*,#606,.F.);
#608=ORIENTED_EDGE('',*,*,#416,.F.);
#609=CARTESIAN_POINT('',(-65.25,11.25,8.8));
#610=DIRECTION('',(-0.,-0.,-1.));
#611=DIRECTION('',(1.,0.,-0.));
#612=AXIS2_PLACEMENT_3D('',#609,#610,#611);
#613=CIRCLE('',#612,1.5);
#614=EDGE_CURVE('',#523,#409,#613,.T.);
#615=ORIENTED_EDGE('',*,*,#614,.F.);
#616=ORIENTED_EDGE('',*,*,#528,.F.);
#617=EDGE_LOOP('',(#607,#608,#615,#616));
#618=FACE_BOUND('',#617,.T.);
#619=ADVANCED_FACE('',(#618),#600,.F.);
#620=CARTESIAN_POINT('',(-65.25,-11.25,2.8));
#621=DIRECTION('',(0.,0.,-1.));
#622=DIRECTION('',(-1.,0.,0.));
#623=AXIS2_PLACEMENT_3D('',#620,#621,#622);
#624=CYLINDRICAL_SURFACE('',#623,1.5);
#625=CARTESIAN_POINT('',(-65.25,-12.75,7.2));
#626=VERTEX_POINT('',#625);
#627=CARTESIAN_POINT('',(-65.25,-11.25,7.2));
#628=DIRECTION('',(0.,0.,1.));
#629=DIRECTION('',(1.,0.,-0.));
#630=AXIS2_PLACEMENT_3D('',#627,#628,#629);
#631=CIRCLE('',#630,1.5);
#632=EDGE_CURVE('',#507,#626,#631,.T.);
#633=ORIENTED_EDGE('',*,*,#632,.F.);
#634=ORIENTED_EDGE('',*,*,#512,.F.);
#635=CARTESIAN_POINT('',(-65.25,-12.75,8.8));
#636=VERTEX_POINT('',#635);
#637=CARTESIAN_POINT('',(-65.25,-11.25,8.8));
#638=DIRECTION('',(-0.,-0.,-1.));
#639=DIRECTION('',(1.,0.,-0.));
#640=AXIS2_PLACEMENT_3D('',#637,#638,#639);
#641=CIRCLE('',#640,1.5);
#642=EDGE_CURVE('',#636,#505,#641,.T.);
#643=ORIENTED_EDGE('',*,*,#642,.F.);
#644=CARTESIAN_POINT('',(-65.25,-12.75,7.2));
#645=DIRECTION('',(0.,0.,1.));
#646=VECTOR('',#645,1.6);
#647=LINE('',#644,#646);
#648=EDGE_CURVE('',#626,#636,#647,.T.);
#649=ORIENTED_EDGE('',*,*,#648,.F.);
#650=EDGE_LOOP('',(#633,#634,#643,#649));
#651=FACE_BOUND('',#650,.T.);
#652=ADVANCED_FACE('',(#651),#624,.F.);
#653=CARTESIAN_POINT('',(66.471631374,17.495974393,4.8));
#654=DIRECTION('',(0.999999999,-0.000049586,0.));
#655=DIRECTION('',(0.000049586,0.999999999,0.));
#656=AXIS2_PLACEMENT_3D('',#653,#654,#655);
#657=PLANE('',#656);
#658=CARTESIAN_POINT('',(66.471383443,12.495974399,0.4));
#659=VERTEX_POINT('',#658);
#660=CARTESIAN_POINT('',(66.471383443,12.495974399,8.2));
#661=VERTEX_POINT('',#660);
#662=CARTESIAN_POINT('',(66.471383443,12.495974399,0.4));
#663=DIRECTION('',(0.,0.,1.));
#664=VECTOR('',#663,7.8);
#665=LINE('',#662,#664);
#666=EDGE_CURVE('',#659,#661,#665,.T.);
#667=ORIENTED_EDGE('',*,*,#666,.T.);
#668=CARTESIAN_POINT('',(66.470921917,3.188413469,8.2));
#669=VERTEX_POINT('',#668);
#670=CARTESIAN_POINT('',(66.471383443,12.495974399,8.2));
#671=DIRECTION('',(-0.000049586,-0.999999999,0.));
#672=VECTOR('',#671,9.307560942);
#673=LINE('',#670,#672);
#674=EDGE_CURVE('',#661,#669,#673,.T.);
#675=ORIENTED_EDGE('',*,*,#674,.T.);
#676=CARTESIAN_POINT('',(66.470921917,3.188413469,2.8));
#677=DIRECTION('',(0.,0.,1.));
#678=VECTOR('',#677,5.4);
#679=LINE('',#676,#678);
#680=EDGE_CURVE('',#346,#669,#679,.T.);
#681=ORIENTED_EDGE('',*,*,#680,.F.);
#682=ORIENTED_EDGE('',*,*,#351,.T.);
#683=CARTESIAN_POINT('',(66.470515884,-5.,8.2));
#684=VERTEX_POINT('',#683);
#685=CARTESIAN_POINT('',(66.470515884,-5.,2.8));
#686=DIRECTION('',(0.,0.,1.));
#687=VECTOR('',#686,5.4);
#688=LINE('',#685,#687);
#689=EDGE_CURVE('',#338,#684,#688,.T.);
#690=ORIENTED_EDGE('',*,*,#689,.T.);
#691=CARTESIAN_POINT('',(66.470143788,-12.50402557,8.2));
#692=VERTEX_POINT('',#691);
#693=CARTESIAN_POINT('',(66.470515884,-5.,8.2));
#694=DIRECTION('',(-0.000049586,-0.999999999,0.));
#695=VECTOR('',#694,7.504025579);
#696=LINE('',#693,#695);
#697=EDGE_CURVE('',#684,#692,#696,.T.);
#698=ORIENTED_EDGE('',*,*,#697,.T.);
#699=CARTESIAN_POINT('',(66.470143788,-12.50402557,0.4));
#700=VERTEX_POINT('',#699);
#701=CARTESIAN_POINT('',(66.470143788,-12.50402557,8.2));
#702=DIRECTION('',(-0.,-0.,-1.));
#703=VECTOR('',#702,7.8);
#704=LINE('',#701,#703);
#705=EDGE_CURVE('',#692,#700,#704,.T.);
#706=ORIENTED_EDGE('',*,*,#705,.T.);
#707=CARTESIAN_POINT('',(66.470143788,-12.50402557,0.4));
#708=DIRECTION('',(0.000049586,0.999999999,0.));
#709=VECTOR('',#708,25.);
#710=LINE('',#707,#709);
#711=EDGE_CURVE('',#700,#659,#710,.T.);
#712=ORIENTED_EDGE('',*,*,#711,.T.);
#713=EDGE_LOOP('',(#667,#675,#681,#682,#690,#698,#706,#712));
#714=FACE_BOUND('',#713,.T.);
#715=ADVANCED_FACE('',(#714),#657,.T.);
#716=CARTESIAN_POINT('',(0.,0.,2.8));
#717=DIRECTION('',(0.,0.,1.));
#718=DIRECTION('',(1.,0.,0.));
#719=AXIS2_PLACEMENT_3D('',#716,#717,#718);
#720=PLANE('',#719);
#721=CARTESIAN_POINT('',(-62.528326696,-12.75,2.8));
#722=VERTEX_POINT('',#721);
#723=CARTESIAN_POINT('',(-62.528326696,-12.75,2.8));
#724=DIRECTION('',(0.,1.,0.));
#725=VECTOR('',#724,25.5);
#726=LINE('',#723,#725);
#727=EDGE_CURVE('',#722,#427,#726,.T.);
#728=ORIENTED_EDGE('',*,*,#727,.F.);
#729=CARTESIAN_POINT('',(6.,-12.75,2.8));
#730=VERTEX_POINT('',#729);
#731=CARTESIAN_POINT('',(6.,-12.75,2.8));
#732=DIRECTION('',(-1.,0.,0.));
#733=VECTOR('',#732,68.528326696);
#734=LINE('',#731,#733);
#735=EDGE_CURVE('',#730,#722,#734,.T.);
#736=ORIENTED_EDGE('',*,*,#735,.F.);
#737=CARTESIAN_POINT('',(6.,16.,2.8));
#738=VERTEX_POINT('',#737);
#739=CARTESIAN_POINT('',(6.,-12.75,2.8));
#740=DIRECTION('',(-0.,1.,0.));
#741=VECTOR('',#740,28.75);
#742=LINE('',#739,#741);
#743=EDGE_CURVE('',#730,#738,#742,.T.);
#744=ORIENTED_EDGE('',*,*,#743,.T.);
#745=CARTESIAN_POINT('',(4.915384615,16.,2.8));
#746=VERTEX_POINT('',#745);
#747=CARTESIAN_POINT('',(6.,16.,2.8));
#748=DIRECTION('',(-1.,-0.,0.));
#749=VECTOR('',#748,1.084615385);
#750=LINE('',#747,#749);
#751=EDGE_CURVE('',#738,#746,#750,.T.);
#752=ORIENTED_EDGE('',*,*,#751,.T.);
#753=CARTESIAN_POINT('',(4.915384615,16.,2.8));
#754=DIRECTION('',(-0.875034042,-0.484061385,-0.));
#755=VECTOR('',#754,6.714024501);
#756=LINE('',#753,#755);
#757=EDGE_CURVE('',#746,#435,#756,.T.);
#758=ORIENTED_EDGE('',*,*,#757,.T.);
#759=ORIENTED_EDGE('',*,*,#440,.F.);
#760=EDGE_LOOP('',(#728,#736,#744,#752,#758,#759));
#761=FACE_BOUND('',#760,.T.);
#762=CARTESIAN_POINT('',(-22.,-11.5,2.8));
#763=VERTEX_POINT('',#762);
#764=CARTESIAN_POINT('',(-13.,-11.5,2.8));
#765=VERTEX_POINT('',#764);
#766=CARTESIAN_POINT('',(-22.,-11.5,2.8));
#767=DIRECTION('',(1.,0.,-0.));
#768=VECTOR('',#767,9.);
#769=LINE('',#766,#768);
#770=EDGE_CURVE('',#763,#765,#769,.T.);
#771=ORIENTED_EDGE('',*,*,#770,.F.);
#772=CARTESIAN_POINT('',(-22.,11.5,2.8));
#773=VERTEX_POINT('',#772);
#774=CARTESIAN_POINT('',(-22.,11.5,2.8));
#775=DIRECTION('',(0.,-1.,0.));
#776=VECTOR('',#775,23.);
#777=LINE('',#774,#776);
#778=EDGE_CURVE('',#773,#763,#777,.T.);
#779=ORIENTED_EDGE('',*,*,#778,.F.);
#780=CARTESIAN_POINT('',(-13.,11.5,2.8));
#781=VERTEX_POINT('',#780);
#782=CARTESIAN_POINT('',(-13.,11.5,2.8));
#783=DIRECTION('',(-1.,0.,0.));
#784=VECTOR('',#783,9.);
#785=LINE('',#782,#784);
#786=EDGE_CURVE('',#781,#773,#785,.T.);
#787=ORIENTED_EDGE('',*,*,#786,.F.);
#788=CARTESIAN_POINT('',(-13.,-11.5,2.8));
#789=DIRECTION('',(0.,1.,0.));
#790=VECTOR('',#789,23.);
#791=LINE('',#788,#790);
#792=EDGE_CURVE('',#765,#781,#791,.T.);
#793=ORIENTED_EDGE('',*,*,#792,.F.);
#794=EDGE_LOOP('',(#771,#779,#787,#793));
#795=FACE_BOUND('',#794,.T.);
#796=CARTESIAN_POINT('',(-56.,7.,2.8));
#797=VERTEX_POINT('',#796);
#798=CARTESIAN_POINT('',(-38.,7.,2.8));
#799=VERTEX_POINT('',#798);
#800=CARTESIAN_POINT('',(-56.,7.,2.8));
#801=DIRECTION('',(1.,0.,0.));
#802=VECTOR('',#801,18.);
#803=LINE('',#800,#802);
#804=EDGE_CURVE('',#797,#799,#803,.T.);
#805=ORIENTED_EDGE('',*,*,#804,.T.);
#806=CARTESIAN_POINT('',(-38.,-6.,2.8));
#807=VERTEX_POINT('',#806);
#808=CARTESIAN_POINT('',(-38.,7.,2.8));
#809=DIRECTION('',(0.,-1.,0.));
#810=VECTOR('',#809,13.);
#811=LINE('',#808,#810);
#812=EDGE_CURVE('',#799,#807,#811,.T.);
#813=ORIENTED_EDGE('',*,*,#812,.T.);
#814=CARTESIAN_POINT('',(-56.,-6.,2.8));
#815=VERTEX_POINT('',#814);
#816=CARTESIAN_POINT('',(-38.,-6.,2.8));
#817=DIRECTION('',(-1.,0.,0.));
#818=VECTOR('',#817,18.);
#819=LINE('',#816,#818);
#820=EDGE_CURVE('',#807,#815,#819,.T.);
#821=ORIENTED_EDGE('',*,*,#820,.T.);
#822=CARTESIAN_POINT('',(-56.,-6.,2.8));
#823=DIRECTION('',(0.,1.,0.));
#824=VECTOR('',#823,13.);
#825=LINE('',#822,#824);
#826=EDGE_CURVE('',#815,#797,#825,.T.);
#827=ORIENTED_EDGE('',*,*,#826,.T.);
#828=EDGE_LOOP('',(#805,#813,#821,#827));
#829=FACE_BOUND('',#828,.T.);
#830=ADVANCED_FACE('',(#761,#795,#829),#720,.T.);
#831=CARTESIAN_POINT('',(-2.528347659,17.499395841,8.8));
#832=DIRECTION('',(0.,0.,1.));
#833=DIRECTION('',(1.,0.,0.));
#834=AXIS2_PLACEMENT_3D('',#831,#832,#833);
#835=PLANE('',#834);
#836=CARTESIAN_POINT('',(-62.419588077,14.699254185,8.8));
#837=VERTEX_POINT('',#836);
#838=CARTESIAN_POINT('',(-63.869588077,14.699254185,8.8));
#839=DIRECTION('',(0.,0.,1.));
#840=DIRECTION('',(1.,0.,-0.));
#841=AXIS2_PLACEMENT_3D('',#838,#839,#840);
#842=CIRCLE('',#841,1.45);
#843=EDGE_CURVE('',#837,#837,#842,.T.);
#844=ORIENTED_EDGE('',*,*,#843,.F.);
#845=EDGE_LOOP('',(#844));
#846=FACE_BOUND('',#845,.T.);
#847=CARTESIAN_POINT('',(-62.419588077,-14.700745815,8.8));
#848=VERTEX_POINT('',#847);
#849=CARTESIAN_POINT('',(-63.869588077,-14.700745815,8.8));
#850=DIRECTION('',(0.,0.,1.));
#851=DIRECTION('',(1.,0.,-0.));
#852=AXIS2_PLACEMENT_3D('',#849,#850,#851);
#853=CIRCLE('',#852,1.45);
#854=EDGE_CURVE('',#848,#848,#853,.T.);
#855=ORIENTED_EDGE('',*,*,#854,.F.);
#856=EDGE_LOOP('',(#855));
#857=FACE_BOUND('',#856,.T.);
#858=CARTESIAN_POINT('',(63.380411923,14.699254185,8.8));
#859=VERTEX_POINT('',#858);
#860=CARTESIAN_POINT('',(61.930411923,14.699254185,8.8));
#861=DIRECTION('',(0.,0.,1.));
#862=DIRECTION('',(1.,0.,-0.));
#863=AXIS2_PLACEMENT_3D('',#860,#861,#862);
#864=CIRCLE('',#863,1.45);
#865=EDGE_CURVE('',#859,#859,#864,.T.);
#866=ORIENTED_EDGE('',*,*,#865,.F.);
#867=EDGE_LOOP('',(#866));
#868=FACE_BOUND('',#867,.T.);
#869=CARTESIAN_POINT('',(63.380411923,-14.700745815,8.8));
#870=VERTEX_POINT('',#869);
#871=CARTESIAN_POINT('',(61.930411923,-14.700745815,8.8));
#872=DIRECTION('',(0.,0.,1.));
#873=DIRECTION('',(1.,0.,-0.));
#874=AXIS2_PLACEMENT_3D('',#871,#872,#873);
#875=CIRCLE('',#874,1.45);
#876=EDGE_CURVE('',#870,#870,#875,.T.);
#877=ORIENTED_EDGE('',*,*,#876,.F.);
#878=EDGE_LOOP('',(#877));
#879=FACE_BOUND('',#878,.T.);
#880=CARTESIAN_POINT('',(65.870921916,3.188413469,8.8));
#881=VERTEX_POINT('',#880);
#882=CARTESIAN_POINT('',(65.870921916,3.188413469,8.8));
#883=DIRECTION('',(-1.,-0.,0.));
#884=VECTOR('',#883,4.120921916);
#885=LINE('',#882,#884);
#886=EDGE_CURVE('',#881,#284,#885,.T.);
#887=ORIENTED_EDGE('',*,*,#886,.F.);
#888=CARTESIAN_POINT('',(65.871383444,12.496004151,8.8));
#889=VERTEX_POINT('',#888);
#890=CARTESIAN_POINT('',(65.870921916,3.188413469,8.8));
#891=DIRECTION('',(0.000049586,0.999999999,0.));
#892=VECTOR('',#891,9.307590694);
#893=LINE('',#890,#892);
#894=EDGE_CURVE('',#881,#889,#893,.T.);
#895=ORIENTED_EDGE('',*,*,#894,.T.);
#896=CARTESIAN_POINT('',(61.471601629,16.896222325,8.8));
#897=VERTEX_POINT('',#896);
#898=CARTESIAN_POINT('',(61.471383449,12.49622233,8.8));
#899=DIRECTION('',(0.,0.,1.));
#900=DIRECTION('',(1.,0.,-0.));
#901=AXIS2_PLACEMENT_3D('',#898,#899,#900);
#902=CIRCLE('',#901,4.4);
#903=EDGE_CURVE('',#889,#897,#902,.T.);
#904=ORIENTED_EDGE('',*,*,#903,.T.);
#905=CARTESIAN_POINT('',(-63.528356454,16.9024206,8.8));
#906=VERTEX_POINT('',#905);
#907=CARTESIAN_POINT('',(61.471601629,16.896222325,8.8));
#908=DIRECTION('',(-0.999999999,0.000049586,0.));
#909=VECTOR('',#908,124.999958236);
#910=LINE('',#907,#909);
#911=EDGE_CURVE('',#897,#906,#910,.T.);
#912=ORIENTED_EDGE('',*,*,#911,.T.);
#913=CARTESIAN_POINT('',(-67.928574628,12.502638785,8.8));
#914=VERTEX_POINT('',#913);
#915=CARTESIAN_POINT('',(-63.528574633,12.502420605,8.8));
#916=DIRECTION('',(0.,0.,1.));
#917=DIRECTION('',(1.,0.,-0.));
#918=AXIS2_PLACEMENT_3D('',#915,#916,#917);
#919=CIRCLE('',#918,4.4);
#920=EDGE_CURVE('',#906,#914,#919,.T.);
#921=ORIENTED_EDGE('',*,*,#920,.T.);
#922=CARTESIAN_POINT('',(-67.929814283,-12.497361185,8.8));
#923=VERTEX_POINT('',#922);
#924=CARTESIAN_POINT('',(-67.928574628,12.502638785,8.8));
#925=DIRECTION('',(-0.000049586,-0.999999999,0.));
#926=VECTOR('',#925,25.);
#927=LINE('',#924,#926);
#928=EDGE_CURVE('',#914,#923,#927,.T.);
#929=ORIENTED_EDGE('',*,*,#928,.T.);
#930=CARTESIAN_POINT('',(-63.530032468,-16.897579358,8.8));
#931=VERTEX_POINT('',#930);
#932=CARTESIAN_POINT('',(-63.529814289,-12.497579364,8.8));
#933=DIRECTION('',(0.,0.,1.));
#934=DIRECTION('',(1.,0.,-0.));
#935=AXIS2_PLACEMENT_3D('',#932,#933,#934);
#936=CIRCLE('',#935,4.4);
#937=EDGE_CURVE('',#923,#931,#936,.T.);
#938=ORIENTED_EDGE('',*,*,#937,.T.);
#939=CARTESIAN_POINT('',(61.469925615,-16.903777633,8.8));
#940=VERTEX_POINT('',#939);
#941=CARTESIAN_POINT('',(-63.530032468,-16.897579358,8.8));
#942=DIRECTION('',(0.999999999,-0.000049586,0.));
#943=VECTOR('',#942,124.999958236);
#944=LINE('',#941,#943);
#945=EDGE_CURVE('',#931,#940,#944,.T.);
#946=ORIENTED_EDGE('',*,*,#945,.T.);
#947=CARTESIAN_POINT('',(65.870143789,-12.503995818,8.8));
#948=VERTEX_POINT('',#947);
#949=CARTESIAN_POINT('',(61.470143794,-12.503777639,8.8));
#950=DIRECTION('',(0.,0.,1.));
#951=DIRECTION('',(1.,0.,-0.));
#952=AXIS2_PLACEMENT_3D('',#949,#950,#951);
#953=CIRCLE('',#952,4.4);
#954=EDGE_CURVE('',#940,#948,#953,.T.);
#955=ORIENTED_EDGE('',*,*,#954,.T.);
#956=CARTESIAN_POINT('',(65.870515883,-5.,8.8));
#957=VERTEX_POINT('',#956);
#958=CARTESIAN_POINT('',(65.870143789,-12.503995818,8.8));
#959=DIRECTION('',(0.000049586,0.999999999,0.));
#960=VECTOR('',#959,7.503995827);
#961=LINE('',#958,#960);
#962=EDGE_CURVE('',#948,#957,#961,.T.);
#963=ORIENTED_EDGE('',*,*,#962,.T.);
#964=CARTESIAN_POINT('',(61.75,-5.,8.8));
#965=VERTEX_POINT('',#964);
#966=CARTESIAN_POINT('',(61.75,-5.,8.8));
#967=DIRECTION('',(1.,0.,-0.));
#968=VECTOR('',#967,4.120515883);
#969=LINE('',#966,#968);
#970=EDGE_CURVE('',#965,#957,#969,.T.);
#971=ORIENTED_EDGE('',*,*,#970,.F.);
#972=CARTESIAN_POINT('',(61.75,-5.,8.8));
#973=DIRECTION('',(0.,-1.,0.));
#974=VECTOR('',#973,6.25);
#975=LINE('',#972,#974);
#976=EDGE_CURVE('',#965,#555,#975,.T.);
#977=ORIENTED_EDGE('',*,*,#976,.T.);
#978=ORIENTED_EDGE('',*,*,#561,.T.);
#979=ORIENTED_EDGE('',*,*,#494,.T.);
#980=CARTESIAN_POINT('',(30.,-16.,8.8));
#981=VERTEX_POINT('',#980);
#982=CARTESIAN_POINT('',(30.,-12.75,8.8));
#983=DIRECTION('',(0.,-1.,0.));
#984=VECTOR('',#983,3.25);
#985=LINE('',#982,#984);
#986=EDGE_CURVE('',#483,#981,#985,.T.);
#987=ORIENTED_EDGE('',*,*,#986,.T.);
#988=CARTESIAN_POINT('',(6.,-16.,8.8));
#989=VERTEX_POINT('',#988);
#990=CARTESIAN_POINT('',(30.,-16.,8.8));
#991=DIRECTION('',(-1.,0.,0.));
#992=VECTOR('',#991,24.);
#993=LINE('',#990,#992);
#994=EDGE_CURVE('',#981,#989,#993,.T.);
#995=ORIENTED_EDGE('',*,*,#994,.T.);
#996=CARTESIAN_POINT('',(6.,-12.75,8.8));
#997=VERTEX_POINT('',#996);
#998=CARTESIAN_POINT('',(6.,-16.,8.8));
#999=DIRECTION('',(-0.,1.,0.));
#1000=VECTOR('',#999,3.25);
#1001=LINE('',#998,#1000);
#1002=EDGE_CURVE('',#989,#997,#1001,.T.);
#1003=ORIENTED_EDGE('',*,*,#1002,.T.);
#1004=CARTESIAN_POINT('',(6.,-12.75,8.8));
#1005=DIRECTION('',(-1.,0.,0.));
#1006=VECTOR('',#1005,71.25);
#1007=LINE('',#1004,#1006);
#1008=EDGE_CURVE('',#997,#636,#1007,.T.);
#1009=ORIENTED_EDGE('',*,*,#1008,.T.);
#1010=ORIENTED_EDGE('',*,*,#642,.T.);
#1011=ORIENTED_EDGE('',*,*,#534,.T.);
#1012=ORIENTED_EDGE('',*,*,#614,.T.);
#1013=ORIENTED_EDGE('',*,*,#454,.T.);
#1014=CARTESIAN_POINT('',(4.915384615,16.,8.8));
#1015=VERTEX_POINT('',#1014);
#1016=CARTESIAN_POINT('',(-0.959615385,12.75,8.8));
#1017=DIRECTION('',(0.875034042,0.484061385,-0.));
#1018=VECTOR('',#1017,6.714024501);
#1019=LINE('',#1016,#1018);
#1020=EDGE_CURVE('',#443,#1015,#1019,.T.);
#1021=ORIENTED_EDGE('',*,*,#1020,.T.);
#1022=CARTESIAN_POINT('',(30.,16.,8.8));
#1023=VERTEX_POINT('',#1022);
#1024=CARTESIAN_POINT('',(4.915384615,16.,8.8));
#1025=DIRECTION('',(1.,0.,-0.));
#1026=VECTOR('',#1025,25.084615385);
#1027=LINE('',#1024,#1026);
#1028=EDGE_CURVE('',#1015,#1023,#1027,.T.);
#1029=ORIENTED_EDGE('',*,*,#1028,.T.);
#1030=CARTESIAN_POINT('',(30.,16.,8.8));
#1031=DIRECTION('',(0.,-1.,0.));
#1032=VECTOR('',#1031,3.25);
#1033=LINE('',#1030,#1032);
#1034=EDGE_CURVE('',#1023,#369,#1033,.T.);
#1035=ORIENTED_EDGE('',*,*,#1034,.T.);
#1036=ORIENTED_EDGE('',*,*,#398,.T.);
#1037=ORIENTED_EDGE('',*,*,#590,.T.);
#1038=ORIENTED_EDGE('',*,*,#295,.T.);
#1039=EDGE_LOOP('',(#887,#895,#904,#912,#921,#929,#938,#946,#955,#963,#971,#977,#978,#979,#987,#995,#1003,#1009,#1010,#1011,#1012,#1013,#1021,#1029,#1035,#1036,
#1037,#1038));
#1040=FACE_BOUND('',#1039,.T.);
#1041=ADVANCED_FACE('',(#846,#857,#868,#879,#1040),#835,.T.);
#1042=CARTESIAN_POINT('',(-2.5,-12.75,2.8));
#1043=DIRECTION('',(0.,1.,0.));
#1044=DIRECTION('',(0.,0.,1.));
#1045=AXIS2_PLACEMENT_3D('',#1042,#1043,#1044);
#1046=PLANE('',#1045);
#1047=CARTESIAN_POINT('',(-62.528326696,-12.75,7.2));
#1048=VERTEX_POINT('',#1047);
#1049=CARTESIAN_POINT('',(-62.528326696,-12.75,7.2));
#1050=DIRECTION('',(0.,0.,-1.));
#1051=VECTOR('',#1050,4.4);
#1052=LINE('',#1049,#1051);
#1053=EDGE_CURVE('',#1048,#722,#1052,.T.);
#1054=ORIENTED_EDGE('',*,*,#1053,.F.);
#1055=CARTESIAN_POINT('',(-62.528326696,-12.75,7.2));
#1056=DIRECTION('',(-1.,0.,0.));
#1057=VECTOR('',#1056,2.721673304);
#1058=LINE('',#1055,#1057);
#1059=EDGE_CURVE('',#1048,#626,#1058,.T.);
#1060=ORIENTED_EDGE('',*,*,#1059,.T.);
#1061=ORIENTED_EDGE('',*,*,#648,.T.);
#1062=ORIENTED_EDGE('',*,*,#1008,.F.);
#1063=CARTESIAN_POINT('',(6.,-12.75,8.8));
#1064=DIRECTION('',(0.,0.,-1.));
#1065=VECTOR('',#1064,6.);
#1066=LINE('',#1063,#1065);
#1067=EDGE_CURVE('',#997,#730,#1066,.T.);
#1068=ORIENTED_EDGE('',*,*,#1067,.T.);
#1069=ORIENTED_EDGE('',*,*,#735,.T.);
#1070=EDGE_LOOP('',(#1054,#1060,#1061,#1062,#1068,#1069));
#1071=FACE_BOUND('',#1070,.T.);
#1072=ADVANCED_FACE('',(#1071),#1046,.T.);
#1073=CARTESIAN_POINT('',(-68.528326696,17.50266853,4.8));
#1074=DIRECTION('',(-0.999999999,0.000049586,0.));
#1075=DIRECTION('',(-0.000049586,-0.999999999,0.));
#1076=AXIS2_PLACEMENT_3D('',#1073,#1074,#1075);
#1077=PLANE('',#1076);
#1078=CARTESIAN_POINT('',(-68.529814282,-12.497331433,0.4));
#1079=VERTEX_POINT('',#1078);
#1080=CARTESIAN_POINT('',(-68.529814282,-12.497331433,8.2));
#1081=VERTEX_POINT('',#1080);
#1082=CARTESIAN_POINT('',(-68.529814282,-12.497331433,0.4));
#1083=DIRECTION('',(-0.,-0.,1.));
#1084=VECTOR('',#1083,7.8);
#1085=LINE('',#1082,#1084);
#1086=EDGE_CURVE('',#1079,#1081,#1085,.T.);
#1087=ORIENTED_EDGE('',*,*,#1086,.T.);
#1088=CARTESIAN_POINT('',(-68.528574627,12.502668536,8.2));
#1089=VERTEX_POINT('',#1088);
#1090=CARTESIAN_POINT('',(-68.529814282,-12.497331433,8.2));
#1091=DIRECTION('',(0.000049586,0.999999999,0.));
#1092=VECTOR('',#1091,25.);
#1093=LINE('',#1090,#1092);
#1094=EDGE_CURVE('',#1081,#1089,#1093,.T.);
#1095=ORIENTED_EDGE('',*,*,#1094,.T.);
#1096=CARTESIAN_POINT('',(-68.528574627,12.502668536,0.4));
#1097=VERTEX_POINT('',#1096);
#1098=CARTESIAN_POINT('',(-68.528574627,12.502668536,8.2));
#1099=DIRECTION('',(0.,0.,-1.));
#1100=VECTOR('',#1099,7.8);
#1101=LINE('',#1098,#1100);
#1102=EDGE_CURVE('',#1089,#1097,#1101,.T.);
#1103=ORIENTED_EDGE('',*,*,#1102,.T.);
#1104=CARTESIAN_POINT('',(-68.528574627,12.502668536,0.4));
#1105=DIRECTION('',(-0.000049586,-0.999999999,0.));
#1106=VECTOR('',#1105,25.);
#1107=LINE('',#1104,#1106);
#1108=EDGE_CURVE('',#1097,#1079,#1107,.T.);
#1109=ORIENTED_EDGE('',*,*,#1108,.T.);
#1110=EDGE_LOOP('',(#1087,#1095,#1103,#1109));
#1111=FACE_BOUND('',#1110,.T.);
#1112=ADVANCED_FACE('',(#1111),#1077,.T.);
#1113=CARTESIAN_POINT('',(-2.528347659,17.499395841,-0.2));
#1114=DIRECTION('',(0.,0.,-1.));
#1115=DIRECTION('',(-1.,0.,0.));
#1116=AXIS2_PLACEMENT_3D('',#1113,#1114,#1115);
#1117=PLANE('',#1116);
#1118=CARTESIAN_POINT('',(65.870143789,-12.503995818,-0.2));
#1119=VERTEX_POINT('',#1118);
#1120=CARTESIAN_POINT('',(61.469925615,-16.903777633,-0.2));
#1121=VERTEX_POINT('',#1120);
#1122=CARTESIAN_POINT('',(61.470143794,-12.503777639,-0.2));
#1123=DIRECTION('',(0.,0.,-1.));
#1124=DIRECTION('',(-1.,0.,0.));
#1125=AXIS2_PLACEMENT_3D('',#1122,#1123,#1124);
#1126=CIRCLE('',#1125,4.4);
#1127=EDGE_CURVE('',#1119,#1121,#1126,.T.);
#1128=ORIENTED_EDGE('',*,*,#1127,.T.);
#1129=CARTESIAN_POINT('',(-63.530032468,-16.897579358,-0.2));
#1130=VERTEX_POINT('',#1129);
#1131=CARTESIAN_POINT('',(61.469925615,-16.903777633,-0.2));
#1132=DIRECTION('',(-0.999999999,0.000049586,0.));
#1133=VECTOR('',#1132,124.999958236);
#1134=LINE('',#1131,#1133);
#1135=EDGE_CURVE('',#1121,#1130,#1134,.T.);
#1136=ORIENTED_EDGE('',*,*,#1135,.T.);
#1137=CARTESIAN_POINT('',(-67.929814283,-12.497361185,-0.2));
#1138=VERTEX_POINT('',#1137);
#1139=CARTESIAN_POINT('',(-63.529814289,-12.497579364,-0.2));
#1140=DIRECTION('',(0.,0.,-1.));
#1141=DIRECTION('',(-1.,0.,0.));
#1142=AXIS2_PLACEMENT_3D('',#1139,#1140,#1141);
#1143=CIRCLE('',#1142,4.4);
#1144=EDGE_CURVE('',#1130,#1138,#1143,.T.);
#1145=ORIENTED_EDGE('',*,*,#1144,.T.);
#1146=CARTESIAN_POINT('',(-67.928574628,12.502638785,-0.2));
#1147=VERTEX_POINT('',#1146);
#1148=CARTESIAN_POINT('',(-67.929814283,-12.497361185,-0.2));
#1149=DIRECTION('',(0.000049586,0.999999999,0.));
#1150=VECTOR('',#1149,25.);
#1151=LINE('',#1148,#1150);
#1152=EDGE_CURVE('',#1138,#1147,#1151,.T.);
#1153=ORIENTED_EDGE('',*,*,#1152,.T.);
#1154=CARTESIAN_POINT('',(-63.528356454,16.9024206,-0.2));
#1155=VERTEX_POINT('',#1154);
#1156=CARTESIAN_POINT('',(-63.528574633,12.502420605,-0.2));
#1157=DIRECTION('',(0.,0.,-1.));
#1158=DIRECTION('',(-1.,0.,0.));
#1159=AXIS2_PLACEMENT_3D('',#1156,#1157,#1158);
#1160=CIRCLE('',#1159,4.4);
#1161=EDGE_CURVE('',#1147,#1155,#1160,.T.);
#1162=ORIENTED_EDGE('',*,*,#1161,.T.);
#1163=CARTESIAN_POINT('',(61.471601629,16.896222325,-0.2));
#1164=VERTEX_POINT('',#1163);
#1165=CARTESIAN_POINT('',(-63.528356454,16.9024206,-0.2));
#1166=DIRECTION('',(0.999999999,-0.000049586,0.));
#1167=VECTOR('',#1166,124.999958236);
#1168=LINE('',#1165,#1167);
#1169=EDGE_CURVE('',#1155,#1164,#1168,.T.);
#1170=ORIENTED_EDGE('',*,*,#1169,.T.);
#1171=CARTESIAN_POINT('',(65.871383444,12.496004151,-0.2));
#1172=VERTEX_POINT('',#1171);
#1173=CARTESIAN_POINT('',(61.471383449,12.49622233,-0.2));
#1174=DIRECTION('',(0.,0.,-1.));
#1175=DIRECTION('',(-1.,0.,0.));
#1176=AXIS2_PLACEMENT_3D('',#1173,#1174,#1175);
#1177=CIRCLE('',#1176,4.4);
#1178=EDGE_CURVE('',#1164,#1172,#1177,.T.);
#1179=ORIENTED_EDGE('',*,*,#1178,.T.);
#1180=CARTESIAN_POINT('',(65.871383444,12.496004151,-0.2));
#1181=DIRECTION('',(-0.000049586,-0.999999999,0.));
#1182=VECTOR('',#1181,25.);
#1183=LINE('',#1180,#1182);
#1184=EDGE_CURVE('',#1172,#1119,#1183,.T.);
#1185=ORIENTED_EDGE('',*,*,#1184,.T.);
#1186=EDGE_LOOP('',(#1128,#1136,#1145,#1153,#1162,#1170,#1179,#1185));
#1187=FACE_BOUND('',#1186,.T.);
#1188=CARTESIAN_POINT('',(-67.006877053,-11.89106144,-0.2));
#1189=VERTEX_POINT('',#1188);
#1190=CARTESIAN_POINT('',(-62.956877053,-11.89106144,-0.2));
#1191=DIRECTION('',(0.,0.,-1.));
#1192=DIRECTION('',(-1.,0.,0.));
#1193=AXIS2_PLACEMENT_3D('',#1190,#1191,#1192);
#1194=CIRCLE('',#1193,4.05);
#1195=EDGE_CURVE('',#1189,#1189,#1194,.T.);
#1196=ORIENTED_EDGE('',*,*,#1195,.F.);
#1197=EDGE_LOOP('',(#1196));
#1198=FACE_BOUND('',#1197,.T.);
#1199=CARTESIAN_POINT('',(56.95,12.,-0.2));
#1200=VERTEX_POINT('',#1199);
#1201=CARTESIAN_POINT('',(61.,12.,-0.2));
#1202=DIRECTION('',(0.,0.,-1.));
#1203=DIRECTION('',(-1.,0.,0.));
#1204=AXIS2_PLACEMENT_3D('',#1201,#1202,#1203);
#1205=CIRCLE('',#1204,4.05);
#1206=EDGE_CURVE('',#1200,#1200,#1205,.T.);
#1207=ORIENTED_EDGE('',*,*,#1206,.F.);
#1208=EDGE_LOOP('',(#1207));
#1209=FACE_BOUND('',#1208,.T.);
#1210=CARTESIAN_POINT('',(-67.006877053,11.921033269,-0.2));
#1211=VERTEX_POINT('',#1210);
#1212=CARTESIAN_POINT('',(-62.956877053,11.921033269,-0.2));
#1213=DIRECTION('',(0.,0.,-1.));
#1214=DIRECTION('',(-1.,0.,0.));
#1215=AXIS2_PLACEMENT_3D('',#1212,#1213,#1214);
#1216=CIRCLE('',#1215,4.05);
#1217=EDGE_CURVE('',#1211,#1211,#1216,.T.);
#1218=ORIENTED_EDGE('',*,*,#1217,.F.);
#1219=EDGE_LOOP('',(#1218));
#1220=FACE_BOUND('',#1219,.T.);
#1221=CARTESIAN_POINT('',(56.893122947,-11.978966731,-0.2));
#1222=VERTEX_POINT('',#1221);
#1223=CARTESIAN_POINT('',(60.943122947,-11.978966731,-0.2));
#1224=DIRECTION('',(0.,0.,-1.));
#1225=DIRECTION('',(-1.,0.,0.));
#1226=AXIS2_PLACEMENT_3D('',#1223,#1224,#1225);
#1227=CIRCLE('',#1226,4.05);
#1228=EDGE_CURVE('',#1222,#1222,#1227,.T.);
#1229=ORIENTED_EDGE('',*,*,#1228,.F.);
#1230=EDGE_LOOP('',(#1229));
#1231=FACE_BOUND('',#1230,.T.);
#1232=CARTESIAN_POINT('',(-10.,14.5,-0.2));
#1233=VERTEX_POINT('',#1232);
#1234=CARTESIAN_POINT('',(-25.,14.5,-0.2));
#1235=VERTEX_POINT('',#1234);
#1236=CARTESIAN_POINT('',(-10.,14.5,-0.2));
#1237=DIRECTION('',(-1.,0.,0.));
#1238=VECTOR('',#1237,15.);
#1239=LINE('',#1236,#1238);
#1240=EDGE_CURVE('',#1233,#1235,#1239,.T.);
#1241=ORIENTED_EDGE('',*,*,#1240,.T.);
#1242=CARTESIAN_POINT('',(-25.,-14.5,-0.2));
#1243=VERTEX_POINT('',#1242);
#1244=CARTESIAN_POINT('',(-25.,14.5,-0.2));
#1245=DIRECTION('',(0.,-1.,0.));
#1246=VECTOR('',#1245,29.);
#1247=LINE('',#1244,#1246);
#1248=EDGE_CURVE('',#1235,#1243,#1247,.T.);
#1249=ORIENTED_EDGE('',*,*,#1248,.T.);
#1250=CARTESIAN_POINT('',(-10.,-14.5,-0.2));
#1251=VERTEX_POINT('',#1250);
#1252=CARTESIAN_POINT('',(-25.,-14.5,-0.2));
#1253=DIRECTION('',(1.,0.,-0.));
#1254=VECTOR('',#1253,15.);
#1255=LINE('',#1252,#1254);
#1256=EDGE_CURVE('',#1243,#1251,#1255,.T.);
#1257=ORIENTED_EDGE('',*,*,#1256,.T.);
#1258=CARTESIAN_POINT('',(-10.,-14.5,-0.2));
#1259=DIRECTION('',(0.,1.,0.));
#1260=VECTOR('',#1259,29.);
#1261=LINE('',#1258,#1260);
#1262=EDGE_CURVE('',#1251,#1233,#1261,.T.);
#1263=ORIENTED_EDGE('',*,*,#1262,.T.);
#1264=EDGE_LOOP('',(#1241,#1249,#1257,#1263));
#1265=FACE_BOUND('',#1264,.T.);
#1266=ADVANCED_FACE('',(#1187,#1198,#1209,#1220,#1231,#1265),#1117,.T.);
#1267=CARTESIAN_POINT('',(0.000867723,17.499270427,0.));
#1268=DIRECTION('',(-0.000049586,-0.999999999,0.));
#1269=DIRECTION('',(0.,0.,-1.));
#1270=AXIS2_PLACEMENT_3D('',#1267,#1268,#1269);
#1271=PLANE('',#1270);
#1272=CARTESIAN_POINT('',(-63.528326702,17.502420599,0.4));
#1273=VERTEX_POINT('',#1272);
#1274=CARTESIAN_POINT('',(-63.528326702,17.502420599,8.2));
#1275=VERTEX_POINT('',#1274);
#1276=CARTESIAN_POINT('',(-63.528326702,17.502420599,0.4));
#1277=DIRECTION('',(-0.,-0.,1.));
#1278=VECTOR('',#1277,7.8);
#1279=LINE('',#1276,#1278);
#1280=EDGE_CURVE('',#1273,#1275,#1279,.T.);
#1281=ORIENTED_EDGE('',*,*,#1280,.T.);
#1282=CARTESIAN_POINT('',(61.47163138,17.496222324,8.2));
#1283=VERTEX_POINT('',#1282);
#1284=CARTESIAN_POINT('',(-63.528326702,17.502420599,8.2));
#1285=DIRECTION('',(0.999999999,-0.000049586,0.));
#1286=VECTOR('',#1285,124.999958236);
#1287=LINE('',#1284,#1286);
#1288=EDGE_CURVE('',#1275,#1283,#1287,.T.);
#1289=ORIENTED_EDGE('',*,*,#1288,.T.);
#1290=CARTESIAN_POINT('',(61.47163138,17.496222324,0.4));
#1291=VERTEX_POINT('',#1290);
#1292=CARTESIAN_POINT('',(61.47163138,17.496222324,8.2));
#1293=DIRECTION('',(-0.,-0.,-1.));
#1294=VECTOR('',#1293,7.8);
#1295=LINE('',#1292,#1294);
#1296=EDGE_CURVE('',#1283,#1291,#1295,.T.);
#1297=ORIENTED_EDGE('',*,*,#1296,.T.);
#1298=CARTESIAN_POINT('',(61.47163138,17.496222324,0.4));
#1299=DIRECTION('',(-0.999999999,0.000049586,0.));
#1300=VECTOR('',#1299,124.999958236);
#1301=LINE('',#1298,#1300);
#1302=EDGE_CURVE('',#1291,#1273,#1301,.T.);
#1303=ORIENTED_EDGE('',*,*,#1302,.T.);
#1304=EDGE_LOOP('',(#1281,#1289,#1297,#1303));
#1305=FACE_BOUND('',#1304,.T.);
#1306=ADVANCED_FACE('',(#1305),#1271,.F.);
#1307=CARTESIAN_POINT('',(-0.000867795,-17.50072953,0.));
#1308=DIRECTION('',(-0.000049586,-0.999999999,0.));
#1309=DIRECTION('',(0.,0.,-1.));
#1310=AXIS2_PLACEMENT_3D('',#1307,#1308,#1309);
#1311=PLANE('',#1310);
#1312=CARTESIAN_POINT('',(61.469895863,-17.503777633,0.4));
#1313=VERTEX_POINT('',#1312);
#1314=CARTESIAN_POINT('',(61.469895863,-17.503777633,8.2));
#1315=VERTEX_POINT('',#1314);
#1316=CARTESIAN_POINT('',(61.469895863,-17.503777633,0.4));
#1317=DIRECTION('',(0.,0.,1.));
#1318=VECTOR('',#1317,7.8);
#1319=LINE('',#1316,#1318);
#1320=EDGE_CURVE('',#1313,#1315,#1319,.T.);
#1321=ORIENTED_EDGE('',*,*,#1320,.T.);
#1322=CARTESIAN_POINT('',(-63.53006222,-17.497579358,8.2));
#1323=VERTEX_POINT('',#1322);
#1324=CARTESIAN_POINT('',(61.469895863,-17.503777633,8.2));
#1325=DIRECTION('',(-0.999999999,0.000049586,0.));
#1326=VECTOR('',#1325,124.999958236);
#1327=LINE('',#1324,#1326);
#1328=EDGE_CURVE('',#1315,#1323,#1327,.T.);
#1329=ORIENTED_EDGE('',*,*,#1328,.T.);
#1330=CARTESIAN_POINT('',(-63.53006222,-17.497579358,0.4));
#1331=VERTEX_POINT('',#1330);
#1332=CARTESIAN_POINT('',(-63.53006222,-17.497579358,8.2));
#1333=DIRECTION('',(0.,0.,-1.));
#1334=VECTOR('',#1333,7.8);
#1335=LINE('',#1332,#1334);
#1336=EDGE_CURVE('',#1323,#1331,#1335,.T.);
#1337=ORIENTED_EDGE('',*,*,#1336,.T.);
#1338=CARTESIAN_POINT('',(-63.53006222,-17.497579358,0.4));
#1339=DIRECTION('',(0.999999999,-0.000049586,0.));
#1340=VECTOR('',#1339,124.999958236);
#1341=LINE('',#1338,#1340);
#1342=EDGE_CURVE('',#1331,#1313,#1341,.T.);
#1343=ORIENTED_EDGE('',*,*,#1342,.T.);
#1344=EDGE_LOOP('',(#1321,#1329,#1337,#1343));
#1345=FACE_BOUND('',#1344,.T.);
#1346=ADVANCED_FACE('',(#1345),#1311,.T.);
#1347=CARTESIAN_POINT('',(61.75,0.,2.8));
#1348=DIRECTION('',(-1.,0.,0.));
#1349=DIRECTION('',(0.,0.,1.));
#1350=AXIS2_PLACEMENT_3D('',#1347,#1348,#1349);
#1351=PLANE('',#1350);
#1352=CARTESIAN_POINT('',(61.75,-10.,7.2));
#1353=VERTEX_POINT('',#1352);
#1354=CARTESIAN_POINT('',(61.75,-10.,7.2));
#1355=DIRECTION('',(0.,0.,-1.));
#1356=VECTOR('',#1355,4.4);
#1357=LINE('',#1354,#1356);
#1358=EDGE_CURVE('',#1353,#322,#1357,.T.);
#1359=ORIENTED_EDGE('',*,*,#1358,.F.);
#1360=CARTESIAN_POINT('',(61.75,-10.,7.2));
#1361=DIRECTION('',(0.,-1.,0.));
#1362=VECTOR('',#1361,1.25);
#1363=LINE('',#1360,#1362);
#1364=EDGE_CURVE('',#1353,#545,#1363,.T.);
#1365=ORIENTED_EDGE('',*,*,#1364,.T.);
#1366=ORIENTED_EDGE('',*,*,#567,.T.);
#1367=ORIENTED_EDGE('',*,*,#976,.F.);
#1368=CARTESIAN_POINT('',(61.75,-5.,2.8));
#1369=DIRECTION('',(0.,0.,1.));
#1370=VECTOR('',#1369,6.);
#1371=LINE('',#1368,#1370);
#1372=EDGE_CURVE('',#330,#965,#1371,.T.);
#1373=ORIENTED_EDGE('',*,*,#1372,.F.);
#1374=ORIENTED_EDGE('',*,*,#335,.T.);
#1375=EDGE_LOOP('',(#1359,#1365,#1366,#1367,#1373,#1374));
#1376=FACE_BOUND('',#1375,.T.);
#1377=ADVANCED_FACE('',(#1376),#1351,.T.);
#1378=CARTESIAN_POINT('',(-38.,0.5,1.8));
#1379=DIRECTION('',(-1.,0.,0.));
#1380=DIRECTION('',(0.,0.,1.));
#1381=AXIS2_PLACEMENT_3D('',#1378,#1379,#1380);
#1382=PLANE('',#1381);
#1383=ORIENTED_EDGE('',*,*,#812,.F.);
#1384=CARTESIAN_POINT('',(-38.,7.,0.8));
#1385=VERTEX_POINT('',#1384);
#1386=CARTESIAN_POINT('',(-38.,7.,0.8));
#1387=DIRECTION('',(0.,0.,1.));
#1388=VECTOR('',#1387,2.);
#1389=LINE('',#1386,#1388);
#1390=EDGE_CURVE('',#1385,#799,#1389,.T.);
#1391=ORIENTED_EDGE('',*,*,#1390,.F.);
#1392=CARTESIAN_POINT('',(-38.,-6.,0.8));
#1393=VERTEX_POINT('',#1392);
#1394=CARTESIAN_POINT('',(-38.,7.,0.8));
#1395=DIRECTION('',(0.,-1.,0.));
#1396=VECTOR('',#1395,13.);
#1397=LINE('',#1394,#1396);
#1398=EDGE_CURVE('',#1385,#1393,#1397,.T.);
#1399=ORIENTED_EDGE('',*,*,#1398,.T.);
#1400=CARTESIAN_POINT('',(-38.,-6.,0.8));
#1401=DIRECTION('',(0.,0.,1.));
#1402=VECTOR('',#1401,2.);
#1403=LINE('',#1400,#1402);
#1404=EDGE_CURVE('',#1393,#807,#1403,.T.);
#1405=ORIENTED_EDGE('',*,*,#1404,.T.);
#1406=EDGE_LOOP('',(#1383,#1391,#1399,#1405));
#1407=FACE_BOUND('',#1406,.T.);
#1408=ADVANCED_FACE('',(#1407),#1382,.T.);
#1409=CARTESIAN_POINT('',(-47.,7.,1.8));
#1410=DIRECTION('',(0.,-1.,0.));
#1411=DIRECTION('',(1.,0.,0.));
#1412=AXIS2_PLACEMENT_3D('',#1409,#1410,#1411);
#1413=PLANE('',#1412);
#1414=ORIENTED_EDGE('',*,*,#804,.F.);
#1415=CARTESIAN_POINT('',(-56.,7.,0.8));
#1416=VERTEX_POINT('',#1415);
#1417=CARTESIAN_POINT('',(-56.,7.,0.8));
#1418=DIRECTION('',(0.,0.,1.));
#1419=VECTOR('',#1418,2.);
#1420=LINE('',#1417,#1419);
#1421=EDGE_CURVE('',#1416,#797,#1420,.T.);
#1422=ORIENTED_EDGE('',*,*,#1421,.F.);
#1423=CARTESIAN_POINT('',(-56.,7.,0.8));
#1424=DIRECTION('',(1.,0.,0.));
#1425=VECTOR('',#1424,18.);
#1426=LINE('',#1423,#1425);
#1427=EDGE_CURVE('',#1416,#1385,#1426,.T.);
#1428=ORIENTED_EDGE('',*,*,#1427,.T.);
#1429=ORIENTED_EDGE('',*,*,#1390,.T.);
#1430=EDGE_LOOP('',(#1414,#1422,#1428,#1429));
#1431=FACE_BOUND('',#1430,.T.);
#1432=ADVANCED_FACE('',(#1431),#1413,.T.);
#1433=CARTESIAN_POINT('',(-56.,0.5,1.8));
#1434=DIRECTION('',(1.,0.,0.));
#1435=DIRECTION('',(0.,0.,-1.));
#1436=AXIS2_PLACEMENT_3D('',#1433,#1434,#1435);
#1437=PLANE('',#1436);
#1438=ORIENTED_EDGE('',*,*,#826,.F.);
#1439=CARTESIAN_POINT('',(-56.,-6.,0.8));
#1440=VERTEX_POINT('',#1439);
#1441=CARTESIAN_POINT('',(-56.,-6.,0.8));
#1442=DIRECTION('',(0.,0.,1.));
#1443=VECTOR('',#1442,2.);
#1444=LINE('',#1441,#1443);
#1445=EDGE_CURVE('',#1440,#815,#1444,.T.);
#1446=ORIENTED_EDGE('',*,*,#1445,.F.);
#1447=CARTESIAN_POINT('',(-56.,-6.,0.8));
#1448=DIRECTION('',(0.,1.,0.));
#1449=VECTOR('',#1448,13.);
#1450=LINE('',#1447,#1449);
#1451=EDGE_CURVE('',#1440,#1416,#1450,.T.);
#1452=ORIENTED_EDGE('',*,*,#1451,.T.);
#1453=ORIENTED_EDGE('',*,*,#1421,.T.);
#1454=EDGE_LOOP('',(#1438,#1446,#1452,#1453));
#1455=FACE_BOUND('',#1454,.T.);
#1456=ADVANCED_FACE('',(#1455),#1437,.T.);
#1457=CARTESIAN_POINT('',(-47.,-6.,1.8));
#1458=DIRECTION('',(0.,1.,0.));
#1459=DIRECTION('',(0.,0.,1.));
#1460=AXIS2_PLACEMENT_3D('',#1457,#1458,#1459);
#1461=PLANE('',#1460);
#1462=ORIENTED_EDGE('',*,*,#820,.F.);
#1463=ORIENTED_EDGE('',*,*,#1404,.F.);
#1464=CARTESIAN_POINT('',(-38.,-6.,0.8));
#1465=DIRECTION('',(-1.,0.,0.));
#1466=VECTOR('',#1465,18.);
#1467=LINE('',#1464,#1466);
#1468=EDGE_CURVE('',#1393,#1440,#1467,.T.);
#1469=ORIENTED_EDGE('',*,*,#1468,.T.);
#1470=ORIENTED_EDGE('',*,*,#1445,.T.);
#1471=EDGE_LOOP('',(#1462,#1463,#1469,#1470));
#1472=FACE_BOUND('',#1471,.T.);
#1473=ADVANCED_FACE('',(#1472),#1461,.T.);
#1474=CARTESIAN_POINT('',(0.,0.,0.8));
#1475=DIRECTION('',(0.,0.,1.));
#1476=DIRECTION('',(1.,0.,0.));
#1477=AXIS2_PLACEMENT_3D('',#1474,#1475,#1476);
#1478=PLANE('',#1477);
#1479=ORIENTED_EDGE('',*,*,#1398,.F.);
#1480=ORIENTED_EDGE('',*,*,#1427,.F.);
#1481=ORIENTED_EDGE('',*,*,#1451,.F.);
#1482=ORIENTED_EDGE('',*,*,#1468,.F.);
#1483=EDGE_LOOP('',(#1479,#1480,#1481,#1482));
#1484=FACE_BOUND('',#1483,.T.);
#1485=ADVANCED_FACE('',(#1484),#1478,.T.);
#1486=CARTESIAN_POINT('',(30.,0.,1.8));
#1487=DIRECTION('',(-1.,0.,0.));
#1488=DIRECTION('',(0.,0.,1.));
#1489=AXIS2_PLACEMENT_3D('',#1486,#1487,#1488);
#1490=PLANE('',#1489);
#1491=ORIENTED_EDGE('',*,*,#319,.F.);
#1492=CARTESIAN_POINT('',(30.,10.,7.2));
#1493=VERTEX_POINT('',#1492);
#1494=CARTESIAN_POINT('',(30.,10.,7.2));
#1495=DIRECTION('',(0.,0.,-1.));
#1496=VECTOR('',#1495,4.4);
#1497=LINE('',#1494,#1496);
#1498=EDGE_CURVE('',#1493,#306,#1497,.T.);
#1499=ORIENTED_EDGE('',*,*,#1498,.F.);
#1500=CARTESIAN_POINT('',(30.,12.75,7.2));
#1501=DIRECTION('',(0.,-1.,0.));
#1502=VECTOR('',#1501,2.75);
#1503=LINE('',#1500,#1502);
#1504=EDGE_CURVE('',#371,#1493,#1503,.T.);
#1505=ORIENTED_EDGE('',*,*,#1504,.F.);
#1506=ORIENTED_EDGE('',*,*,#376,.F.);
#1507=ORIENTED_EDGE('',*,*,#1034,.F.);
#1508=CARTESIAN_POINT('',(30.,16.,0.8));
#1509=VERTEX_POINT('',#1508);
#1510=CARTESIAN_POINT('',(30.,16.,0.8));
#1511=DIRECTION('',(0.,0.,1.));
#1512=VECTOR('',#1511,8.);
#1513=LINE('',#1510,#1512);
#1514=EDGE_CURVE('',#1509,#1023,#1513,.T.);
#1515=ORIENTED_EDGE('',*,*,#1514,.F.);
#1516=CARTESIAN_POINT('',(30.,-16.,0.8));
#1517=VERTEX_POINT('',#1516);
#1518=CARTESIAN_POINT('',(30.,16.,0.8));
#1519=DIRECTION('',(0.,-1.,0.));
#1520=VECTOR('',#1519,32.);
#1521=LINE('',#1518,#1520);
#1522=EDGE_CURVE('',#1509,#1517,#1521,.T.);
#1523=ORIENTED_EDGE('',*,*,#1522,.T.);
#1524=CARTESIAN_POINT('',(30.,-16.,0.8));
#1525=DIRECTION('',(0.,0.,1.));
#1526=VECTOR('',#1525,8.);
#1527=LINE('',#1524,#1526);
#1528=EDGE_CURVE('',#1517,#981,#1527,.T.);
#1529=ORIENTED_EDGE('',*,*,#1528,.T.);
#1530=ORIENTED_EDGE('',*,*,#986,.F.);
#1531=ORIENTED_EDGE('',*,*,#488,.F.);
#1532=CARTESIAN_POINT('',(30.,-10.,7.2));
#1533=VERTEX_POINT('',#1532);
#1534=CARTESIAN_POINT('',(30.,-12.75,7.2));
#1535=DIRECTION('',(0.,1.,0.));
#1536=VECTOR('',#1535,2.75);
#1537=LINE('',#1534,#1536);
#1538=EDGE_CURVE('',#475,#1533,#1537,.T.);
#1539=ORIENTED_EDGE('',*,*,#1538,.T.);
#1540=CARTESIAN_POINT('',(30.,-10.,7.2));
#1541=DIRECTION('',(0.,0.,-1.));
#1542=VECTOR('',#1541,4.4);
#1543=LINE('',#1540,#1542);
#1544=EDGE_CURVE('',#1533,#314,#1543,.T.);
#1545=ORIENTED_EDGE('',*,*,#1544,.T.);
#1546=EDGE_LOOP('',(#1491,#1499,#1505,#1506,#1507,#1515,#1523,#1529,#1530,#1531,#1539,#1545));
#1547=FACE_BOUND('',#1546,.T.);
#1548=ADVANCED_FACE('',(#1547),#1490,.T.);
#1549=CARTESIAN_POINT('',(18.,16.,1.8));
#1550=DIRECTION('',(0.,-1.,0.));
#1551=DIRECTION('',(0.,0.,-1.));
#1552=AXIS2_PLACEMENT_3D('',#1549,#1550,#1551);
#1553=PLANE('',#1552);
#1554=ORIENTED_EDGE('',*,*,#1028,.F.);
#1555=CARTESIAN_POINT('',(4.915384615,16.,8.8));
#1556=DIRECTION('',(-0.,-0.,-1.));
#1557=VECTOR('',#1556,6.);
#1558=LINE('',#1555,#1557);
#1559=EDGE_CURVE('',#1015,#746,#1558,.T.);
#1560=ORIENTED_EDGE('',*,*,#1559,.T.);
#1561=ORIENTED_EDGE('',*,*,#751,.F.);
#1562=CARTESIAN_POINT('',(6.,16.,0.8));
#1563=VERTEX_POINT('',#1562);
#1564=CARTESIAN_POINT('',(6.,16.,0.8));
#1565=DIRECTION('',(0.,0.,1.));
#1566=VECTOR('',#1565,2.);
#1567=LINE('',#1564,#1566);
#1568=EDGE_CURVE('',#1563,#738,#1567,.T.);
#1569=ORIENTED_EDGE('',*,*,#1568,.F.);
#1570=CARTESIAN_POINT('',(6.,16.,0.8));
#1571=DIRECTION('',(1.,0.,-0.));
#1572=VECTOR('',#1571,24.);
#1573=LINE('',#1570,#1572);
#1574=EDGE_CURVE('',#1563,#1509,#1573,.T.);
#1575=ORIENTED_EDGE('',*,*,#1574,.T.);
#1576=ORIENTED_EDGE('',*,*,#1514,.T.);
#1577=EDGE_LOOP('',(#1554,#1560,#1561,#1569,#1575,#1576));
#1578=FACE_BOUND('',#1577,.T.);
#1579=ADVANCED_FACE('',(#1578),#1553,.T.);
#1580=CARTESIAN_POINT('',(6.,0.,1.8));
#1581=DIRECTION('',(1.,0.,0.));
#1582=DIRECTION('',(-0.,1.,0.));
#1583=AXIS2_PLACEMENT_3D('',#1580,#1581,#1582);
#1584=PLANE('',#1583);
#1585=ORIENTED_EDGE('',*,*,#1568,.T.);
#1586=ORIENTED_EDGE('',*,*,#743,.F.);
#1587=ORIENTED_EDGE('',*,*,#1067,.F.);
#1588=ORIENTED_EDGE('',*,*,#1002,.F.);
#1589=CARTESIAN_POINT('',(6.,-16.,0.8));
#1590=VERTEX_POINT('',#1589);
#1591=CARTESIAN_POINT('',(6.,-16.,0.8));
#1592=DIRECTION('',(0.,0.,1.));
#1593=VECTOR('',#1592,8.);
#1594=LINE('',#1591,#1593);
#1595=EDGE_CURVE('',#1590,#989,#1594,.T.);
#1596=ORIENTED_EDGE('',*,*,#1595,.F.);
#1597=CARTESIAN_POINT('',(6.,-16.,0.8));
#1598=DIRECTION('',(-0.,1.,0.));
#1599=VECTOR('',#1598,32.);
#1600=LINE('',#1597,#1599);
#1601=EDGE_CURVE('',#1590,#1563,#1600,.T.);
#1602=ORIENTED_EDGE('',*,*,#1601,.T.);
#1603=EDGE_LOOP('',(#1585,#1586,#1587,#1588,#1596,#1602));
#1604=FACE_BOUND('',#1603,.T.);
#1605=ADVANCED_FACE('',(#1604),#1584,.T.);
#1606=CARTESIAN_POINT('',(18.,-16.,1.8));
#1607=DIRECTION('',(0.,1.,0.));
#1608=DIRECTION('',(0.,0.,1.));
#1609=AXIS2_PLACEMENT_3D('',#1606,#1607,#1608);
#1610=PLANE('',#1609);
#1611=ORIENTED_EDGE('',*,*,#994,.F.);
#1612=ORIENTED_EDGE('',*,*,#1528,.F.);
#1613=CARTESIAN_POINT('',(30.,-16.,0.8));
#1614=DIRECTION('',(-1.,0.,0.));
#1615=VECTOR('',#1614,24.);
#1616=LINE('',#1613,#1615);
#1617=EDGE_CURVE('',#1517,#1590,#1616,.T.);
#1618=ORIENTED_EDGE('',*,*,#1617,.T.);
#1619=ORIENTED_EDGE('',*,*,#1595,.T.);
#1620=EDGE_LOOP('',(#1611,#1612,#1618,#1619));
#1621=FACE_BOUND('',#1620,.T.);
#1622=ADVANCED_FACE('',(#1621),#1610,.T.);
#1623=CARTESIAN_POINT('',(0.,0.,0.8));
#1624=DIRECTION('',(0.,0.,1.));
#1625=DIRECTION('',(1.,0.,0.));
#1626=AXIS2_PLACEMENT_3D('',#1623,#1624,#1625);
#1627=PLANE('',#1626);
#1628=ORIENTED_EDGE('',*,*,#1522,.F.);
#1629=ORIENTED_EDGE('',*,*,#1574,.F.);
#1630=ORIENTED_EDGE('',*,*,#1601,.F.);
#1631=ORIENTED_EDGE('',*,*,#1617,.F.);
#1632=EDGE_LOOP('',(#1628,#1629,#1630,#1631));
#1633=FACE_BOUND('',#1632,.T.);
#1634=ADVANCED_FACE('',(#1633),#1627,.T.);
#1635=CARTESIAN_POINT('',(61.471383449,12.49622233,4.8));
#1636=DIRECTION('',(0.,0.,-1.));
#1637=DIRECTION('',(-1.,0.,0.));
#1638=AXIS2_PLACEMENT_3D('',#1635,#1636,#1637);
#1639=CYLINDRICAL_SURFACE('',#1638,5.);
#1640=ORIENTED_EDGE('',*,*,#1296,.F.);
#1641=CARTESIAN_POINT('',(61.471383449,12.49622233,8.2));
#1642=DIRECTION('',(-0.,-0.,-1.));
#1643=DIRECTION('',(1.,0.,-0.));
#1644=AXIS2_PLACEMENT_3D('',#1641,#1642,#1643);
#1645=CIRCLE('',#1644,5.);
#1646=EDGE_CURVE('',#1283,#661,#1645,.T.);
#1647=ORIENTED_EDGE('',*,*,#1646,.T.);
#1648=ORIENTED_EDGE('',*,*,#666,.F.);
#1649=CARTESIAN_POINT('',(61.471383449,12.49622233,0.4));
#1650=DIRECTION('',(-0.,-0.,1.));
#1651=DIRECTION('',(-1.,0.,0.));
#1652=AXIS2_PLACEMENT_3D('',#1649,#1650,#1651);
#1653=CIRCLE('',#1652,5.);
#1654=EDGE_CURVE('',#659,#1291,#1653,.T.);
#1655=ORIENTED_EDGE('',*,*,#1654,.T.);
#1656=EDGE_LOOP('',(#1640,#1647,#1648,#1655));
#1657=FACE_BOUND('',#1656,.T.);
#1658=ADVANCED_FACE('',(#1657),#1639,.T.);
#1659=CARTESIAN_POINT('',(61.470143794,-12.503777639,0.));
#1660=DIRECTION('',(0.,0.,1.));
#1661=DIRECTION('',(1.,0.,-0.));
#1662=AXIS2_PLACEMENT_3D('',#1659,#1660,#1661);
#1663=CYLINDRICAL_SURFACE('',#1662,5.);
#1664=ORIENTED_EDGE('',*,*,#705,.F.);
#1665=CARTESIAN_POINT('',(61.470143794,-12.503777639,8.2));
#1666=DIRECTION('',(-0.,-0.,-1.));
#1667=DIRECTION('',(1.,0.,-0.));
#1668=AXIS2_PLACEMENT_3D('',#1665,#1666,#1667);
#1669=CIRCLE('',#1668,5.);
#1670=EDGE_CURVE('',#692,#1315,#1669,.T.);
#1671=ORIENTED_EDGE('',*,*,#1670,.T.);
#1672=ORIENTED_EDGE('',*,*,#1320,.F.);
#1673=CARTESIAN_POINT('',(61.470143794,-12.503777639,0.4));
#1674=DIRECTION('',(-0.,-0.,1.));
#1675=DIRECTION('',(-1.,0.,0.));
#1676=AXIS2_PLACEMENT_3D('',#1673,#1674,#1675);
#1677=CIRCLE('',#1676,5.);
#1678=EDGE_CURVE('',#1313,#700,#1677,.T.);
#1679=ORIENTED_EDGE('',*,*,#1678,.T.);
#1680=EDGE_LOOP('',(#1664,#1671,#1672,#1679));
#1681=FACE_BOUND('',#1680,.T.);
#1682=ADVANCED_FACE('',(#1681),#1663,.T.);
#1683=CARTESIAN_POINT('',(-63.528574633,12.502420605,4.8));
#1684=DIRECTION('',(0.,0.,1.));
#1685=DIRECTION('',(1.,0.,-0.));
#1686=AXIS2_PLACEMENT_3D('',#1683,#1684,#1685);
#1687=CYLINDRICAL_SURFACE('',#1686,5.);
#1688=ORIENTED_EDGE('',*,*,#1102,.F.);
#1689=CARTESIAN_POINT('',(-63.528574633,12.502420605,8.2));
#1690=DIRECTION('',(-0.,-0.,-1.));
#1691=DIRECTION('',(1.,0.,-0.));
#1692=AXIS2_PLACEMENT_3D('',#1689,#1690,#1691);
#1693=CIRCLE('',#1692,5.);
#1694=EDGE_CURVE('',#1089,#1275,#1693,.T.);
#1695=ORIENTED_EDGE('',*,*,#1694,.T.);
#1696=ORIENTED_EDGE('',*,*,#1280,.F.);
#1697=CARTESIAN_POINT('',(-63.528574633,12.502420605,0.4));
#1698=DIRECTION('',(-0.,-0.,1.));
#1699=DIRECTION('',(-1.,0.,0.));
#1700=AXIS2_PLACEMENT_3D('',#1697,#1698,#1699);
#1701=CIRCLE('',#1700,5.);
#1702=EDGE_CURVE('',#1273,#1097,#1701,.T.);
#1703=ORIENTED_EDGE('',*,*,#1702,.T.);
#1704=EDGE_LOOP('',(#1688,#1695,#1696,#1703));
#1705=FACE_BOUND('',#1704,.T.);
#1706=ADVANCED_FACE('',(#1705),#1687,.T.);
#1707=CARTESIAN_POINT('',(-63.529814289,-12.497579364,0.));
#1708=DIRECTION('',(0.,0.,-1.));
#1709=DIRECTION('',(-1.,0.,0.));
#1710=AXIS2_PLACEMENT_3D('',#1707,#1708,#1709);
#1711=CYLINDRICAL_SURFACE('',#1710,5.);
#1712=ORIENTED_EDGE('',*,*,#1336,.F.);
#1713=CARTESIAN_POINT('',(-63.529814289,-12.497579364,8.2));
#1714=DIRECTION('',(-0.,-0.,-1.));
#1715=DIRECTION('',(1.,0.,-0.));
#1716=AXIS2_PLACEMENT_3D('',#1713,#1714,#1715);
#1717=CIRCLE('',#1716,5.);
#1718=EDGE_CURVE('',#1323,#1081,#1717,.T.);
#1719=ORIENTED_EDGE('',*,*,#1718,.T.);
#1720=ORIENTED_EDGE('',*,*,#1086,.F.);
#1721=CARTESIAN_POINT('',(-63.529814289,-12.497579364,0.4));
#1722=DIRECTION('',(-0.,-0.,1.));
#1723=DIRECTION('',(-1.,0.,0.));
#1724=AXIS2_PLACEMENT_3D('',#1721,#1722,#1723);
#1725=CIRCLE('',#1724,5.);
#1726=EDGE_CURVE('',#1079,#1331,#1725,.T.);
#1727=ORIENTED_EDGE('',*,*,#1726,.T.);
#1728=EDGE_LOOP('',(#1712,#1719,#1720,#1727));
#1729=FACE_BOUND('',#1728,.T.);
#1730=ADVANCED_FACE('',(#1729),#1711,.T.);
#1731=CARTESIAN_POINT('',(64.235460958,3.188413469,2.8));
#1732=DIRECTION('',(-0.,1.,0.));
#1733=DIRECTION('',(-1.,-0.,0.));
#1734=AXIS2_PLACEMENT_3D('',#1731,#1732,#1733);
#1735=PLANE('',#1734);
#1736=ORIENTED_EDGE('',*,*,#680,.T.);
#1737=CARTESIAN_POINT('',(66.470921917,3.188413469,8.2));
#1738=DIRECTION('',(-0.707106782,-0.,0.707106781));
#1739=VECTOR('',#1738,0.848528138);
#1740=LINE('',#1737,#1739);
#1741=EDGE_CURVE('',#669,#881,#1740,.T.);
#1742=ORIENTED_EDGE('',*,*,#1741,.T.);
#1743=ORIENTED_EDGE('',*,*,#886,.T.);
#1744=ORIENTED_EDGE('',*,*,#289,.F.);
#1745=ORIENTED_EDGE('',*,*,#357,.F.);
#1746=EDGE_LOOP('',(#1736,#1742,#1743,#1744,#1745));
#1747=FACE_BOUND('',#1746,.T.);
#1748=ADVANCED_FACE('',(#1747),#1735,.F.);
#1749=CARTESIAN_POINT('',(64.235460958,-5.,2.8));
#1750=DIRECTION('',(0.,-1.,0.));
#1751=DIRECTION('',(0.,0.,-1.));
#1752=AXIS2_PLACEMENT_3D('',#1749,#1750,#1751);
#1753=PLANE('',#1752);
#1754=ORIENTED_EDGE('',*,*,#970,.T.);
#1755=CARTESIAN_POINT('',(65.870515883,-5.,8.8));
#1756=DIRECTION('',(0.707106782,-0.,-0.707106781));
#1757=VECTOR('',#1756,0.848528138);
#1758=LINE('',#1755,#1757);
#1759=EDGE_CURVE('',#957,#684,#1758,.T.);
#1760=ORIENTED_EDGE('',*,*,#1759,.T.);
#1761=ORIENTED_EDGE('',*,*,#689,.F.);
#1762=ORIENTED_EDGE('',*,*,#343,.F.);
#1763=ORIENTED_EDGE('',*,*,#1372,.T.);
#1764=EDGE_LOOP('',(#1754,#1760,#1761,#1762,#1763));
#1765=FACE_BOUND('',#1764,.T.);
#1766=ADVANCED_FACE('',(#1765),#1753,.F.);
#1767=CARTESIAN_POINT('',(1.3,14.,2.8));
#1768=DIRECTION('',(-0.484061385,0.875034042,0.));
#1769=DIRECTION('',(0.,0.,1.));
#1770=AXIS2_PLACEMENT_3D('',#1767,#1768,#1769);
#1771=PLANE('',#1770);
#1772=ORIENTED_EDGE('',*,*,#757,.F.);
#1773=ORIENTED_EDGE('',*,*,#1559,.F.);
#1774=ORIENTED_EDGE('',*,*,#1020,.F.);
#1775=ORIENTED_EDGE('',*,*,#448,.F.);
#1776=EDGE_LOOP('',(#1772,#1773,#1774,#1775));
#1777=FACE_BOUND('',#1776,.T.);
#1778=ADVANCED_FACE('',(#1777),#1771,.F.);
#1779=CARTESIAN_POINT('',(-13.,0.,2.8));
#1780=DIRECTION('',(-0.707106781,0.,-0.707106781));
#1781=DIRECTION('',(0.,1.,0.));
#1782=AXIS2_PLACEMENT_3D('',#1779,#1780,#1781);
#1783=PLANE('',#1782);
#1784=CARTESIAN_POINT('',(-10.,14.5,-0.2));
#1785=DIRECTION('',(-0.577350269,-0.577350269,0.577350269));
#1786=VECTOR('',#1785,5.196152423);
#1787=LINE('',#1784,#1786);
#1788=EDGE_CURVE('',#1233,#781,#1787,.T.);
#1789=ORIENTED_EDGE('',*,*,#1788,.F.);
#1790=ORIENTED_EDGE('',*,*,#1262,.F.);
#1791=CARTESIAN_POINT('',(-13.,-11.5,2.8));
#1792=DIRECTION('',(0.577350269,-0.577350269,-0.577350269));
#1793=VECTOR('',#1792,5.196152423);
#1794=LINE('',#1791,#1793);
#1795=EDGE_CURVE('',#765,#1251,#1794,.T.);
#1796=ORIENTED_EDGE('',*,*,#1795,.F.);
#1797=ORIENTED_EDGE('',*,*,#792,.T.);
#1798=EDGE_LOOP('',(#1789,#1790,#1796,#1797));
#1799=FACE_BOUND('',#1798,.T.);
#1800=ADVANCED_FACE('',(#1799),#1783,.T.);
#1801=CARTESIAN_POINT('',(-17.5,-11.5,2.8));
#1802=DIRECTION('',(0.,0.707106781,-0.707106781));
#1803=DIRECTION('',(1.,0.,0.));
#1804=AXIS2_PLACEMENT_3D('',#1801,#1802,#1803);
#1805=PLANE('',#1804);
#1806=ORIENTED_EDGE('',*,*,#1795,.T.);
#1807=ORIENTED_EDGE('',*,*,#1256,.F.);
#1808=CARTESIAN_POINT('',(-22.,-11.5,2.8));
#1809=DIRECTION('',(-0.577350269,-0.577350269,-0.577350269));
#1810=VECTOR('',#1809,5.196152423);
#1811=LINE('',#1808,#1810);
#1812=EDGE_CURVE('',#763,#1243,#1811,.T.);
#1813=ORIENTED_EDGE('',*,*,#1812,.F.);
#1814=ORIENTED_EDGE('',*,*,#770,.T.);
#1815=EDGE_LOOP('',(#1806,#1807,#1813,#1814));
#1816=FACE_BOUND('',#1815,.T.);
#1817=ADVANCED_FACE('',(#1816),#1805,.T.);
#1818=CARTESIAN_POINT('',(-17.5,11.5,2.8));
#1819=DIRECTION('',(0.,-0.707106781,-0.707106781));
#1820=DIRECTION('',(-1.,0.,0.));
#1821=AXIS2_PLACEMENT_3D('',#1818,#1819,#1820);
#1822=PLANE('',#1821);
#1823=ORIENTED_EDGE('',*,*,#1788,.T.);
#1824=ORIENTED_EDGE('',*,*,#786,.T.);
#1825=CARTESIAN_POINT('',(-25.,14.5,-0.2));
#1826=DIRECTION('',(0.577350269,-0.577350269,0.577350269));
#1827=VECTOR('',#1826,5.196152423);
#1828=LINE('',#1825,#1827);
#1829=EDGE_CURVE('',#1235,#773,#1828,.T.);
#1830=ORIENTED_EDGE('',*,*,#1829,.F.);
#1831=ORIENTED_EDGE('',*,*,#1240,.F.);
#1832=EDGE_LOOP('',(#1823,#1824,#1830,#1831));
#1833=FACE_BOUND('',#1832,.T.);
#1834=ADVANCED_FACE('',(#1833),#1822,.T.);
#1835=CARTESIAN_POINT('',(-22.,0.,2.8));
#1836=DIRECTION('',(0.707106781,0.,-0.707106781));
#1837=DIRECTION('',(0.,-1.,0.));
#1838=AXIS2_PLACEMENT_3D('',#1835,#1836,#1837);
#1839=PLANE('',#1838);
#1840=ORIENTED_EDGE('',*,*,#1812,.T.);
#1841=ORIENTED_EDGE('',*,*,#1248,.F.);
#1842=ORIENTED_EDGE('',*,*,#1829,.T.);
#1843=ORIENTED_EDGE('',*,*,#778,.T.);
#1844=EDGE_LOOP('',(#1840,#1841,#1842,#1843));
#1845=FACE_BOUND('',#1844,.T.);
#1846=ADVANCED_FACE('',(#1845),#1839,.T.);
#1847=CARTESIAN_POINT('',(60.943122947,-11.978966731,0.8));
#1848=DIRECTION('',(0.,0.,-1.));
#1849=DIRECTION('',(-1.,0.,0.));
#1850=AXIS2_PLACEMENT_3D('',#1847,#1848,#1849);
#1851=CYLINDRICAL_SURFACE('',#1850,4.05);
#1852=CARTESIAN_POINT('',(56.893122947,-11.978966731,0.8));
#1853=VERTEX_POINT('',#1852);
#1854=CARTESIAN_POINT('',(56.893122947,-11.978966731,-0.2));
#1855=DIRECTION('',(-0.,-0.,1.));
#1856=VECTOR('',#1855,1.);
#1857=LINE('',#1854,#1856);
#1858=EDGE_CURVE('',#1222,#1853,#1857,.T.);
#1859=ORIENTED_EDGE('',*,*,#1858,.F.);
#1860=ORIENTED_EDGE('',*,*,#1228,.T.);
#1861=ORIENTED_EDGE('',*,*,#1858,.T.);
#1862=CARTESIAN_POINT('',(60.943122947,-11.978966731,0.8));
#1863=DIRECTION('',(0.,0.,-1.));
#1864=DIRECTION('',(-1.,0.,0.));
#1865=AXIS2_PLACEMENT_3D('',#1862,#1863,#1864);
#1866=CIRCLE('',#1865,4.05);
#1867=EDGE_CURVE('',#1853,#1853,#1866,.T.);
#1868=ORIENTED_EDGE('',*,*,#1867,.F.);
#1869=EDGE_LOOP('',(#1859,#1860,#1861,#1868));
#1870=FACE_BOUND('',#1869,.T.);
#1871=ADVANCED_FACE('',(#1870),#1851,.F.);
#1872=CARTESIAN_POINT('',(0.,0.,0.8));
#1873=DIRECTION('',(0.,0.,-1.));
#1874=DIRECTION('',(-1.,0.,0.));
#1875=AXIS2_PLACEMENT_3D('',#1872,#1873,#1874);
#1876=PLANE('',#1875);
#1877=ORIENTED_EDGE('',*,*,#1867,.T.);
#1878=EDGE_LOOP('',(#1877));
#1879=FACE_BOUND('',#1878,.T.);
#1880=ADVANCED_FACE('',(#1879),#1876,.T.);
#1881=CARTESIAN_POINT('',(-62.956877053,11.921033269,0.8));
#1882=DIRECTION('',(0.,0.,-1.));
#1883=DIRECTION('',(-1.,0.,0.));
#1884=AXIS2_PLACEMENT_3D('',#1881,#1882,#1883);
#1885=CYLINDRICAL_SURFACE('',#1884,4.05);
#1886=CARTESIAN_POINT('',(-67.006877053,11.921033269,0.8));
#1887=VERTEX_POINT('',#1886);
#1888=CARTESIAN_POINT('',(-67.006877053,11.921033269,-0.2));
#1889=DIRECTION('',(-0.,-0.,1.));
#1890=VECTOR('',#1889,1.);
#1891=LINE('',#1888,#1890);
#1892=EDGE_CURVE('',#1211,#1887,#1891,.T.);
#1893=ORIENTED_EDGE('',*,*,#1892,.F.);
#1894=ORIENTED_EDGE('',*,*,#1217,.T.);
#1895=ORIENTED_EDGE('',*,*,#1892,.T.);
#1896=CARTESIAN_POINT('',(-62.956877053,11.921033269,0.8));
#1897=DIRECTION('',(0.,0.,-1.));
#1898=DIRECTION('',(-1.,0.,0.));
#1899=AXIS2_PLACEMENT_3D('',#1896,#1897,#1898);
#1900=CIRCLE('',#1899,4.05);
#1901=EDGE_CURVE('',#1887,#1887,#1900,.T.);
#1902=ORIENTED_EDGE('',*,*,#1901,.F.);
#1903=EDGE_LOOP('',(#1893,#1894,#1895,#1902));
#1904=FACE_BOUND('',#1903,.T.);
#1905=ADVANCED_FACE('',(#1904),#1885,.F.);
#1906=CARTESIAN_POINT('',(0.,0.,0.8));
#1907=DIRECTION('',(0.,0.,-1.));
#1908=DIRECTION('',(-1.,0.,0.));
#1909=AXIS2_PLACEMENT_3D('',#1906,#1907,#1908);
#1910=PLANE('',#1909);
#1911=ORIENTED_EDGE('',*,*,#1901,.T.);
#1912=EDGE_LOOP('',(#1911));
#1913=FACE_BOUND('',#1912,.T.);
#1914=ADVANCED_FACE('',(#1913),#1910,.T.);
#1915=CARTESIAN_POINT('',(61.,12.,0.8));
#1916=DIRECTION('',(0.,0.,-1.));
#1917=DIRECTION('',(-1.,0.,0.));
#1918=AXIS2_PLACEMENT_3D('',#1915,#1916,#1917);
#1919=CYLINDRICAL_SURFACE('',#1918,4.05);
#1920=CARTESIAN_POINT('',(56.95,12.,0.8));
#1921=VERTEX_POINT('',#1920);
#1922=CARTESIAN_POINT('',(56.95,12.,-0.2));
#1923=DIRECTION('',(-0.,-0.,1.));
#1924=VECTOR('',#1923,1.);
#1925=LINE('',#1922,#1924);
#1926=EDGE_CURVE('',#1200,#1921,#1925,.T.);
#1927=ORIENTED_EDGE('',*,*,#1926,.F.);
#1928=ORIENTED_EDGE('',*,*,#1206,.T.);
#1929=ORIENTED_EDGE('',*,*,#1926,.T.);
#1930=CARTESIAN_POINT('',(61.,12.,0.8));
#1931=DIRECTION('',(0.,0.,-1.));
#1932=DIRECTION('',(-1.,0.,0.));
#1933=AXIS2_PLACEMENT_3D('',#1930,#1931,#1932);
#1934=CIRCLE('',#1933,4.05);
#1935=EDGE_CURVE('',#1921,#1921,#1934,.T.);
#1936=ORIENTED_EDGE('',*,*,#1935,.F.);
#1937=EDGE_LOOP('',(#1927,#1928,#1929,#1936));
#1938=FACE_BOUND('',#1937,.T.);
#1939=ADVANCED_FACE('',(#1938),#1919,.F.);
#1940=CARTESIAN_POINT('',(0.,0.,0.8));
#1941=DIRECTION('',(0.,0.,-1.));
#1942=DIRECTION('',(-1.,0.,0.));
#1943=AXIS2_PLACEMENT_3D('',#1940,#1941,#1942);
#1944=PLANE('',#1943);
#1945=ORIENTED_EDGE('',*,*,#1935,.T.);
#1946=EDGE_LOOP('',(#1945));
#1947=FACE_BOUND('',#1946,.T.);
#1948=ADVANCED_FACE('',(#1947),#1944,.T.);
#1949=CARTESIAN_POINT('',(-62.956877053,-11.89106144,0.8));
#1950=DIRECTION('',(0.,0.,-1.));
#1951=DIRECTION('',(-1.,0.,0.));
#1952=AXIS2_PLACEMENT_3D('',#1949,#1950,#1951);
#1953=CYLINDRICAL_SURFACE('',#1952,4.05);
#1954=CARTESIAN_POINT('',(-67.006877053,-11.89106144,0.8));
#1955=VERTEX_POINT('',#1954);
#1956=CARTESIAN_POINT('',(-67.006877053,-11.89106144,-0.2));
#1957=DIRECTION('',(-0.,-0.,1.));
#1958=VECTOR('',#1957,1.);
#1959=LINE('',#1956,#1958);
#1960=EDGE_CURVE('',#1189,#1955,#1959,.T.);
#1961=ORIENTED_EDGE('',*,*,#1960,.F.);
#1962=ORIENTED_EDGE('',*,*,#1195,.T.);
#1963=ORIENTED_EDGE('',*,*,#1960,.T.);
#1964=CARTESIAN_POINT('',(-62.956877053,-11.89106144,0.8));
#1965=DIRECTION('',(0.,0.,-1.));
#1966=DIRECTION('',(-1.,0.,0.));
#1967=AXIS2_PLACEMENT_3D('',#1964,#1965,#1966);
#1968=CIRCLE('',#1967,4.05);
#1969=EDGE_CURVE('',#1955,#1955,#1968,.T.);
#1970=ORIENTED_EDGE('',*,*,#1969,.F.);
#1971=EDGE_LOOP('',(#1961,#1962,#1963,#1970));
#1972=FACE_BOUND('',#1971,.T.);
#1973=ADVANCED_FACE('',(#1972),#1953,.F.);
#1974=CARTESIAN_POINT('',(0.,0.,0.8));
#1975=DIRECTION('',(0.,0.,-1.));
#1976=DIRECTION('',(-1.,0.,0.));
#1977=AXIS2_PLACEMENT_3D('',#1974,#1975,#1976);
#1978=PLANE('',#1977);
#1979=ORIENTED_EDGE('',*,*,#1969,.T.);
#1980=EDGE_LOOP('',(#1979));
#1981=FACE_BOUND('',#1980,.T.);
#1982=ADVANCED_FACE('',(#1981),#1978,.T.);
#1983=CARTESIAN_POINT('',(-2.528377411,16.899395842,-0.2));
#1984=DIRECTION('',(0.000035063,0.70710678,-0.707106781));
#1985=DIRECTION('',(-0.999999999,0.000049586,0.));
#1986=AXIS2_PLACEMENT_3D('',#1983,#1984,#1985);
#1987=PLANE('',#1986);
#1988=CARTESIAN_POINT('',(61.471601629,16.896222325,-0.2));
#1989=DIRECTION('',(0.000035063,0.70710678,0.707106781));
#1990=VECTOR('',#1989,0.848528137);
#1991=LINE('',#1988,#1990);
#1992=EDGE_CURVE('',#1164,#1291,#1991,.T.);
#1993=ORIENTED_EDGE('',*,*,#1992,.F.);
#1994=ORIENTED_EDGE('',*,*,#1169,.F.);
#1995=CARTESIAN_POINT('',(-63.528326702,17.502420599,0.4));
#1996=DIRECTION('',(-0.000035063,-0.70710678,-0.707106781));
#1997=VECTOR('',#1996,0.848528137);
#1998=LINE('',#1995,#1997);
#1999=EDGE_CURVE('',#1273,#1155,#1998,.T.);
#2000=ORIENTED_EDGE('',*,*,#1999,.F.);
#2001=ORIENTED_EDGE('',*,*,#1302,.F.);
#2002=EDGE_LOOP('',(#1993,#1994,#2000,#2001));
#2003=FACE_BOUND('',#2002,.T.);
#2004=ADVANCED_FACE('',(#2003),#1987,.T.);
#2005=CARTESIAN_POINT('',(-63.528574633,12.502420605,-0.2));
#2006=DIRECTION('',(0.,0.,1.));
#2007=DIRECTION('',(1.,0.,-0.));
#2008=AXIS2_PLACEMENT_3D('',#2005,#2006,#2007);
#2009=CONICAL_SURFACE('',#2008,4.4,45.);
#2010=ORIENTED_EDGE('',*,*,#1999,.T.);
#2011=ORIENTED_EDGE('',*,*,#1161,.F.);
#2012=CARTESIAN_POINT('',(-68.528574627,12.502668536,0.4));
#2013=DIRECTION('',(0.70710678,-0.000035063,-0.707106781));
#2014=VECTOR('',#2013,0.848528137);
#2015=LINE('',#2012,#2014);
#2016=EDGE_CURVE('',#1097,#1147,#2015,.T.);
#2017=ORIENTED_EDGE('',*,*,#2016,.F.);
#2018=ORIENTED_EDGE('',*,*,#1702,.F.);
#2019=EDGE_LOOP('',(#2010,#2011,#2017,#2018));
#2020=FACE_BOUND('',#2019,.T.);
#2021=ADVANCED_FACE('',(#2020),#2009,.T.);
#2022=CARTESIAN_POINT('',(61.471383449,12.49622233,-0.2));
#2023=DIRECTION('',(0.,0.,1.));
#2024=DIRECTION('',(1.,0.,-0.));
#2025=AXIS2_PLACEMENT_3D('',#2022,#2023,#2024);
#2026=CONICAL_SURFACE('',#2025,4.4,45.);
#2027=ORIENTED_EDGE('',*,*,#1992,.T.);
#2028=ORIENTED_EDGE('',*,*,#1654,.F.);
#2029=CARTESIAN_POINT('',(65.871383444,12.496004151,-0.2));
#2030=DIRECTION('',(0.70710678,-0.000035063,0.707106781));
#2031=VECTOR('',#2030,0.848528137);
#2032=LINE('',#2029,#2031);
#2033=EDGE_CURVE('',#1172,#659,#2032,.T.);
#2034=ORIENTED_EDGE('',*,*,#2033,.F.);
#2035=ORIENTED_EDGE('',*,*,#1178,.F.);
#2036=EDGE_LOOP('',(#2027,#2028,#2034,#2035));
#2037=FACE_BOUND('',#2036,.T.);
#2038=ADVANCED_FACE('',(#2037),#2026,.T.);
#2039=CARTESIAN_POINT('',(-68.528326696,17.50266853,0.4));
#2040=DIRECTION('',(0.70710678,-0.000035063,0.707106781));
#2041=DIRECTION('',(-0.000049586,-0.999999999,-0.));
#2042=AXIS2_PLACEMENT_3D('',#2039,#2040,#2041);
#2043=PLANE('',#2042);
#2044=ORIENTED_EDGE('',*,*,#2016,.T.);
#2045=ORIENTED_EDGE('',*,*,#1152,.F.);
#2046=CARTESIAN_POINT('',(-68.529814282,-12.497331433,0.4));
#2047=DIRECTION('',(0.70710678,-0.000035063,-0.707106781));
#2048=VECTOR('',#2047,0.848528137);
#2049=LINE('',#2046,#2048);
#2050=EDGE_CURVE('',#1079,#1138,#2049,.T.);
#2051=ORIENTED_EDGE('',*,*,#2050,.F.);
#2052=ORIENTED_EDGE('',*,*,#1108,.F.);
#2053=EDGE_LOOP('',(#2044,#2045,#2051,#2052));
#2054=FACE_BOUND('',#2053,.T.);
#2055=ADVANCED_FACE('',(#2054),#2043,.F.);
#2056=CARTESIAN_POINT('',(65.871631375,17.496004145,-0.2));
#2057=DIRECTION('',(-0.70710678,0.000035063,0.707106781));
#2058=DIRECTION('',(-0.000049586,-0.999999999,0.));
#2059=AXIS2_PLACEMENT_3D('',#2056,#2057,#2058);
#2060=PLANE('',#2059);
#2061=ORIENTED_EDGE('',*,*,#2033,.T.);
#2062=ORIENTED_EDGE('',*,*,#711,.F.);
#2063=CARTESIAN_POINT('',(65.870143789,-12.503995818,-0.2));
#2064=DIRECTION('',(0.70710678,-0.000035063,0.707106781));
#2065=VECTOR('',#2064,0.848528137);
#2066=LINE('',#2063,#2065);
#2067=EDGE_CURVE('',#1119,#700,#2066,.T.);
#2068=ORIENTED_EDGE('',*,*,#2067,.F.);
#2069=ORIENTED_EDGE('',*,*,#1184,.F.);
#2070=EDGE_LOOP('',(#2061,#2062,#2068,#2069));
#2071=FACE_BOUND('',#2070,.T.);
#2072=ADVANCED_FACE('',(#2071),#2060,.F.);
#2073=CARTESIAN_POINT('',(-63.529814289,-12.497579364,-0.2));
#2074=DIRECTION('',(0.,0.,1.));
#2075=DIRECTION('',(1.,0.,-0.));
#2076=AXIS2_PLACEMENT_3D('',#2073,#2074,#2075);
#2077=CONICAL_SURFACE('',#2076,4.4,45.);
#2078=ORIENTED_EDGE('',*,*,#2050,.T.);
#2079=ORIENTED_EDGE('',*,*,#1144,.F.);
#2080=CARTESIAN_POINT('',(-63.53006222,-17.497579358,0.4));
#2081=DIRECTION('',(0.000035063,0.70710678,-0.707106781));
#2082=VECTOR('',#2081,0.848528137);
#2083=LINE('',#2080,#2082);
#2084=EDGE_CURVE('',#1331,#1130,#2083,.T.);
#2085=ORIENTED_EDGE('',*,*,#2084,.F.);
#2086=ORIENTED_EDGE('',*,*,#1726,.F.);
#2087=EDGE_LOOP('',(#2078,#2079,#2085,#2086));
#2088=FACE_BOUND('',#2087,.T.);
#2089=ADVANCED_FACE('',(#2088),#2077,.T.);
#2090=CARTESIAN_POINT('',(61.470143794,-12.503777639,-0.2));
#2091=DIRECTION('',(0.,0.,1.));
#2092=DIRECTION('',(1.,0.,-0.));
#2093=AXIS2_PLACEMENT_3D('',#2090,#2091,#2092);
#2094=CONICAL_SURFACE('',#2093,4.4,45.);
#2095=ORIENTED_EDGE('',*,*,#2067,.T.);
#2096=ORIENTED_EDGE('',*,*,#1678,.F.);
#2097=CARTESIAN_POINT('',(61.469925615,-16.903777633,-0.2));
#2098=DIRECTION('',(-0.000035063,-0.70710678,0.707106781));
#2099=VECTOR('',#2098,0.848528137);
#2100=LINE('',#2097,#2099);
#2101=EDGE_CURVE('',#1121,#1313,#2100,.T.);
#2102=ORIENTED_EDGE('',*,*,#2101,.F.);
#2103=ORIENTED_EDGE('',*,*,#1127,.F.);
#2104=EDGE_LOOP('',(#2095,#2096,#2102,#2103));
#2105=FACE_BOUND('',#2104,.T.);
#2106=ADVANCED_FACE('',(#2105),#2094,.T.);
#2107=CARTESIAN_POINT('',(-0.000867795,-17.50072953,0.4));
#2108=DIRECTION('',(0.000035063,0.70710678,0.707106781));
#2109=DIRECTION('',(0.999999999,-0.000049586,-0.));
#2110=AXIS2_PLACEMENT_3D('',#2107,#2108,#2109);
#2111=PLANE('',#2110);
#2112=ORIENTED_EDGE('',*,*,#2084,.T.);
#2113=ORIENTED_EDGE('',*,*,#1135,.F.);
#2114=ORIENTED_EDGE('',*,*,#2101,.T.);
#2115=ORIENTED_EDGE('',*,*,#1342,.F.);
#2116=EDGE_LOOP('',(#2112,#2113,#2114,#2115));
#2117=FACE_BOUND('',#2116,.T.);
#2118=ADVANCED_FACE('',(#2117),#2111,.F.);
#2119=CARTESIAN_POINT('',(66.471631374,17.495974393,8.2));
#2120=DIRECTION('',(-0.70710678,0.000035063,-0.707106781));
#2121=DIRECTION('',(-0.000049586,-0.999999999,-0.));
#2122=AXIS2_PLACEMENT_3D('',#2119,#2120,#2121);
#2123=PLANE('',#2122);
#2124=ORIENTED_EDGE('',*,*,#1759,.F.);
#2125=ORIENTED_EDGE('',*,*,#962,.F.);
#2126=CARTESIAN_POINT('',(66.470143788,-12.50402557,8.2));
#2127=DIRECTION('',(-0.70710678,0.000035063,0.707106781));
#2128=VECTOR('',#2127,0.848528137);
#2129=LINE('',#2126,#2128);
#2130=EDGE_CURVE('',#692,#948,#2129,.T.);
#2131=ORIENTED_EDGE('',*,*,#2130,.F.);
#2132=ORIENTED_EDGE('',*,*,#697,.F.);
#2133=EDGE_LOOP('',(#2124,#2125,#2131,#2132));
#2134=FACE_BOUND('',#2133,.T.);
#2135=ADVANCED_FACE('',(#2134),#2123,.F.);
#2136=CARTESIAN_POINT('',(61.470143794,-12.503777639,8.8));
#2137=DIRECTION('',(0.,0.,-1.));
#2138=DIRECTION('',(-1.,0.,0.));
#2139=AXIS2_PLACEMENT_3D('',#2136,#2137,#2138);
#2140=CONICAL_SURFACE('',#2139,4.4,45.);
#2141=ORIENTED_EDGE('',*,*,#2130,.T.);
#2142=ORIENTED_EDGE('',*,*,#954,.F.);
#2143=CARTESIAN_POINT('',(61.469895863,-17.503777633,8.2));
#2144=DIRECTION('',(0.000035063,0.70710678,0.707106781));
#2145=VECTOR('',#2144,0.848528137);
#2146=LINE('',#2143,#2145);
#2147=EDGE_CURVE('',#1315,#940,#2146,.T.);
#2148=ORIENTED_EDGE('',*,*,#2147,.F.);
#2149=ORIENTED_EDGE('',*,*,#1670,.F.);
#2150=EDGE_LOOP('',(#2141,#2142,#2148,#2149));
#2151=FACE_BOUND('',#2150,.T.);
#2152=ADVANCED_FACE('',(#2151),#2140,.T.);
#2153=CARTESIAN_POINT('',(-0.000867795,-17.50072953,8.2));
#2154=DIRECTION('',(0.000035063,0.70710678,-0.707106781));
#2155=DIRECTION('',(-0.999999999,0.000049586,0.));
#2156=AXIS2_PLACEMENT_3D('',#2153,#2154,#2155);
#2157=PLANE('',#2156);
#2158=ORIENTED_EDGE('',*,*,#2147,.T.);
#2159=ORIENTED_EDGE('',*,*,#945,.F.);
#2160=CARTESIAN_POINT('',(-63.53006222,-17.497579358,8.2));
#2161=DIRECTION('',(0.000035063,0.70710678,0.707106781));
#2162=VECTOR('',#2161,0.848528137);
#2163=LINE('',#2160,#2162);
#2164=EDGE_CURVE('',#1323,#931,#2163,.T.);
#2165=ORIENTED_EDGE('',*,*,#2164,.F.);
#2166=ORIENTED_EDGE('',*,*,#1328,.F.);
#2167=EDGE_LOOP('',(#2158,#2159,#2165,#2166));
#2168=FACE_BOUND('',#2167,.T.);
#2169=ADVANCED_FACE('',(#2168),#2157,.F.);
#2170=CARTESIAN_POINT('',(-63.529814289,-12.497579364,8.8));
#2171=DIRECTION('',(0.,0.,-1.));
#2172=DIRECTION('',(-1.,0.,0.));
#2173=AXIS2_PLACEMENT_3D('',#2170,#2171,#2172);
#2174=CONICAL_SURFACE('',#2173,4.4,45.);
#2175=ORIENTED_EDGE('',*,*,#2164,.T.);
#2176=ORIENTED_EDGE('',*,*,#937,.F.);
#2177=CARTESIAN_POINT('',(-68.529814282,-12.497331433,8.2));
#2178=DIRECTION('',(0.70710678,-0.000035063,0.707106781));
#2179=VECTOR('',#2178,0.848528137);
#2180=LINE('',#2177,#2179);
#2181=EDGE_CURVE('',#1081,#923,#2180,.T.);
#2182=ORIENTED_EDGE('',*,*,#2181,.F.);
#2183=ORIENTED_EDGE('',*,*,#1718,.F.);
#2184=EDGE_LOOP('',(#2175,#2176,#2182,#2183));
#2185=FACE_BOUND('',#2184,.T.);
#2186=ADVANCED_FACE('',(#2185),#2174,.T.);
#2187=CARTESIAN_POINT('',(-67.928326697,17.502638779,8.8));
#2188=DIRECTION('',(0.70710678,-0.000035063,-0.707106781));
#2189=DIRECTION('',(-0.000049586,-0.999999999,0.));
#2190=AXIS2_PLACEMENT_3D('',#2187,#2188,#2189);
#2191=PLANE('',#2190);
#2192=ORIENTED_EDGE('',*,*,#2181,.T.);
#2193=ORIENTED_EDGE('',*,*,#928,.F.);
#2194=CARTESIAN_POINT('',(-68.528574627,12.502668536,8.2));
#2195=DIRECTION('',(0.70710678,-0.000035063,0.707106781));
#2196=VECTOR('',#2195,0.848528137);
#2197=LINE('',#2194,#2196);
#2198=EDGE_CURVE('',#1089,#914,#2197,.T.);
#2199=ORIENTED_EDGE('',*,*,#2198,.F.);
#2200=ORIENTED_EDGE('',*,*,#1094,.F.);
#2201=EDGE_LOOP('',(#2192,#2193,#2199,#2200));
#2202=FACE_BOUND('',#2201,.T.);
#2203=ADVANCED_FACE('',(#2202),#2191,.F.);
#2204=CARTESIAN_POINT('',(-63.528574633,12.502420605,8.8));
#2205=DIRECTION('',(0.,0.,-1.));
#2206=DIRECTION('',(-1.,0.,0.));
#2207=AXIS2_PLACEMENT_3D('',#2204,#2205,#2206);
#2208=CONICAL_SURFACE('',#2207,4.4,45.);
#2209=ORIENTED_EDGE('',*,*,#2198,.T.);
#2210=ORIENTED_EDGE('',*,*,#920,.F.);
#2211=CARTESIAN_POINT('',(-63.528326702,17.502420599,8.2));
#2212=DIRECTION('',(-0.000035063,-0.70710678,0.707106781));
#2213=VECTOR('',#2212,0.848528137);
#2214=LINE('',#2211,#2213);
#2215=EDGE_CURVE('',#1275,#906,#2214,.T.);
#2216=ORIENTED_EDGE('',*,*,#2215,.F.);
#2217=ORIENTED_EDGE('',*,*,#1694,.F.);
#2218=EDGE_LOOP('',(#2209,#2210,#2216,#2217));
#2219=FACE_BOUND('',#2218,.T.);
#2220=ADVANCED_FACE('',(#2219),#2208,.T.);
#2221=CARTESIAN_POINT('',(-2.528377411,16.899395842,8.8));
#2222=DIRECTION('',(0.000035063,0.70710678,0.707106781));
#2223=DIRECTION('',(0.999999999,-0.000049586,0.));
#2224=AXIS2_PLACEMENT_3D('',#2221,#2222,#2223);
#2225=PLANE('',#2224);
#2226=ORIENTED_EDGE('',*,*,#2215,.T.);
#2227=ORIENTED_EDGE('',*,*,#911,.F.);
#2228=CARTESIAN_POINT('',(61.47163138,17.496222324,8.2));
#2229=DIRECTION('',(-0.000035063,-0.70710678,0.707106781));
#2230=VECTOR('',#2229,0.848528137);
#2231=LINE('',#2228,#2230);
#2232=EDGE_CURVE('',#1283,#897,#2231,.T.);
#2233=ORIENTED_EDGE('',*,*,#2232,.F.);
#2234=ORIENTED_EDGE('',*,*,#1288,.F.);
#2235=EDGE_LOOP('',(#2226,#2227,#2233,#2234));
#2236=FACE_BOUND('',#2235,.T.);
#2237=ADVANCED_FACE('',(#2236),#2225,.T.);
#2238=CARTESIAN_POINT('',(61.471383449,12.49622233,8.8));
#2239=DIRECTION('',(0.,0.,-1.));
#2240=DIRECTION('',(-1.,0.,0.));
#2241=AXIS2_PLACEMENT_3D('',#2238,#2239,#2240);
#2242=CONICAL_SURFACE('',#2241,4.4,45.);
#2243=ORIENTED_EDGE('',*,*,#2232,.T.);
#2244=ORIENTED_EDGE('',*,*,#903,.F.);
#2245=CARTESIAN_POINT('',(66.471383443,12.495974399,8.2));
#2246=DIRECTION('',(-0.70710678,0.000035063,0.707106781));
#2247=VECTOR('',#2246,0.848528137);
#2248=LINE('',#2245,#2247);
#2249=EDGE_CURVE('',#661,#889,#2248,.T.);
#2250=ORIENTED_EDGE('',*,*,#2249,.F.);
#2251=ORIENTED_EDGE('',*,*,#1646,.F.);
#2252=EDGE_LOOP('',(#2243,#2244,#2250,#2251));
#2253=FACE_BOUND('',#2252,.T.);
#2254=ADVANCED_FACE('',(#2253),#2242,.T.);
#2255=CARTESIAN_POINT('',(66.471631374,17.495974393,8.2));
#2256=DIRECTION('',(-0.70710678,0.000035063,-0.707106781));
#2257=DIRECTION('',(-0.000049586,-0.999999999,-0.));
#2258=AXIS2_PLACEMENT_3D('',#2255,#2256,#2257);
#2259=PLANE('',#2258);
#2260=ORIENTED_EDGE('',*,*,#2249,.T.);
#2261=ORIENTED_EDGE('',*,*,#894,.F.);
#2262=ORIENTED_EDGE('',*,*,#1741,.F.);
#2263=ORIENTED_EDGE('',*,*,#674,.F.);
#2264=EDGE_LOOP('',(#2260,#2261,#2262,#2263));
#2265=FACE_BOUND('',#2264,.T.);
#2266=ADVANCED_FACE('',(#2265),#2259,.F.);
#2267=CARTESIAN_POINT('',(-62.528326696,0.,7.2));
#2268=DIRECTION('',(-1.,0.,0.));
#2269=DIRECTION('',(0.,0.,1.));
#2270=AXIS2_PLACEMENT_3D('',#2267,#2268,#2269);
#2271=PLANE('',#2270);
#2272=ORIENTED_EDGE('',*,*,#727,.T.);
#2273=ORIENTED_EDGE('',*,*,#432,.F.);
#2274=CARTESIAN_POINT('',(-62.528326696,-12.75,7.2));
#2275=DIRECTION('',(0.,1.,0.));
#2276=VECTOR('',#2275,25.5);
#2277=LINE('',#2274,#2276);
#2278=EDGE_CURVE('',#1048,#419,#2277,.T.);
#2279=ORIENTED_EDGE('',*,*,#2278,.F.);
#2280=ORIENTED_EDGE('',*,*,#1053,.T.);
#2281=EDGE_LOOP('',(#2272,#2273,#2279,#2280));
#2282=FACE_BOUND('',#2281,.T.);
#2283=ADVANCED_FACE('',(#2282),#2271,.F.);
#2284=CARTESIAN_POINT('',(0.,0.,7.2));
#2285=DIRECTION('',(0.,0.,1.));
#2286=DIRECTION('',(1.,0.,0.));
#2287=AXIS2_PLACEMENT_3D('',#2284,#2285,#2286);
#2288=PLANE('',#2287);
#2289=ORIENTED_EDGE('',*,*,#424,.F.);
#2290=ORIENTED_EDGE('',*,*,#606,.T.);
#2291=ORIENTED_EDGE('',*,*,#520,.F.);
#2292=ORIENTED_EDGE('',*,*,#632,.T.);
#2293=ORIENTED_EDGE('',*,*,#1059,.F.);
#2294=ORIENTED_EDGE('',*,*,#2278,.T.);
#2295=EDGE_LOOP('',(#2289,#2290,#2291,#2292,#2293,#2294));
#2296=FACE_BOUND('',#2295,.T.);
#2297=ADVANCED_FACE('',(#2296),#2288,.T.);
#2298=CARTESIAN_POINT('',(46.,10.,7.2));
#2299=DIRECTION('',(0.,1.,0.));
#2300=DIRECTION('',(0.,0.,1.));
#2301=AXIS2_PLACEMENT_3D('',#2298,#2299,#2300);
#2302=PLANE('',#2301);
#2303=ORIENTED_EDGE('',*,*,#311,.T.);
#2304=ORIENTED_EDGE('',*,*,#273,.F.);
#2305=CARTESIAN_POINT('',(30.,10.,7.2));
#2306=DIRECTION('',(1.,0.,-0.));
#2307=VECTOR('',#2306,31.75);
#2308=LINE('',#2305,#2307);
#2309=EDGE_CURVE('',#1493,#260,#2308,.T.);
#2310=ORIENTED_EDGE('',*,*,#2309,.F.);
#2311=ORIENTED_EDGE('',*,*,#1498,.T.);
#2312=EDGE_LOOP('',(#2303,#2304,#2310,#2311));
#2313=FACE_BOUND('',#2312,.T.);
#2314=ADVANCED_FACE('',(#2313),#2302,.F.);
#2315=CARTESIAN_POINT('',(0.,0.,7.2));
#2316=DIRECTION('',(0.,0.,1.));
#2317=DIRECTION('',(1.,0.,0.));
#2318=AXIS2_PLACEMENT_3D('',#2315,#2316,#2317);
#2319=PLANE('',#2318);
#2320=ORIENTED_EDGE('',*,*,#265,.F.);
#2321=ORIENTED_EDGE('',*,*,#582,.T.);
#2322=ORIENTED_EDGE('',*,*,#384,.F.);
#2323=ORIENTED_EDGE('',*,*,#1504,.T.);
#2324=ORIENTED_EDGE('',*,*,#2309,.T.);
#2325=EDGE_LOOP('',(#2320,#2321,#2322,#2323,#2324));
#2326=FACE_BOUND('',#2325,.T.);
#2327=ADVANCED_FACE('',(#2326),#2319,.T.);
#2328=CARTESIAN_POINT('',(46.,-10.,7.2));
#2329=DIRECTION('',(0.,1.,0.));
#2330=DIRECTION('',(0.,0.,1.));
#2331=AXIS2_PLACEMENT_3D('',#2328,#2329,#2330);
#2332=PLANE('',#2331);
#2333=ORIENTED_EDGE('',*,*,#327,.F.);
#2334=ORIENTED_EDGE('',*,*,#1544,.F.);
#2335=CARTESIAN_POINT('',(30.,-10.,7.2));
#2336=DIRECTION('',(1.,0.,-0.));
#2337=VECTOR('',#2336,31.75);
#2338=LINE('',#2335,#2337);
#2339=EDGE_CURVE('',#1533,#1353,#2338,.T.);
#2340=ORIENTED_EDGE('',*,*,#2339,.T.);
#2341=ORIENTED_EDGE('',*,*,#1358,.T.);
#2342=EDGE_LOOP('',(#2333,#2334,#2340,#2341));
#2343=FACE_BOUND('',#2342,.T.);
#2344=ADVANCED_FACE('',(#2343),#2332,.T.);
#2345=CARTESIAN_POINT('',(0.,0.,7.2));
#2346=DIRECTION('',(0.,0.,1.));
#2347=DIRECTION('',(1.,0.,0.));
#2348=AXIS2_PLACEMENT_3D('',#2345,#2346,#2347);
#2349=PLANE('',#2348);
#2350=ORIENTED_EDGE('',*,*,#1364,.F.);
#2351=ORIENTED_EDGE('',*,*,#2339,.F.);
#2352=ORIENTED_EDGE('',*,*,#1538,.F.);
#2353=ORIENTED_EDGE('',*,*,#480,.F.);
#2354=ORIENTED_EDGE('',*,*,#551,.T.);
#2355=EDGE_LOOP('',(#2350,#2351,#2352,#2353,#2354));
#2356=FACE_BOUND('',#2355,.T.);
#2357=ADVANCED_FACE('',(#2356),#2349,.T.);
#2358=CARTESIAN_POINT('',(61.930411923,-14.700745815,5.8));
#2359=DIRECTION('',(0.,0.,1.));
#2360=DIRECTION('',(1.,0.,-0.));
#2361=AXIS2_PLACEMENT_3D('',#2358,#2359,#2360);
#2362=CYLINDRICAL_SURFACE('',#2361,1.45);
#2363=CARTESIAN_POINT('',(63.380411923,-14.700745815,5.8));
#2364=VERTEX_POINT('',#2363);
#2365=CARTESIAN_POINT('',(63.380411923,-14.700745815,8.8));
#2366=DIRECTION('',(-0.,-0.,-1.));
#2367=VECTOR('',#2366,3.);
#2368=LINE('',#2365,#2367);
#2369=EDGE_CURVE('',#870,#2364,#2368,.T.);
#2370=ORIENTED_EDGE('',*,*,#2369,.F.);
#2371=ORIENTED_EDGE('',*,*,#876,.T.);
#2372=ORIENTED_EDGE('',*,*,#2369,.T.);
#2373=CARTESIAN_POINT('',(61.930411923,-14.700745815,5.8));
#2374=DIRECTION('',(0.,0.,1.));
#2375=DIRECTION('',(1.,0.,-0.));
#2376=AXIS2_PLACEMENT_3D('',#2373,#2374,#2375);
#2377=CIRCLE('',#2376,1.45);
#2378=EDGE_CURVE('',#2364,#2364,#2377,.T.);
#2379=ORIENTED_EDGE('',*,*,#2378,.F.);
#2380=EDGE_LOOP('',(#2370,#2371,#2372,#2379));
#2381=FACE_BOUND('',#2380,.T.);
#2382=ADVANCED_FACE('',(#2381),#2362,.F.);
#2383=COLOUR_RGB('',0.494117647,0.494117647,0.525490224);
#2384=FILL_AREA_STYLE_COLOUR('',#2383);
#2385=FILL_AREA_STYLE('',(#2384));
#2386=SURFACE_STYLE_FILL_AREA(#2385);
#2387=SURFACE_SIDE_STYLE('',(#2386));
#2388=SURFACE_STYLE_USAGE(.BOTH.,#2387);
#2389=PRESENTATION_STYLE_ASSIGNMENT((#2388));
#2390=OVER_RIDING_STYLED_ITEM('',(#2389),#2382,#243);
#2391=CARTESIAN_POINT('',(0.,0.,5.8));
#2392=DIRECTION('',(0.,0.,1.));
#2393=DIRECTION('',(1.,0.,0.));
#2394=AXIS2_PLACEMENT_3D('',#2391,#2392,#2393);
#2395=PLANE('',#2394);
#2396=ORIENTED_EDGE('',*,*,#2378,.T.);
#2397=EDGE_LOOP('',(#2396));
#2398=FACE_BOUND('',#2397,.T.);
#2399=ADVANCED_FACE('',(#2398),#2395,.T.);
#2400=OVER_RIDING_STYLED_ITEM('',(#2389),#2399,#243);
#2401=CARTESIAN_POINT('',(61.930411923,14.699254185,5.8));
#2402=DIRECTION('',(0.,0.,1.));
#2403=DIRECTION('',(1.,0.,-0.));
#2404=AXIS2_PLACEMENT_3D('',#2401,#2402,#2403);
#2405=CYLINDRICAL_SURFACE('',#2404,1.45);
#2406=CARTESIAN_POINT('',(63.380411923,14.699254185,5.8));
#2407=VERTEX_POINT('',#2406);
#2408=CARTESIAN_POINT('',(63.380411923,14.699254185,8.8));
#2409=DIRECTION('',(-0.,-0.,-1.));
#2410=VECTOR('',#2409,3.);
#2411=LINE('',#2408,#2410);
#2412=EDGE_CURVE('',#859,#2407,#2411,.T.);
#2413=ORIENTED_EDGE('',*,*,#2412,.F.);
#2414=ORIENTED_EDGE('',*,*,#865,.T.);
#2415=ORIENTED_EDGE('',*,*,#2412,.T.);
#2416=CARTESIAN_POINT('',(61.930411923,14.699254185,5.8));
#2417=DIRECTION('',(0.,0.,1.));
#2418=DIRECTION('',(1.,0.,-0.));
#2419=AXIS2_PLACEMENT_3D('',#2416,#2417,#2418);
#2420=CIRCLE('',#2419,1.45);
#2421=EDGE_CURVE('',#2407,#2407,#2420,.T.);
#2422=ORIENTED_EDGE('',*,*,#2421,.F.);
#2423=EDGE_LOOP('',(#2413,#2414,#2415,#2422));
#2424=FACE_BOUND('',#2423,.T.);
#2425=ADVANCED_FACE('',(#2424),#2405,.F.);
#2426=OVER_RIDING_STYLED_ITEM('',(#2389),#2425,#243);
#2427=CARTESIAN_POINT('',(0.,0.,5.8));
#2428=DIRECTION('',(0.,0.,1.));
#2429=DIRECTION('',(1.,0.,0.));
#2430=AXIS2_PLACEMENT_3D('',#2427,#2428,#2429);
#2431=PLANE('',#2430);
#2432=ORIENTED_EDGE('',*,*,#2421,.T.);
#2433=EDGE_LOOP('',(#2432));
#2434=FACE_BOUND('',#2433,.T.);
#2435=ADVANCED_FACE('',(#2434),#2431,.T.);
#2436=OVER_RIDING_STYLED_ITEM('',(#2389),#2435,#243);
#2437=CARTESIAN_POINT('',(-63.869588077,-14.700745815,5.8));
#2438=DIRECTION('',(0.,0.,1.));
#2439=DIRECTION('',(1.,0.,-0.));
#2440=AXIS2_PLACEMENT_3D('',#2437,#2438,#2439);
#2441=CYLINDRICAL_SURFACE('',#2440,1.45);
#2442=CARTESIAN_POINT('',(-62.419588077,-14.700745815,5.8));
#2443=VERTEX_POINT('',#2442);
#2444=CARTESIAN_POINT('',(-62.419588077,-14.700745815,8.8));
#2445=DIRECTION('',(-0.,-0.,-1.));
#2446=VECTOR('',#2445,3.);
#2447=LINE('',#2444,#2446);
#2448=EDGE_CURVE('',#848,#2443,#2447,.T.);
#2449=ORIENTED_EDGE('',*,*,#2448,.F.);
#2450=ORIENTED_EDGE('',*,*,#854,.T.);
#2451=ORIENTED_EDGE('',*,*,#2448,.T.);
#2452=CARTESIAN_POINT('',(-63.869588077,-14.700745815,5.8));
#2453=DIRECTION('',(0.,0.,1.));
#2454=DIRECTION('',(1.,0.,-0.));
#2455=AXIS2_PLACEMENT_3D('',#2452,#2453,#2454);
#2456=CIRCLE('',#2455,1.45);
#2457=EDGE_CURVE('',#2443,#2443,#2456,.T.);
#2458=ORIENTED_EDGE('',*,*,#2457,.F.);
#2459=EDGE_LOOP('',(#2449,#2450,#2451,#2458));
#2460=FACE_BOUND('',#2459,.T.);
#2461=ADVANCED_FACE('',(#2460),#2441,.F.);
#2462=OVER_RIDING_STYLED_ITEM('',(#2389),#2461,#243);
#2463=CARTESIAN_POINT('',(0.,0.,5.8));
#2464=DIRECTION('',(0.,0.,1.));
#2465=DIRECTION('',(1.,0.,0.));
#2466=AXIS2_PLACEMENT_3D('',#2463,#2464,#2465);
#2467=PLANE('',#2466);
#2468=ORIENTED_EDGE('',*,*,#2457,.T.);
#2469=EDGE_LOOP('',(#2468));
#2470=FACE_BOUND('',#2469,.T.);
#2471=ADVANCED_FACE('',(#2470),#2467,.T.);
#2472=OVER_RIDING_STYLED_ITEM('',(#2389),#2471,#243);
#2473=CARTESIAN_POINT('',(-63.869588077,14.699254185,5.8));
#2474=DIRECTION('',(0.,0.,1.));
#2475=DIRECTION('',(1.,0.,-0.));
#2476=AXIS2_PLACEMENT_3D('',#2473,#2474,#2475);
#2477=CYLINDRICAL_SURFACE('',#2476,1.45);
#2478=CARTESIAN_POINT('',(-62.419588077,14.699254185,5.8));
#2479=VERTEX_POINT('',#2478);
#2480=CARTESIAN_POINT('',(-62.419588077,14.699254185,8.8));
#2481=DIRECTION('',(-0.,-0.,-1.));
#2482=VECTOR('',#2481,3.);
#2483=LINE('',#2480,#2482);
#2484=EDGE_CURVE('',#837,#2479,#2483,.T.);
#2485=ORIENTED_EDGE('',*,*,#2484,.F.);
#2486=ORIENTED_EDGE('',*,*,#843,.T.);
#2487=ORIENTED_EDGE('',*,*,#2484,.T.);
#2488=CARTESIAN_POINT('',(-63.869588077,14.699254185,5.8));
#2489=DIRECTION('',(0.,0.,1.));
#2490=DIRECTION('',(1.,0.,-0.));
#2491=AXIS2_PLACEMENT_3D('',#2488,#2489,#2490);
#2492=CIRCLE('',#2491,1.45);
#2493=EDGE_CURVE('',#2479,#2479,#2492,.T.);
#2494=ORIENTED_EDGE('',*,*,#2493,.F.);
#2495=EDGE_LOOP('',(#2485,#2486,#2487,#2494));
#2496=FACE_BOUND('',#2495,.T.);
#2497=ADVANCED_FACE('',(#2496),#2477,.F.);
#2498=OVER_RIDING_STYLED_ITEM('',(#2389),#2497,#243);
#2499=CARTESIAN_POINT('',(0.,0.,5.8));
#2500=DIRECTION('',(0.,0.,1.));
#2501=DIRECTION('',(1.,0.,0.));
#2502=AXIS2_PLACEMENT_3D('',#2499,#2500,#2501);
#2503=PLANE('',#2502);
#2504=ORIENTED_EDGE('',*,*,#2493,.T.);
#2505=EDGE_LOOP('',(#2504));
#2506=FACE_BOUND('',#2505,.T.);
#2507=ADVANCED_FACE('',(#2506),#2503,.T.);
#2508=OVER_RIDING_STYLED_ITEM('',(#2389),#2507,#243);
#2509=CLOSED_SHELL('',(#299,#362,#402,#458,#498,#538,#571,#595,#619,#652,#715,#830,#1041,#1072,#1112,#1266,#1306,#1346,#1377,#1408,#1432,#1456,#1473,#1485,#1548,#1579,
#1605,#1622,#1634,#1658,#1682,#1706,#1730,#1748,#1766,#1778,#1800,#1817,#1834,#1846,#1871,#1880,#1905,#1914,#1939,#1948,#1973,#1982,#2004,#2021,#2038,
#2055,#2072,#2089,#2106,#2118,#2135,#2152,#2169,#2186,#2203,#2220,#2237,#2254,#2266,#2283,#2297,#2314,#2327,#2344,#2357,#2382,#2399,#2425,#2435,#2461,
#2471,#2497,#2507));
#2510=MANIFOLD_SOLID_BREP('Bottom',#2509);
#2511=COLOUR_RGB('',0.929411769,0.909803927,0.858823538);
#2512=FILL_AREA_STYLE_COLOUR('',#2511);
#2513=FILL_AREA_STYLE('',(#2512));
#2514=SURFACE_STYLE_FILL_AREA(#2513);
#2515=SURFACE_SIDE_STYLE('',(#2514));
#2516=SURFACE_STYLE_USAGE(.BOTH.,#2515);
#2517=PRESENTATION_STYLE_ASSIGNMENT((#2516));
#243=STYLED_ITEM('',(#2517),#2510);
#224=SHAPE_REPRESENTATION('Bottom',(#15),#222);
#225=ADVANCED_BREP_SHAPE_REPRESENTATION('Bottom',(#2510),#222);
#2525=SHAPE_REPRESENTATION_RELATIONSHIP('','',#224,#225);
#2526=CARTESIAN_POINT('',(0.,0.,0.));
#2527=DIRECTION('',(0.,0.,1.));
#2528=DIRECTION('',(1.,0.,0.));
#2529=AXIS2_PLACEMENT_3D('',#2526,#2527,#2528);
#2531=MAPPED_ITEM('',#2530,#2529);
#2530=REPRESENTATION_MAP(#2529,#224);
#232=PRODUCT('Bottom','Bottom','',(#62));
#2532=PRODUCT_RELATED_PRODUCT_CATEGORY('part','',(#232));
#2533=PRODUCT_DEFINITION_FORMATION_WITH_SPECIFIED_SOURCE('','',#232,.NOT_KNOWN.);
#233=PRODUCT_DEFINITION('design','',#2533,#63);
#231=PRODUCT_DEFINITION_SHAPE('','',#233);
#2534=SHAPE_DEFINITION_REPRESENTATION(#231,#224);
#223=DRAUGHTING_MODEL('',(#2531),#222);
#16=SHAPE_REPRESENTATION('root',(#15,#48,#89,#200,#237),#10);
#2535=CARTESIAN_POINT('',(0.,0.,0.));
#2536=DIRECTION('',(0.,0.,1.));
#2537=DIRECTION('',(1.,0.,0.));
#2538=AXIS2_PLACEMENT_3D('',#2535,#2536,#2537);
#2540=MAPPED_ITEM('',#2539,#2538);
#2539=REPRESENTATION_MAP(#2538,#16);
#24=PRODUCT('root','root','',(#62));
#2541=PRODUCT_RELATED_PRODUCT_CATEGORY('part','',(#24));
#2542=PRODUCT_DEFINITION_FORMATION_WITH_SPECIFIED_SOURCE('','',#24,.NOT_KNOWN.);
#25=PRODUCT_DEFINITION('design','',#2542,#63);
#23=PRODUCT_DEFINITION_SHAPE('','',#25);
#2543=SHAPE_DEFINITION_REPRESENTATION(#23,#16);
#11=DRAUGHTING_MODEL('',(#2540),#10);
#2544=DESCRIPTIVE_REPRESENTATION_ITEM('KEY','/Users/koichiro.amito/Library/Containers/com.shapr3d.shapr/Data/tmp/F28371E0-AA2C-40CE-A948-4B5CE05BD300.tmp');
#2545=PROPERTY_DEFINITION('KEY','',#25);
#2546=REPRESENTATION('',(#2544),#10);
#2547=PROPERTY_DEFINITION_REPRESENTATION(#2545,#2546);
#2548=GENERAL_PROPERTY('','KEY','');
#2549=GENERAL_PROPERTY_ASSOCIATION('','',#2548,#2545);
#1=MECHANICAL_DESIGN_GEOMETRIC_PRESENTATION_REPRESENTATION('',(#2390,#2400,#2426,#2436,#2462,#2472,#2498,#2508,#243),#10);
ENDSEC;
END-ISO-10303-21;
